t,link_count,changed,add_edges,del_edges
0,548,0,0,0
1,548,0,0,0
2,548,0,0,0
3,548,0,0,0
4,548,0,0,0
5,548,0,0,0
6,548,0,0,0
7,548,0,0,0
8,548,0,0,0
9,548,0,0,0
10,548,0,0,0
11,548,0,0,0
12,548,0,0,0
13,548,0,0,0
14,548,0,0,0
15,548,0,0,0
16,548,0,0,0
17,548,0,0,0
18,548,0,0,0
19,548,0,0,0
20,548,0,0,0
21,548,0,0,0
22,548,0,0,0
23,548,0,0,0
24,548,0,0,0
25,548,0,0,0
26,548,0,0,0
27,548,0,0,0
28,548,0,0,0
29,548,0,0,0
30,548,0,0,0
31,548,0,0,0
32,548,0,0,0
33,583,1,41,6
34,583,0,0,0
35,583,0,0,0
36,583,0,0,0
37,583,0,0,0
38,583,0,0,0
39,583,0,0,0
40,583,0,0,0
41,583,0,0,0
42,583,0,0,0
43,583,0,0,0
44,583,0,0,0
45,583,0,0,0
46,583,0,0,0
47,583,0,0,0
48,583,0,0,0
49,583,0,0,0
50,583,0,0,0
51,583,0,0,0
52,583,0,0,0
53,583,0,0,0
54,583,0,0,0
55,583,0,0,0
56,583,0,0,0
57,583,0,0,0
58,583,0,0,0
59,583,0,0,0
60,583,0,0,0
61,583,0,0,0
62,583,0,0,0
63,583,0,0,0
64,583,0,0,0
65,583,0,0,0
66,583,0,0,0
67,583,0,0,0
68,583,0,0,0
69,583,0,0,0
70,583,0,0,0
71,583,0,0,0
72,583,0,0,0
73,583,0,0,0
74,583,0,0,0
75,583,0,0,0
76,583,0,0,0
77,583,0,0,0
78,583,0,0,0
79,583,0,0,0
80,583,0,0,0
81,583,0,0,0
82,583,0,0,0
83,583,0,0,0
84,583,0,0,0
85,583,0,0,0
86,583,0,0,0
87,583,0,0,0
88,583,0,0,0
89,583,0,0,0
90,583,0,0,0
91,583,0,0,0
92,583,0,0,0
93,589,1,6,0
94,589,0,0,0
95,589,0,0,0
96,589,0,0,0
97,589,0,0,0
98,589,0,0,0
99,589,0,0,0
100,589,0,0,0
101,589,0,0,0
102,589,0,0,0
103,589,0,0,0
104,589,0,0,0
105,589,0,0,0
106,589,0,0,0
107,589,0,0,0
108,589,0,0,0
109,589,0,0,0
110,589,0,0,0
111,589,0,0,0
112,589,0,0,0
113,589,0,0,0
114,589,0,0,0
115,589,0,0,0
116,589,0,0,0
117,589,0,0,0
118,589,0,0,0
119,589,0,0,0
120,589,0,0,0
121,589,0,0,0
122,589,0,0,0
123,589,0,0,0
124,589,0,0,0
125,589,0,0,0
126,589,0,0,0
127,589,0,0,0
128,589,0,0,0
129,589,0,0,0
130,589,0,0,0
131,589,0,0,0
132,589,0,0,0
133,589,0,0,0
134,589,0,0,0
135,589,0,0,0
136,589,0,0,0
137,589,0,0,0
138,589,0,0,0
139,589,0,0,0
140,589,0,0,0
141,589,0,0,0
142,589,0,0,0
143,589,0,0,0
144,589,0,0,0
145,548,1,0,41
146,548,0,0,0
147,548,0,0,0
148,548,0,0,0
149,548,0,0,0
150,548,0,0,0
151,548,0,0,0
152,548,0,0,0
153,548,0,0,0
154,548,0,0,0
155,548,0,0,0
156,548,0,0,0
157,548,0,0,0
158,548,0,0,0
159,548,0,0,0
160,548,0,0,0
161,548,0,0,0
162,548,0,0,0
163,548,0,0,0
164,548,0,0,0
165,548,0,0,0
166,548,0,0,0
167,548,0,0,0
168,548,0,0,0
169,548,0,0,0
170,548,0,0,0
171,548,0,0,0
172,548,0,0,0
173,548,0,0,0
174,548,0,0,0
175,548,0,0,0
176,548,0,0,0
177,548,0,0,0
178,548,0,0,0
179,548,0,0,0
180,548,0,0,0
181,548,0,0,0
182,548,0,0,0
183,548,0,0,0
184,548,0,0,0
185,548,0,0,0
186,548,0,0,0
187,548,0,0,0
188,548,0,0,0
189,548,0,0,0
190,548,0,0,0
191,548,0,0,0
192,548,0,0,0
193,548,0,0,0
194,548,0,0,0
195,548,0,0,0
196,548,0,0,0
197,548,0,0,0
198,548,0,0,0
199,548,0,0,0
200,548,0,0,0
201,548,0,0,0
202,548,0,0,0
203,548,0,0,0
204,548,0,0,0
205,583,1,41,6
206,583,0,0,0
207,583,0,0,0
208,583,0,0,0
209,583,0,0,0
210,583,0,0,0
211,583,0,0,0
212,583,0,0,0
213,583,0,0,0
214,583,0,0,0
215,583,0,0,0
216,583,0,0,0
217,583,0,0,0
218,583,0,0,0
219,583,0,0,0
220,583,0,0,0
221,583,0,0,0
222,583,0,0,0
223,583,0,0,0
224,583,0,0,0
225,583,0,0,0
226,583,0,0,0
227,583,0,0,0
228,583,0,0,0
229,583,0,0,0
230,583,0,0,0
231,583,0,0,0
232,583,0,0,0
233,583,0,0,0
234,583,0,0,0
235,583,0,0,0
236,583,0,0,0
237,583,0,0,0
238,583,0,0,0
239,583,0,0,0
240,583,0,0,0
241,583,0,0,0
242,583,0,0,0
243,583,0,0,0
244,583,0,0,0
245,583,0,0,0
246,583,0,0,0
247,583,0,0,0
248,583,0,0,0
249,583,0,0,0
250,583,0,0,0
251,583,0,0,0
252,583,0,0,0
253,583,0,0,0
254,583,0,0,0
255,583,0,0,0
256,583,0,0,0
257,583,0,0,0
258,583,0,0,0
259,583,0,0,0
260,583,0,0,0
261,583,0,0,0
262,583,0,0,0
263,583,0,0,0
264,583,0,0,0
265,589,1,6,0
266,589,0,0,0
267,589,0,0,0
268,589,0,0,0
269,589,0,0,0
270,589,0,0,0
271,589,0,0,0
272,589,0,0,0
273,589,0,0,0
274,589,0,0,0
275,589,0,0,0
276,589,0,0,0
277,589,0,0,0
278,589,0,0,0
279,589,0,0,0
280,589,0,0,0
281,589,0,0,0
282,589,0,0,0
283,589,0,0,0
284,589,0,0,0
285,589,0,0,0
286,589,0,0,0
287,589,0,0,0
288,589,0,0,0
289,589,0,0,0
290,589,0,0,0
291,589,0,0,0
292,589,0,0,0
293,589,0,0,0
294,589,0,0,0
295,589,0,0,0
296,589,0,0,0
297,589,0,0,0
298,589,0,0,0
299,589,0,0,0
300,589,0,0,0
301,589,0,0,0
302,589,0,0,0
303,589,0,0,0
304,589,0,0,0
305,589,0,0,0
306,589,0,0,0
307,589,0,0,0
308,589,0,0,0
309,589,0,0,0
310,589,0,0,0
311,589,0,0,0
312,589,0,0,0
313,589,0,0,0
314,589,0,0,0
315,589,0,0,0
316,589,0,0,0
317,548,1,0,41
318,548,0,0,0
319,548,0,0,0
320,548,0,0,0
321,548,0,0,0
322,548,0,0,0
323,548,0,0,0
324,548,0,0,0
325,548,0,0,0
326,548,0,0,0
327,548,0,0,0
328,548,0,0,0
329,548,0,0,0
330,548,0,0,0
331,548,0,0,0
332,548,0,0,0
333,548,0,0,0
334,548,0,0,0
335,548,0,0,0
336,548,0,0,0
337,548,0,0,0
338,548,0,0,0
339,548,0,0,0
340,548,0,0,0
341,548,0,0,0
342,548,0,0,0
343,548,0,0,0
344,548,0,0,0
345,548,0,0,0
346,548,0,0,0
347,548,0,0,0
348,548,0,0,0
349,548,0,0,0
350,548,0,0,0
351,548,0,0,0
352,548,0,0,0
353,548,0,0,0
354,548,0,0,0
355,548,0,0,0
356,548,0,0,0
357,548,0,0,0
358,548,0,0,0
359,548,0,0,0
360,548,0,0,0
361,548,0,0,0
362,548,0,0,0
363,548,0,0,0
364,548,0,0,0
365,548,0,0,0
366,548,0,0,0
367,548,0,0,0
368,548,0,0,0
369,548,0,0,0
370,548,0,0,0
371,548,0,0,0
372,548,0,0,0
373,548,0,0,0
374,548,0,0,0
375,548,0,0,0
376,548,0,0,0
377,583,1,41,6
378,583,0,0,0
379,583,0,0,0
380,583,0,0,0
381,583,0,0,0
382,583,0,0,0
383,583,0,0,0
384,583,0,0,0
385,583,0,0,0
386,583,0,0,0
387,583,0,0,0
388,583,0,0,0
389,583,0,0,0
390,583,0,0,0
391,583,0,0,0
392,583,0,0,0
393,583,0,0,0
394,583,0,0,0
395,583,0,0,0
396,583,0,0,0
397,583,0,0,0
398,583,0,0,0
399,583,0,0,0
400,583,0,0,0
401,583,0,0,0
402,583,0,0,0
403,583,0,0,0
404,583,0,0,0
405,583,0,0,0
406,583,0,0,0
407,583,0,0,0
408,583,0,0,0
409,583,0,0,0
410,583,0,0,0
411,583,0,0,0
412,583,0,0,0
413,583,0,0,0
414,583,0,0,0
415,583,0,0,0
416,583,0,0,0
417,583,0,0,0
418,583,0,0,0
419,583,0,0,0
420,583,0,0,0
421,583,0,0,0
422,583,0,0,0
423,583,0,0,0
424,583,0,0,0
425,583,0,0,0
426,583,0,0,0
427,583,0,0,0
428,583,0,0,0
429,583,0,0,0
430,583,0,0,0
431,583,0,0,0
432,583,0,0,0
433,583,0,0,0
434,583,0,0,0
435,583,0,0,0
436,583,0,0,0
437,589,1,6,0
438,589,0,0,0
439,589,0,0,0
440,589,0,0,0
441,589,0,0,0
442,589,0,0,0
443,589,0,0,0
444,589,0,0,0
445,589,0,0,0
446,589,0,0,0
447,589,0,0,0
448,589,0,0,0
449,589,0,0,0
450,589,0,0,0
451,589,0,0,0
452,589,0,0,0
453,589,0,0,0
454,589,0,0,0
455,589,0,0,0
456,589,0,0,0
457,589,0,0,0
458,589,0,0,0
459,589,0,0,0
460,589,0,0,0
461,589,0,0,0
462,589,0,0,0
463,589,0,0,0
464,589,0,0,0
465,589,0,0,0
466,589,0,0,0
467,589,0,0,0
468,589,0,0,0
469,589,0,0,0
470,589,0,0,0
471,589,0,0,0
472,589,0,0,0
473,589,0,0,0
474,589,0,0,0
475,589,0,0,0
476,589,0,0,0
477,589,0,0,0
478,589,0,0,0
479,589,0,0,0
480,589,0,0,0
481,589,0,0,0
482,589,0,0,0
483,589,0,0,0
484,589,0,0,0
485,589,0,0,0
486,589,0,0,0
487,589,0,0,0
488,589,0,0,0
489,548,1,0,41
490,548,0,0,0
491,548,0,0,0
492,548,0,0,0
493,548,0,0,0
494,548,0,0,0
495,548,0,0,0
496,548,0,0,0
497,548,0,0,0
498,548,0,0,0
499,548,0,0,0
500,548,0,0,0
501,548,0,0,0
502,548,0,0,0
503,548,0,0,0
504,548,0,0,0
505,548,0,0,0
506,548,0,0,0
507,548,0,0,0
508,548,0,0,0
509,548,0,0,0
510,548,0,0,0
511,548,0,0,0
512,548,0,0,0
513,548,0,0,0
514,548,0,0,0
515,548,0,0,0
516,548,0,0,0
517,548,0,0,0
518,548,0,0,0
519,548,0,0,0
520,548,0,0,0
521,548,0,0,0
522,548,0,0,0
523,548,0,0,0
524,548,0,0,0
525,548,0,0,0
526,548,0,0,0
527,548,0,0,0
528,548,0,0,0
529,548,0,0,0
530,548,0,0,0
531,548,0,0,0
532,548,0,0,0
533,548,0,0,0
534,548,0,0,0
535,548,0,0,0
536,548,0,0,0
537,548,0,0,0
538,548,0,0,0
539,548,0,0,0
540,548,0,0,0
541,548,0,0,0
542,548,0,0,0
543,548,0,0,0
544,548,0,0,0
545,548,0,0,0
546,548,0,0,0
547,548,0,0,0
548,548,0,0,0
549,583,1,41,6
550,583,0,0,0
551,583,0,0,0
552,583,0,0,0
553,583,0,0,0
554,583,0,0,0
555,583,0,0,0
556,583,0,0,0
557,583,0,0,0
558,583,0,0,0
559,583,0,0,0
560,583,0,0,0
561,583,0,0,0
562,583,0,0,0
563,583,0,0,0
564,583,0,0,0
565,583,0,0,0
566,583,0,0,0
567,583,0,0,0
568,583,0,0,0
569,583,0,0,0
570,583,0,0,0
571,583,0,0,0
572,583,0,0,0
573,583,0,0,0
574,583,0,0,0
575,583,0,0,0
576,583,0,0,0
577,583,0,0,0
578,583,0,0,0
579,583,0,0,0
580,583,0,0,0
581,583,0,0,0
582,583,0,0,0
583,583,0,0,0
584,583,0,0,0
585,583,0,0,0
586,583,0,0,0
587,583,0,0,0
588,583,0,0,0
589,583,0,0,0
590,583,0,0,0
591,583,0,0,0
592,583,0,0,0
593,583,0,0,0
594,583,0,0,0
595,583,0,0,0
596,583,0,0,0
597,583,0,0,0
598,583,0,0,0
599,583,0,0,0
600,583,0,0,0
601,583,0,0,0
602,583,0,0,0
603,583,0,0,0
604,583,0,0,0
605,583,0,0,0
606,583,0,0,0
607,583,0,0,0
608,583,0,0,0
609,589,1,6,0
610,589,0,0,0
611,589,0,0,0
612,589,0,0,0
613,589,0,0,0
614,589,0,0,0
615,589,0,0,0
616,589,0,0,0
617,589,0,0,0
618,589,0,0,0
619,589,0,0,0
620,589,0,0,0
621,589,0,0,0
622,589,0,0,0
623,589,0,0,0
624,589,0,0,0
625,589,0,0,0
626,589,0,0,0
627,589,0,0,0
628,589,0,0,0
629,589,0,0,0
630,589,0,0,0
631,589,0,0,0
632,589,0,0,0
633,589,0,0,0
634,589,0,0,0
635,589,0,0,0
636,589,0,0,0
637,589,0,0,0
638,589,0,0,0
639,589,0,0,0
640,589,0,0,0
641,589,0,0,0
642,589,0,0,0
643,589,0,0,0
644,589,0,0,0
645,589,0,0,0
646,589,0,0,0
647,589,0,0,0
648,589,0,0,0
649,589,0,0,0
650,589,0,0,0
651,589,0,0,0
652,589,0,0,0
653,589,0,0,0
654,589,0,0,0
655,589,0,0,0
656,589,0,0,0
657,589,0,0,0
658,589,0,0,0
659,589,0,0,0
660,589,0,0,0
661,548,1,0,41
662,548,0,0,0
663,548,0,0,0
664,548,0,0,0
665,548,0,0,0
666,548,0,0,0
667,548,0,0,0
668,548,0,0,0
669,548,0,0,0
670,548,0,0,0
671,548,0,0,0
672,548,0,0,0
673,548,0,0,0
674,548,0,0,0
675,548,0,0,0
676,548,0,0,0
677,548,0,0,0
678,548,0,0,0
679,548,0,0,0
680,548,0,0,0
681,548,0,0,0
682,548,0,0,0
683,548,0,0,0
684,548,0,0,0
685,548,0,0,0
686,548,0,0,0
687,548,0,0,0
688,548,0,0,0
689,548,0,0,0
690,548,0,0,0
691,548,0,0,0
692,548,0,0,0
693,548,0,0,0
694,548,0,0,0
695,548,0,0,0
696,548,0,0,0
697,548,0,0,0
698,548,0,0,0
699,548,0,0,0
700,548,0,0,0
701,548,0,0,0
702,548,0,0,0
703,548,0,0,0
704,548,0,0,0
705,548,0,0,0
706,548,0,0,0
707,548,0,0,0
708,548,0,0,0
709,548,0,0,0
710,548,0,0,0
711,548,0,0,0
712,548,0,0,0
713,548,0,0,0
714,548,0,0,0
715,548,0,0,0
716,548,0,0,0
717,548,0,0,0
718,548,0,0,0
719,548,0,0,0
720,548,0,0,0
721,583,1,41,6
722,583,0,0,0
723,583,0,0,0
724,583,0,0,0
725,583,0,0,0
726,583,0,0,0
727,583,0,0,0
728,583,0,0,0
729,583,0,0,0
730,583,0,0,0
731,583,0,0,0
732,583,0,0,0
733,583,0,0,0
734,583,0,0,0
735,583,0,0,0
736,583,0,0,0
737,583,0,0,0
738,583,0,0,0
739,583,0,0,0
740,583,0,0,0
741,583,0,0,0
742,583,0,0,0
743,583,0,0,0
744,583,0,0,0
745,583,0,0,0
746,583,0,0,0
747,583,0,0,0
748,583,0,0,0
749,583,0,0,0
750,583,0,0,0
751,583,0,0,0
752,583,0,0,0
753,583,0,0,0
754,583,0,0,0
755,583,0,0,0
756,583,0,0,0
757,583,0,0,0
758,583,0,0,0
759,583,0,0,0
760,583,0,0,0
761,583,0,0,0
762,583,0,0,0
763,583,0,0,0
764,583,0,0,0
765,583,0,0,0
766,583,0,0,0
767,583,0,0,0
768,583,0,0,0
769,583,0,0,0
770,583,0,0,0
771,583,0,0,0
772,583,0,0,0
773,583,0,0,0
774,583,0,0,0
775,583,0,0,0
776,583,0,0,0
777,583,0,0,0
778,583,0,0,0
779,583,0,0,0
780,583,0,0,0
781,589,1,6,0
782,589,0,0,0
783,589,0,0,0
784,589,0,0,0
785,589,0,0,0
786,589,0,0,0
787,589,0,0,0
788,589,0,0,0
789,589,0,0,0
790,589,0,0,0
791,589,0,0,0
792,589,0,0,0
793,589,0,0,0
794,589,0,0,0
795,589,0,0,0
796,589,0,0,0
797,589,0,0,0
798,589,0,0,0
799,589,0,0,0
800,589,0,0,0
801,589,0,0,0
802,589,0,0,0
803,589,0,0,0
804,589,0,0,0
805,589,0,0,0
806,589,0,0,0
807,589,0,0,0
808,589,0,0,0
809,589,0,0,0
810,589,0,0,0
811,589,0,0,0
812,589,0,0,0
813,589,0,0,0
814,589,0,0,0
815,589,0,0,0
816,589,0,0,0
817,589,0,0,0
818,589,0,0,0
819,589,0,0,0
820,589,0,0,0
821,589,0,0,0
822,589,0,0,0
823,589,0,0,0
824,589,0,0,0
825,589,0,0,0
826,589,0,0,0
827,589,0,0,0
828,589,0,0,0
829,589,0,0,0
830,589,0,0,0
831,589,0,0,0
832,548,1,0,41
833,548,0,0,0
834,548,0,0,0
835,548,0,0,0
836,548,0,0,0
837,548,0,0,0
838,548,0,0,0
839,548,0,0,0
840,548,0,0,0
841,548,0,0,0
842,548,0,0,0
843,548,0,0,0
844,548,0,0,0
845,548,0,0,0
846,548,0,0,0
847,548,0,0,0
848,548,0,0,0
849,548,0,0,0
850,548,0,0,0
851,548,0,0,0
852,548,0,0,0
853,548,0,0,0
854,548,0,0,0
855,548,0,0,0
856,548,0,0,0
857,548,0,0,0
858,548,0,0,0
859,548,0,0,0
860,548,0,0,0
861,548,0,0,0
862,548,0,0,0
863,548,0,0,0
864,548,0,0,0
865,548,0,0,0
866,548,0,0,0
867,548,0,0,0
868,548,0,0,0
869,548,0,0,0
870,548,0,0,0
871,548,0,0,0
872,548,0,0,0
873,548,0,0,0
874,548,0,0,0
875,548,0,0,0
876,548,0,0,0
877,548,0,0,0
878,548,0,0,0
879,548,0,0,0
880,548,0,0,0
881,548,0,0,0
882,548,0,0,0
883,548,0,0,0
884,548,0,0,0
885,548,0,0,0
886,548,0,0,0
887,548,0,0,0
888,548,0,0,0
889,548,0,0,0
890,548,0,0,0
891,548,0,0,0
892,583,1,41,6
893,583,0,0,0
894,583,0,0,0
895,583,0,0,0
896,583,0,0,0
897,583,0,0,0
898,583,0,0,0
899,583,0,0,0
900,583,0,0,0
901,583,0,0,0
902,583,0,0,0
903,583,0,0,0
904,583,0,0,0
905,583,0,0,0
906,583,0,0,0
907,583,0,0,0
908,583,0,0,0
909,583,0,0,0
910,583,0,0,0
911,583,0,0,0
912,583,0,0,0
913,583,0,0,0
914,583,0,0,0
915,583,0,0,0
916,583,0,0,0
917,583,0,0,0
918,583,0,0,0
919,583,0,0,0
920,583,0,0,0
921,583,0,0,0
922,583,0,0,0
923,583,0,0,0
924,583,0,0,0
925,583,0,0,0
926,583,0,0,0
927,583,0,0,0
928,583,0,0,0
929,583,0,0,0
930,583,0,0,0
931,583,0,0,0
932,583,0,0,0
933,583,0,0,0
934,583,0,0,0
935,583,0,0,0
936,583,0,0,0
937,583,0,0,0
938,583,0,0,0
939,583,0,0,0
940,583,0,0,0
941,583,0,0,0
942,583,0,0,0
943,583,0,0,0
944,583,0,0,0
945,583,0,0,0
946,583,0,0,0
947,583,0,0,0
948,583,0,0,0
949,583,0,0,0
950,583,0,0,0
951,583,0,0,0
952,589,1,6,0
953,589,0,0,0
954,589,0,0,0
955,589,0,0,0
956,589,0,0,0
957,589,0,0,0
958,589,0,0,0
959,589,0,0,0
960,589,0,0,0
961,589,0,0,0
962,589,0,0,0
963,589,0,0,0
964,589,0,0,0
965,589,0,0,0
966,589,0,0,0
967,589,0,0,0
968,589,0,0,0
969,589,0,0,0
970,589,0,0,0
971,589,0,0,0
972,589,0,0,0
973,589,0,0,0
974,589,0,0,0
975,589,0,0,0
976,589,0,0,0
977,589,0,0,0
978,589,0,0,0
979,589,0,0,0
980,589,0,0,0
981,589,0,0,0
982,589,0,0,0
983,589,0,0,0
984,589,0,0,0
985,589,0,0,0
986,589,0,0,0
987,589,0,0,0
988,589,0,0,0
989,589,0,0,0
990,589,0,0,0
991,589,0,0,0
992,589,0,0,0
993,589,0,0,0
994,589,0,0,0
995,589,0,0,0
996,589,0,0,0
997,589,0,0,0
998,589,0,0,0
999,589,0,0,0
1000,589,0,0,0
1001,589,0,0,0
1002,589,0,0,0
1003,548,1,0,41
1004,548,0,0,0
1005,548,0,0,0
1006,548,0,0,0
1007,548,0,0,0
1008,548,0,0,0
1009,548,0,0,0
1010,548,0,0,0
1011,548,0,0,0
1012,548,0,0,0
1013,548,0,0,0
1014,548,0,0,0
1015,548,0,0,0
1016,548,0,0,0
1017,548,0,0,0
1018,548,0,0,0
1019,548,0,0,0
1020,548,0,0,0
1021,548,0,0,0
1022,548,0,0,0
1023,548,0,0,0
1024,548,0,0,0
1025,548,0,0,0
1026,548,0,0,0
1027,548,0,0,0
1028,548,0,0,0
1029,548,0,0,0
1030,548,0,0,0
1031,548,0,0,0
1032,548,0,0,0
1033,548,0,0,0
1034,548,0,0,0
1035,548,0,0,0
1036,548,0,0,0
1037,548,0,0,0
1038,548,0,0,0
1039,548,0,0,0
1040,548,0,0,0
1041,548,0,0,0
1042,548,0,0,0
1043,548,0,0,0
1044,548,0,0,0
1045,548,0,0,0
1046,548,0,0,0
1047,548,0,0,0
1048,548,0,0,0
1049,548,0,0,0
1050,548,0,0,0
1051,548,0,0,0
1052,548,0,0,0
1053,548,0,0,0
1054,548,0,0,0
1055,548,0,0,0
1056,548,0,0,0
1057,548,0,0,0
1058,548,0,0,0
1059,548,0,0,0
1060,548,0,0,0
1061,548,0,0,0
1062,548,0,0,0
1063,583,1,41,6
1064,583,0,0,0
1065,583,0,0,0
1066,583,0,0,0
1067,583,0,0,0
1068,583,0,0,0
1069,583,0,0,0
1070,583,0,0,0
1071,583,0,0,0
1072,583,0,0,0
1073,583,0,0,0
1074,583,0,0,0
1075,583,0,0,0
1076,583,0,0,0
1077,583,0,0,0
1078,583,0,0,0
1079,583,0,0,0
1080,583,0,0,0
1081,583,0,0,0
1082,583,0,0,0
1083,583,0,0,0
1084,583,0,0,0
1085,583,0,0,0
1086,583,0,0,0
1087,583,0,0,0
1088,583,0,0,0
1089,583,0,0,0
1090,583,0,0,0
1091,583,0,0,0
1092,583,0,0,0
1093,583,0,0,0
1094,583,0,0,0
1095,583,0,0,0
1096,583,0,0,0
1097,583,0,0,0
1098,583,0,0,0
1099,583,0,0,0
1100,583,0,0,0
1101,583,0,0,0
1102,583,0,0,0
1103,583,0,0,0
1104,583,0,0,0
1105,583,0,0,0
1106,583,0,0,0
1107,583,0,0,0
1108,583,0,0,0
1109,583,0,0,0
1110,583,0,0,0
1111,583,0,0,0
1112,583,0,0,0
1113,583,0,0,0
1114,583,0,0,0
1115,583,0,0,0
1116,583,0,0,0
1117,583,0,0,0
1118,583,0,0,0
1119,583,0,0,0
1120,583,0,0,0
1121,583,0,0,0
1122,583,0,0,0
1123,589,1,6,0
1124,589,0,0,0
1125,589,0,0,0
1126,589,0,0,0
1127,589,0,0,0
1128,589,0,0,0
1129,589,0,0,0
1130,589,0,0,0
1131,589,0,0,0
1132,589,0,0,0
1133,589,0,0,0
1134,589,0,0,0
1135,589,0,0,0
1136,589,0,0,0
1137,589,0,0,0
1138,589,0,0,0
1139,589,0,0,0
1140,589,0,0,0
1141,589,0,0,0
1142,589,0,0,0
1143,589,0,0,0
1144,585,1,0,4
1145,585,0,0,0
1146,585,0,0,0
1147,585,0,0,0
1148,585,0,0,0
1149,585,0,0,0
1150,585,0,0,0
1151,585,0,0,0
1152,585,0,0,0
1153,585,0,0,0
1154,585,0,0,0
1155,585,0,0,0
1156,585,0,0,0
1157,585,0,0,0
1158,585,0,0,0
1159,585,0,0,0
1160,585,0,0,0
1161,585,0,0,0
1162,585,0,0,0
1163,585,0,0,0
1164,585,0,0,0
1165,585,0,0,0
1166,585,0,0,0
1167,585,0,0,0
1168,585,0,0,0
1169,585,0,0,0
1170,585,0,0,0
1171,585,0,0,0
1172,568,1,0,17
1173,568,0,0,0
1174,568,0,0,0
1175,568,0,0,0
1176,568,0,0,0
1177,568,0,0,0
1178,568,0,0,0
1179,568,0,0,0
1180,568,0,0,0
1181,568,0,0,0
1182,568,0,0,0
1183,568,0,0,0
1184,568,0,0,0
1185,568,0,0,0
1186,568,0,0,0
1187,568,0,0,0
1188,568,0,0,0
1189,568,0,0,0
1190,568,0,0,0
1191,568,0,0,0
1192,568,0,0,0
1193,568,0,0,0
1194,568,0,0,0
1195,568,0,0,0
1196,568,0,0,0
1197,568,0,0,0
1198,568,0,0,0
1199,568,0,0,0
1200,568,0,0,0
1201,568,0,0,0
1202,568,0,0,0
1203,568,0,0,0
1204,559,1,7,16
1205,559,0,0,0
1206,559,0,0,0
1207,559,0,0,0
1208,559,0,0,0
1209,559,0,0,0
1210,559,0,0,0
1211,559,0,0,0
1212,559,0,0,0
1213,559,0,0,0
1214,559,0,0,0
1215,559,0,0,0
1216,559,0,0,0
1217,559,0,0,0
1218,559,0,0,0
1219,559,0,0,0
1220,559,0,0,0
1221,559,0,0,0
1222,559,0,0,0
1223,559,0,0,0
1224,559,0,0,0
1225,559,0,0,0
1226,559,0,0,0
1227,559,0,0,0
1228,559,0,0,0
1229,559,0,0,0
1230,559,0,0,0
1231,559,0,0,0
1232,579,1,27,7
1233,579,0,0,0
1234,579,0,0,0
1235,579,0,0,0
1236,579,0,0,0
1237,579,0,0,0
1238,579,0,0,0
1239,579,0,0,0
1240,579,0,0,0
1241,579,0,0,0
1242,579,0,0,0
1243,579,0,0,0
1244,579,0,0,0
1245,579,0,0,0
1246,579,0,0,0
1247,579,0,0,0
1248,579,0,0,0
1249,579,0,0,0
1250,579,0,0,0
1251,579,0,0,0
1252,579,0,0,0
1253,579,0,0,0
1254,579,0,0,0
1255,579,0,0,0
1256,579,0,0,0
1257,579,0,0,0
1258,579,0,0,0
1259,579,0,0,0
1260,579,0,0,0
1261,579,0,0,0
1262,579,0,0,0
1263,579,0,0,0
1264,580,1,8,7
1265,580,0,0,0
1266,580,0,0,0
1267,580,0,0,0
1268,580,0,0,0
1269,580,0,0,0
1270,580,0,0,0
1271,580,0,0,0
1272,580,0,0,0
1273,580,0,0,0
1274,580,0,0,0
1275,580,0,0,0
1276,580,0,0,0
1277,580,0,0,0
1278,580,0,0,0
1279,580,0,0,0
1280,580,0,0,0
1281,580,0,0,0
1282,580,0,0,0
1283,580,0,0,0
1284,580,0,0,0
1285,580,0,0,0
1286,580,0,0,0
1287,580,0,0,0
1288,580,0,0,0
1289,580,0,0,0
1290,580,0,0,0
1291,580,0,0,0
1292,587,1,7,0
1293,587,0,0,0
1294,587,0,0,0
1295,587,0,0,0
1296,587,0,0,0
1297,587,0,0,0
1298,587,0,0,0
1299,587,0,0,0
1300,587,0,0,0
1301,587,0,0,0
1302,587,0,0,0
1303,587,0,0,0
1304,587,0,0,0
1305,587,0,0,0
1306,587,0,0,0
1307,587,0,0,0
1308,587,0,0,0
1309,587,0,0,0
1310,587,0,0,0
1311,587,0,0,0
1312,587,0,0,0
1313,587,0,0,0
1314,587,0,0,0
1315,587,0,0,0
1316,587,0,0,0
1317,587,0,0,0
1318,587,0,0,0
1319,587,0,0,0
1320,587,0,0,0
1321,587,0,0,0
1322,587,0,0,0
1323,587,0,0,0
1324,595,1,8,0
1325,595,0,0,0
1326,595,0,0,0
1327,595,0,0,0
1328,595,0,0,0
1329,595,0,0,0
1330,595,0,0,0
1331,595,0,0,0
1332,595,0,0,0
1333,595,0,0,0
1334,595,0,0,0
1335,595,0,0,0
1336,595,0,0,0
1337,595,0,0,0
1338,595,0,0,0
1339,568,1,0,27
1340,568,0,0,0
1341,568,0,0,0
1342,568,0,0,0
1343,568,0,0,0
1344,568,0,0,0
1345,568,0,0,0
1346,568,0,0,0
1347,568,0,0,0
1348,568,0,0,0
1349,568,0,0,0
1350,568,0,0,0
1351,568,0,0,0
1352,568,0,0,0
1353,568,0,0,0
1354,568,0,0,0
1355,568,0,0,0
1356,568,0,0,0
1357,568,0,0,0
1358,568,0,0,0
1359,568,0,0,0
1360,568,0,0,0
1361,568,0,0,0
1362,568,0,0,0
1363,568,0,0,0
1364,568,0,0,0
1365,568,0,0,0
1366,568,0,0,0
1367,568,0,0,0
1368,568,0,0,0
1369,568,0,0,0
1370,568,0,0,0
1371,568,0,0,0
1372,568,0,0,0
1373,568,0,0,0
1374,568,0,0,0
1375,568,0,0,0
1376,568,0,0,0
1377,568,0,0,0
1378,568,0,0,0
1379,568,0,0,0
1380,568,0,0,0
1381,568,0,0,0
1382,568,0,0,0
1383,568,0,0,0
1384,568,0,0,0
1385,568,0,0,0
1386,568,0,0,0
1387,568,0,0,0
1388,568,0,0,0
1389,568,0,0,0
1390,568,0,0,0
1391,568,0,0,0
1392,568,0,0,0
1393,568,0,0,0
1394,568,0,0,0
1395,568,0,0,0
1396,568,0,0,0
1397,568,0,0,0
1398,568,0,0,0
1399,588,1,27,7
1400,588,0,0,0
1401,588,0,0,0
1402,588,0,0,0
1403,588,0,0,0
1404,588,0,0,0
1405,588,0,0,0
1406,588,0,0,0
1407,588,0,0,0
1408,588,0,0,0
1409,588,0,0,0
1410,588,0,0,0
1411,588,0,0,0
1412,588,0,0,0
1413,588,0,0,0
1414,588,0,0,0
1415,588,0,0,0
1416,588,0,0,0
1417,588,0,0,0
1418,588,0,0,0
1419,588,0,0,0
1420,588,0,0,0
1421,588,0,0,0
1422,588,0,0,0
1423,588,0,0,0
1424,588,0,0,0
1425,588,0,0,0
1426,588,0,0,0
1427,588,0,0,0
1428,588,0,0,0
1429,588,0,0,0
1430,588,0,0,0
1431,588,0,0,0
1432,588,0,0,0
1433,588,0,0,0
1434,588,0,0,0
1435,588,0,0,0
1436,588,0,0,0
1437,588,0,0,0
1438,588,0,0,0
1439,588,0,0,0
1440,588,0,0,0
1441,588,0,0,0
1442,588,0,0,0
1443,588,0,0,0
1444,588,0,0,0
1445,588,0,0,0
1446,588,0,0,0
1447,588,0,0,0
1448,588,0,0,0
1449,588,0,0,0
1450,588,0,0,0
1451,588,0,0,0
1452,588,0,0,0
1453,588,0,0,0
1454,588,0,0,0
1455,588,0,0,0
1456,588,0,0,0
1457,588,0,0,0
1458,588,0,0,0
1459,595,1,7,0
1460,595,0,0,0
1461,595,0,0,0
1462,595,0,0,0
1463,595,0,0,0
1464,595,0,0,0
1465,595,0,0,0
1466,595,0,0,0
1467,595,0,0,0
1468,595,0,0,0
1469,595,0,0,0
1470,595,0,0,0
1471,595,0,0,0
1472,595,0,0,0
1473,595,0,0,0
1474,595,0,0,0
1475,595,0,0,0
1476,595,0,0,0
1477,595,0,0,0
1478,595,0,0,0
1479,595,0,0,0
1480,595,0,0,0
1481,595,0,0,0
1482,595,0,0,0
1483,595,0,0,0
1484,595,0,0,0
1485,595,0,0,0
1486,595,0,0,0
1487,595,0,0,0
1488,595,0,0,0
1489,595,0,0,0
1490,595,0,0,0
1491,595,0,0,0
1492,595,0,0,0
1493,595,0,0,0
1494,595,0,0,0
1495,595,0,0,0
1496,595,0,0,0
1497,595,0,0,0
1498,595,0,0,0
1499,595,0,0,0
1500,595,0,0,0
1501,595,0,0,0
1502,595,0,0,0
1503,595,0,0,0
1504,595,0,0,0
1505,595,0,0,0
1506,595,0,0,0
1507,595,0,0,0
1508,568,1,0,27
1509,568,0,0,0
1510,568,0,0,0
1511,568,0,0,0
1512,568,0,0,0
1513,568,0,0,0
1514,568,0,0,0
1515,568,0,0,0
1516,568,0,0,0
1517,568,0,0,0
1518,568,0,0,0
1519,568,0,0,0
1520,568,0,0,0
1521,568,0,0,0
1522,568,0,0,0
1523,568,0,0,0
1524,568,0,0,0
1525,568,0,0,0
1526,568,0,0,0
1527,568,0,0,0
1528,568,0,0,0
1529,568,0,0,0
1530,568,0,0,0
1531,568,0,0,0
1532,568,0,0,0
1533,568,0,0,0
1534,568,0,0,0
1535,568,0,0,0
1536,568,0,0,0
1537,568,0,0,0
1538,568,0,0,0
1539,568,0,0,0
1540,568,0,0,0
1541,568,0,0,0
1542,568,0,0,0
1543,568,0,0,0
1544,568,0,0,0
1545,568,0,0,0
1546,568,0,0,0
1547,568,0,0,0
1548,568,0,0,0
1549,568,0,0,0
1550,568,0,0,0
1551,568,0,0,0
1552,568,0,0,0
1553,568,0,0,0
1554,568,0,0,0
1555,568,0,0,0
1556,568,0,0,0
1557,568,0,0,0
1558,568,0,0,0
1559,568,0,0,0
1560,568,0,0,0
1561,568,0,0,0
1562,568,0,0,0
1563,568,0,0,0
1564,568,0,0,0
1565,568,0,0,0
1566,568,0,0,0
1567,568,0,0,0
1568,588,1,27,7
1569,588,0,0,0
1570,588,0,0,0
1571,588,0,0,0
1572,588,0,0,0
1573,588,0,0,0
1574,588,0,0,0
1575,588,0,0,0
1576,588,0,0,0
1577,588,0,0,0
1578,588,0,0,0
1579,588,0,0,0
1580,588,0,0,0
1581,588,0,0,0
1582,588,0,0,0
1583,588,0,0,0
1584,588,0,0,0
1585,588,0,0,0
1586,588,0,0,0
1587,588,0,0,0
1588,588,0,0,0
1589,588,0,0,0
1590,588,0,0,0
1591,588,0,0,0
1592,588,0,0,0
1593,588,0,0,0
1594,588,0,0,0
1595,588,0,0,0
1596,588,0,0,0
1597,588,0,0,0
1598,588,0,0,0
1599,588,0,0,0
1600,588,0,0,0
1601,588,0,0,0
1602,588,0,0,0
1603,588,0,0,0
1604,588,0,0,0
1605,588,0,0,0
1606,588,0,0,0
1607,588,0,0,0
1608,588,0,0,0
1609,588,0,0,0
1610,588,0,0,0
1611,588,0,0,0
1612,588,0,0,0
1613,588,0,0,0
1614,588,0,0,0
1615,588,0,0,0
1616,588,0,0,0
1617,588,0,0,0
1618,588,0,0,0
1619,588,0,0,0
1620,588,0,0,0
1621,588,0,0,0
1622,588,0,0,0
1623,588,0,0,0
1624,588,0,0,0
1625,588,0,0,0
1626,588,0,0,0
1627,588,0,0,0
1628,595,1,7,0
1629,595,0,0,0
1630,595,0,0,0
1631,595,0,0,0
1632,595,0,0,0
1633,595,0,0,0
1634,595,0,0,0
1635,595,0,0,0
1636,595,0,0,0
1637,595,0,0,0
1638,595,0,0,0
1639,595,0,0,0
1640,595,0,0,0
1641,595,0,0,0
1642,595,0,0,0
1643,595,0,0,0
1644,595,0,0,0
1645,595,0,0,0
1646,595,0,0,0
1647,595,0,0,0
1648,595,0,0,0
1649,595,0,0,0
1650,595,0,0,0
1651,595,0,0,0
1652,595,0,0,0
1653,595,0,0,0
1654,595,0,0,0
1655,595,0,0,0
1656,595,0,0,0
1657,595,0,0,0
1658,595,0,0,0
1659,595,0,0,0
1660,595,0,0,0
1661,595,0,0,0
1662,595,0,0,0
1663,595,0,0,0
1664,595,0,0,0
1665,595,0,0,0
1666,595,0,0,0
1667,595,0,0,0
1668,595,0,0,0
1669,595,0,0,0
1670,595,0,0,0
1671,595,0,0,0
1672,595,0,0,0
1673,595,0,0,0
1674,595,0,0,0
1675,595,0,0,0
1676,595,0,0,0
1677,595,0,0,0
1678,595,0,0,0
1679,595,0,0,0
1680,595,0,0,0
1681,595,0,0,0
1682,595,0,0,0
1683,595,0,0,0
1684,568,1,0,27
1685,568,0,0,0
1686,568,0,0,0
1687,568,0,0,0
1688,568,0,0,0
1689,568,0,0,0
1690,568,0,0,0
1691,568,0,0,0
1692,568,0,0,0
1693,568,0,0,0
1694,568,0,0,0
1695,568,0,0,0
1696,568,0,0,0
1697,568,0,0,0
1698,568,0,0,0
1699,568,0,0,0
1700,568,0,0,0
1701,568,0,0,0
1702,568,0,0,0
1703,568,0,0,0
1704,568,0,0,0
1705,568,0,0,0
1706,568,0,0,0
1707,568,0,0,0
1708,568,0,0,0
1709,568,0,0,0
1710,568,0,0,0
1711,568,0,0,0
1712,568,0,0,0
1713,568,0,0,0
1714,568,0,0,0
1715,568,0,0,0
1716,568,0,0,0
1717,568,0,0,0
1718,568,0,0,0
1719,568,0,0,0
1720,568,0,0,0
1721,568,0,0,0
1722,568,0,0,0
1723,568,0,0,0
1724,568,0,0,0
1725,568,0,0,0
1726,568,0,0,0
1727,568,0,0,0
1728,568,0,0,0
1729,568,0,0,0
1730,568,0,0,0
1731,568,0,0,0
1732,568,0,0,0
1733,568,0,0,0
1734,568,0,0,0
1735,568,0,0,0
1736,568,0,0,0
1737,568,0,0,0
1738,568,0,0,0
1739,568,0,0,0
1740,568,0,0,0
1741,568,0,0,0
1742,568,0,0,0
1743,568,0,0,0
1744,588,1,27,7
1745,588,0,0,0
1746,588,0,0,0
1747,588,0,0,0
1748,588,0,0,0
1749,588,0,0,0
1750,588,0,0,0
1751,588,0,0,0
1752,588,0,0,0
1753,588,0,0,0
1754,588,0,0,0
1755,588,0,0,0
1756,588,0,0,0
1757,588,0,0,0
1758,588,0,0,0
1759,588,0,0,0
1760,588,0,0,0
1761,588,0,0,0
1762,588,0,0,0
1763,588,0,0,0
1764,588,0,0,0
1765,588,0,0,0
1766,588,0,0,0
1767,588,0,0,0
1768,588,0,0,0
1769,588,0,0,0
1770,588,0,0,0
1771,588,0,0,0
1772,588,0,0,0
1773,588,0,0,0
1774,588,0,0,0
1775,588,0,0,0
1776,588,0,0,0
1777,588,0,0,0
1778,588,0,0,0
1779,588,0,0,0
1780,588,0,0,0
1781,588,0,0,0
1782,588,0,0,0
1783,588,0,0,0
1784,588,0,0,0
1785,588,0,0,0
1786,588,0,0,0
1787,588,0,0,0
1788,588,0,0,0
1789,588,0,0,0
1790,588,0,0,0
1791,588,0,0,0
1792,588,0,0,0
1793,588,0,0,0
1794,588,0,0,0
1795,588,0,0,0
1796,588,0,0,0
1797,588,0,0,0
1798,588,0,0,0
1799,588,0,0,0
1800,588,0,0,0
1801,588,0,0,0
1802,588,0,0,0
1803,588,0,0,0
1804,595,1,7,0
1805,595,0,0,0
1806,595,0,0,0
1807,595,0,0,0
1808,595,0,0,0
1809,595,0,0,0
1810,595,0,0,0
1811,595,0,0,0
1812,595,0,0,0
1813,595,0,0,0
1814,595,0,0,0
1815,595,0,0,0
1816,595,0,0,0
1817,595,0,0,0
1818,595,0,0,0
1819,595,0,0,0
1820,595,0,0,0
1821,595,0,0,0
1822,595,0,0,0
1823,595,0,0,0
1824,595,0,0,0
1825,595,0,0,0
1826,595,0,0,0
1827,595,0,0,0
1828,595,0,0,0
1829,595,0,0,0
1830,595,0,0,0
1831,595,0,0,0
1832,595,0,0,0
1833,595,0,0,0
1834,595,0,0,0
1835,595,0,0,0
1836,595,0,0,0
1837,595,0,0,0
1838,595,0,0,0
1839,595,0,0,0
1840,595,0,0,0
1841,595,0,0,0
1842,595,0,0,0
1843,595,0,0,0
1844,595,0,0,0
1845,595,0,0,0
1846,595,0,0,0
1847,595,0,0,0
1848,595,0,0,0
1849,595,0,0,0
1850,595,0,0,0
1851,595,0,0,0
1852,595,0,0,0
1853,595,0,0,0
1854,595,0,0,0
1855,595,0,0,0
1856,595,0,0,0
1857,595,0,0,0
1858,568,1,0,27
1859,568,0,0,0
1860,568,0,0,0
1861,568,0,0,0
1862,568,0,0,0
1863,568,0,0,0
1864,568,0,0,0
1865,568,0,0,0
1866,568,0,0,0
1867,568,0,0,0
1868,568,0,0,0
1869,568,0,0,0
1870,568,0,0,0
1871,568,0,0,0
1872,568,0,0,0
1873,568,0,0,0
1874,568,0,0,0
1875,568,0,0,0
1876,568,0,0,0
1877,568,0,0,0
1878,568,0,0,0
1879,568,0,0,0
1880,568,0,0,0
1881,568,0,0,0
1882,568,0,0,0
1883,568,0,0,0
1884,568,0,0,0
1885,568,0,0,0
1886,568,0,0,0
1887,568,0,0,0
1888,568,0,0,0
1889,568,0,0,0
1890,568,0,0,0
1891,568,0,0,0
1892,568,0,0,0
1893,568,0,0,0
1894,568,0,0,0
1895,568,0,0,0
1896,568,0,0,0
1897,568,0,0,0
1898,568,0,0,0
1899,568,0,0,0
1900,568,0,0,0
1901,568,0,0,0
1902,568,0,0,0
1903,568,0,0,0
1904,568,0,0,0
1905,568,0,0,0
1906,568,0,0,0
1907,568,0,0,0
1908,568,0,0,0
1909,568,0,0,0
1910,568,0,0,0
1911,568,0,0,0
1912,568,0,0,0
1913,568,0,0,0
1914,568,0,0,0
1915,568,0,0,0
1916,568,0,0,0
1917,568,0,0,0
1918,588,1,27,7
1919,588,0,0,0
1920,588,0,0,0
1921,588,0,0,0
1922,588,0,0,0
1923,588,0,0,0
1924,588,0,0,0
1925,588,0,0,0
1926,588,0,0,0
1927,588,0,0,0
1928,588,0,0,0
1929,588,0,0,0
1930,588,0,0,0
1931,588,0,0,0
1932,588,0,0,0
1933,588,0,0,0
1934,588,0,0,0
1935,588,0,0,0
1936,588,0,0,0
1937,588,0,0,0
1938,588,0,0,0
1939,588,0,0,0
1940,588,0,0,0
1941,588,0,0,0
1942,588,0,0,0
1943,588,0,0,0
1944,588,0,0,0
1945,588,0,0,0
1946,588,0,0,0
1947,588,0,0,0
1948,588,0,0,0
1949,588,0,0,0
1950,588,0,0,0
1951,588,0,0,0
1952,588,0,0,0
1953,588,0,0,0
1954,588,0,0,0
1955,588,0,0,0
1956,588,0,0,0
1957,588,0,0,0
1958,588,0,0,0
1959,588,0,0,0
1960,588,0,0,0
1961,588,0,0,0
1962,588,0,0,0
1963,588,0,0,0
1964,588,0,0,0
1965,588,0,0,0
1966,588,0,0,0
1967,588,0,0,0
1968,588,0,0,0
1969,588,0,0,0
1970,588,0,0,0
1971,588,0,0,0
1972,588,0,0,0
1973,588,0,0,0
1974,588,0,0,0
1975,588,0,0,0
1976,588,0,0,0
1977,588,0,0,0
1978,595,1,7,0
1979,595,0,0,0
1980,595,0,0,0
1981,595,0,0,0
1982,595,0,0,0
1983,595,0,0,0
1984,595,0,0,0
1985,595,0,0,0
1986,595,0,0,0
1987,595,0,0,0
1988,595,0,0,0
1989,595,0,0,0
1990,595,0,0,0
1991,595,0,0,0
1992,595,0,0,0
1993,595,0,0,0
1994,595,0,0,0
1995,595,0,0,0
1996,595,0,0,0
1997,595,0,0,0
1998,595,0,0,0
1999,595,0,0,0
2000,595,0,0,0
2001,595,0,0,0
2002,595,0,0,0
2003,595,0,0,0
2004,595,0,0,0
2005,595,0,0,0
2006,595,0,0,0
2007,595,0,0,0
2008,595,0,0,0
2009,595,0,0,0
2010,595,0,0,0
2011,595,0,0,0
2012,595,0,0,0
2013,595,0,0,0
2014,595,0,0,0
2015,595,0,0,0
2016,595,0,0,0
2017,595,0,0,0
2018,595,0,0,0
2019,595,0,0,0
2020,595,0,0,0
2021,595,0,0,0
2022,595,0,0,0
2023,595,0,0,0
2024,595,0,0,0
2025,595,0,0,0
2026,595,0,0,0
2027,595,0,0,0
2028,595,0,0,0
2029,595,0,0,0
2030,595,0,0,0
2031,595,0,0,0
2032,595,0,0,0
2033,568,1,0,27
2034,568,0,0,0
2035,568,0,0,0
2036,568,0,0,0
2037,568,0,0,0
2038,568,0,0,0
2039,568,0,0,0
2040,568,0,0,0
2041,568,0,0,0
2042,568,0,0,0
2043,568,0,0,0
2044,568,0,0,0
2045,568,0,0,0
2046,568,0,0,0
2047,568,0,0,0
2048,568,0,0,0
2049,568,0,0,0
2050,568,0,0,0
2051,568,0,0,0
2052,568,0,0,0
2053,568,0,0,0
2054,568,0,0,0
2055,568,0,0,0
2056,568,0,0,0
2057,568,0,0,0
2058,568,0,0,0
2059,568,0,0,0
2060,568,0,0,0
2061,568,0,0,0
2062,568,0,0,0
2063,568,0,0,0
2064,568,0,0,0
2065,568,0,0,0
2066,568,0,0,0
2067,568,0,0,0
2068,568,0,0,0
2069,568,0,0,0
2070,568,0,0,0
2071,568,0,0,0
2072,568,0,0,0
2073,568,0,0,0
2074,568,0,0,0
2075,568,0,0,0
2076,568,0,0,0
2077,568,0,0,0
2078,568,0,0,0
2079,568,0,0,0
2080,568,0,0,0
2081,568,0,0,0
2082,568,0,0,0
2083,568,0,0,0
2084,568,0,0,0
2085,568,0,0,0
2086,568,0,0,0
2087,568,0,0,0
2088,568,0,0,0
2089,568,0,0,0
2090,568,0,0,0
2091,568,0,0,0
2092,568,0,0,0
2093,588,1,27,7
2094,588,0,0,0
2095,588,0,0,0
2096,588,0,0,0
2097,588,0,0,0
2098,588,0,0,0
2099,588,0,0,0
2100,588,0,0,0
2101,588,0,0,0
2102,588,0,0,0
2103,588,0,0,0
2104,588,0,0,0
2105,588,0,0,0
2106,588,0,0,0
2107,588,0,0,0
2108,588,0,0,0
2109,588,0,0,0
2110,588,0,0,0
2111,588,0,0,0
2112,588,0,0,0
2113,588,0,0,0
2114,588,0,0,0
2115,588,0,0,0
2116,588,0,0,0
2117,588,0,0,0
2118,588,0,0,0
2119,588,0,0,0
2120,588,0,0,0
2121,588,0,0,0
2122,588,0,0,0
2123,588,0,0,0
2124,588,0,0,0
2125,588,0,0,0
2126,588,0,0,0
2127,588,0,0,0
2128,588,0,0,0
2129,588,0,0,0
2130,588,0,0,0
2131,588,0,0,0
2132,588,0,0,0
2133,588,0,0,0
2134,588,0,0,0
2135,588,0,0,0
2136,588,0,0,0
2137,588,0,0,0
2138,588,0,0,0
2139,588,0,0,0
2140,588,0,0,0
2141,588,0,0,0
2142,588,0,0,0
2143,588,0,0,0
2144,588,0,0,0
2145,588,0,0,0
2146,588,0,0,0
2147,588,0,0,0
2148,588,0,0,0
2149,588,0,0,0
2150,588,0,0,0
2151,588,0,0,0
2152,588,0,0,0
2153,595,1,7,0
2154,595,0,0,0
2155,595,0,0,0
2156,595,0,0,0
2157,595,0,0,0
2158,595,0,0,0
2159,595,0,0,0
2160,595,0,0,0
2161,595,0,0,0
2162,595,0,0,0
2163,595,0,0,0
2164,595,0,0,0
2165,595,0,0,0
2166,595,0,0,0
2167,595,0,0,0
2168,595,0,0,0
2169,595,0,0,0
2170,595,0,0,0
2171,595,0,0,0
2172,595,0,0,0
2173,595,0,0,0
2174,595,0,0,0
2175,595,0,0,0
2176,595,0,0,0
2177,595,0,0,0
2178,595,0,0,0
2179,595,0,0,0
2180,595,0,0,0
2181,595,0,0,0
2182,595,0,0,0
2183,595,0,0,0
2184,595,0,0,0
2185,595,0,0,0
2186,595,0,0,0
2187,595,0,0,0
2188,595,0,0,0
2189,595,0,0,0
2190,595,0,0,0
2191,595,0,0,0
2192,595,0,0,0
2193,595,0,0,0
2194,595,0,0,0
2195,595,0,0,0
2196,595,0,0,0
2197,595,0,0,0
2198,595,0,0,0
2199,595,0,0,0
2200,595,0,0,0
2201,595,0,0,0
2202,595,0,0,0
2203,595,0,0,0
2204,595,0,0,0
2205,595,0,0,0
2206,595,0,0,0
2207,568,1,0,27
2208,568,0,0,0
2209,568,0,0,0
2210,568,0,0,0
2211,568,0,0,0
2212,568,0,0,0
2213,568,0,0,0
2214,568,0,0,0
2215,568,0,0,0
2216,568,0,0,0
2217,568,0,0,0
2218,568,0,0,0
2219,568,0,0,0
2220,568,0,0,0
2221,568,0,0,0
2222,568,0,0,0
2223,568,0,0,0
2224,568,0,0,0
2225,568,0,0,0
2226,568,0,0,0
2227,568,0,0,0
2228,568,0,0,0
2229,568,0,0,0
2230,568,0,0,0
2231,568,0,0,0
2232,568,0,0,0
2233,568,0,0,0
2234,568,0,0,0
2235,568,0,0,0
2236,568,0,0,0
2237,568,0,0,0
2238,568,0,0,0
2239,568,0,0,0
2240,568,0,0,0
2241,568,0,0,0
2242,568,0,0,0
2243,568,0,0,0
2244,568,0,0,0
2245,568,0,0,0
2246,568,0,0,0
2247,568,0,0,0
2248,568,0,0,0
2249,568,0,0,0
2250,568,0,0,0
2251,568,0,0,0
2252,568,0,0,0
2253,568,0,0,0
2254,568,0,0,0
2255,568,0,0,0
2256,568,0,0,0
2257,568,0,0,0
2258,568,0,0,0
2259,568,0,0,0
2260,568,0,0,0
2261,568,0,0,0
2262,568,0,0,0
2263,568,0,0,0
2264,568,0,0,0
2265,568,0,0,0
2266,568,0,0,0
2267,588,1,27,7
2268,588,0,0,0
2269,588,0,0,0
2270,588,0,0,0
2271,588,0,0,0
2272,588,0,0,0
2273,588,0,0,0
2274,588,0,0,0
2275,588,0,0,0
2276,588,0,0,0
2277,588,0,0,0
2278,588,0,0,0
2279,588,0,0,0
2280,588,0,0,0
2281,588,0,0,0
2282,588,0,0,0
2283,588,0,0,0
2284,588,0,0,0
2285,588,0,0,0
2286,588,0,0,0
2287,588,0,0,0
2288,588,0,0,0
2289,588,0,0,0
2290,588,0,0,0
2291,588,0,0,0
2292,588,0,0,0
2293,588,0,0,0
2294,588,0,0,0
2295,588,0,0,0
2296,588,0,0,0
2297,588,0,0,0
2298,588,0,0,0
2299,588,0,0,0
2300,588,0,0,0
2301,588,0,0,0
2302,588,0,0,0
2303,588,0,0,0
2304,588,0,0,0
2305,588,0,0,0
2306,588,0,0,0
2307,588,0,0,0
2308,588,0,0,0
2309,588,0,0,0
2310,588,0,0,0
2311,588,0,0,0
2312,588,0,0,0
2313,588,0,0,0
2314,588,0,0,0
2315,588,0,0,0
2316,588,0,0,0
2317,588,0,0,0
2318,588,0,0,0
2319,588,0,0,0
2320,588,0,0,0
2321,588,0,0,0
2322,588,0,0,0
2323,588,0,0,0
2324,588,0,0,0
2325,588,0,0,0
2326,588,0,0,0
2327,595,1,7,0
2328,595,0,0,0
2329,595,0,0,0
2330,595,0,0,0
2331,595,0,0,0
2332,595,0,0,0
2333,595,0,0,0
2334,595,0,0,0
2335,595,0,0,0
2336,595,0,0,0
2337,595,0,0,0
2338,595,0,0,0
2339,595,0,0,0
2340,595,0,0,0
2341,595,0,0,0
2342,595,0,0,0
2343,595,0,0,0
2344,595,0,0,0
2345,595,0,0,0
2346,595,0,0,0
2347,595,0,0,0
2348,595,0,0,0
2349,595,0,0,0
2350,595,0,0,0
2351,595,0,0,0
2352,595,0,0,0
2353,595,0,0,0
2354,595,0,0,0
2355,595,0,0,0
2356,595,0,0,0
2357,595,0,0,0
2358,595,0,0,0
2359,595,0,0,0
2360,595,0,0,0
2361,595,0,0,0
2362,595,0,0,0
2363,595,0,0,0
2364,595,0,0,0
2365,595,0,0,0
2366,595,0,0,0
2367,595,0,0,0
2368,595,0,0,0
2369,595,0,0,0
2370,595,0,0,0
2371,595,0,0,0
2372,595,0,0,0
2373,595,0,0,0
2374,595,0,0,0
2375,595,0,0,0
2376,595,0,0,0
2377,595,0,0,0
2378,595,0,0,0
2379,595,0,0,0
2380,568,1,0,27
2381,568,0,0,0
2382,568,0,0,0
2383,568,0,0,0
2384,568,0,0,0
2385,568,0,0,0
2386,568,0,0,0
2387,568,0,0,0
2388,568,0,0,0
2389,568,0,0,0
2390,568,0,0,0
2391,568,0,0,0
2392,568,0,0,0
2393,568,0,0,0
2394,568,0,0,0
2395,568,0,0,0
2396,568,0,0,0
2397,568,0,0,0
2398,568,0,0,0
2399,568,0,0,0
2400,568,0,0,0
2401,568,0,0,0
2402,568,0,0,0
2403,568,0,0,0
2404,568,0,0,0
2405,568,0,0,0
2406,568,0,0,0
2407,568,0,0,0
2408,568,0,0,0
2409,568,0,0,0
2410,568,0,0,0
2411,568,0,0,0
2412,568,0,0,0
2413,568,0,0,0
2414,568,0,0,0
2415,568,0,0,0
2416,568,0,0,0
2417,568,0,0,0
2418,568,0,0,0
2419,568,0,0,0
2420,568,0,0,0
2421,568,0,0,0
2422,568,0,0,0
2423,568,0,0,0
2424,568,0,0,0
2425,568,0,0,0
2426,568,0,0,0
2427,568,0,0,0
2428,568,0,0,0
2429,568,0,0,0
2430,568,0,0,0
2431,568,0,0,0
2432,568,0,0,0
2433,568,0,0,0
2434,568,0,0,0
2435,568,0,0,0
2436,568,0,0,0
2437,568,0,0,0
2438,568,0,0,0
2439,568,0,0,0
2440,588,1,27,7
2441,588,0,0,0
2442,588,0,0,0
2443,588,0,0,0
2444,588,0,0,0
2445,588,0,0,0
2446,588,0,0,0
2447,588,0,0,0
2448,588,0,0,0
2449,588,0,0,0
2450,588,0,0,0
2451,588,0,0,0
2452,588,0,0,0
2453,588,0,0,0
2454,588,0,0,0
2455,588,0,0,0
2456,588,0,0,0
2457,588,0,0,0
2458,588,0,0,0
2459,588,0,0,0
2460,588,0,0,0
2461,588,0,0,0
2462,588,0,0,0
2463,588,0,0,0
2464,588,0,0,0
2465,588,0,0,0
2466,588,0,0,0
2467,588,0,0,0
2468,588,0,0,0
2469,588,0,0,0
2470,588,0,0,0
2471,588,0,0,0
2472,588,0,0,0
2473,588,0,0,0
2474,588,0,0,0
2475,588,0,0,0
2476,588,0,0,0
2477,588,0,0,0
2478,588,0,0,0
2479,588,0,0,0
2480,588,0,0,0
2481,588,0,0,0
2482,588,0,0,0
2483,588,0,0,0
2484,588,0,0,0
2485,588,0,0,0
2486,588,0,0,0
2487,588,0,0,0
2488,588,0,0,0
2489,588,0,0,0
2490,588,0,0,0
2491,588,0,0,0
2492,588,0,0,0
2493,588,0,0,0
2494,588,0,0,0
2495,588,0,0,0
2496,588,0,0,0
2497,588,0,0,0
2498,588,0,0,0
2499,588,0,0,0
2500,595,1,7,0
2501,595,0,0,0
2502,595,0,0,0
2503,595,0,0,0
2504,595,0,0,0
2505,595,0,0,0
2506,595,0,0,0
2507,595,0,0,0
2508,595,0,0,0
2509,595,0,0,0
2510,595,0,0,0
2511,595,0,0,0
2512,595,0,0,0
2513,595,0,0,0
2514,595,0,0,0
2515,595,0,0,0
2516,595,0,0,0
2517,595,0,0,0
2518,595,0,0,0
2519,595,0,0,0
2520,595,0,0,0
2521,595,0,0,0
2522,595,0,0,0
2523,595,0,0,0
2524,595,0,0,0
2525,595,0,0,0
2526,595,0,0,0
2527,595,0,0,0
2528,595,0,0,0
2529,595,0,0,0
2530,595,0,0,0
2531,595,0,0,0
2532,595,0,0,0
2533,595,0,0,0
2534,595,0,0,0
2535,595,0,0,0
2536,595,0,0,0
2537,595,0,0,0
2538,595,0,0,0
2539,595,0,0,0
2540,595,0,0,0
2541,595,0,0,0
2542,595,0,0,0
2543,595,0,0,0
2544,595,0,0,0
2545,595,0,0,0
2546,595,0,0,0
2547,595,0,0,0
2548,595,0,0,0
2549,595,0,0,0
2550,595,0,0,0
2551,595,0,0,0
2552,595,0,0,0
2553,568,1,0,27
2554,568,0,0,0
2555,568,0,0,0
2556,568,0,0,0
2557,568,0,0,0
2558,568,0,0,0
2559,568,0,0,0
2560,568,0,0,0
2561,568,0,0,0
2562,568,0,0,0
2563,568,0,0,0
2564,568,0,0,0
2565,568,0,0,0
2566,568,0,0,0
2567,568,0,0,0
2568,568,0,0,0
2569,568,0,0,0
2570,568,0,0,0
2571,568,0,0,0
2572,568,0,0,0
2573,568,0,0,0
2574,568,0,0,0
2575,568,0,0,0
2576,568,0,0,0
2577,568,0,0,0
2578,568,0,0,0
2579,568,0,0,0
2580,568,0,0,0
2581,568,0,0,0
2582,568,0,0,0
2583,568,0,0,0
2584,568,0,0,0
2585,568,0,0,0
2586,568,0,0,0
2587,568,0,0,0
2588,568,0,0,0
2589,568,0,0,0
2590,568,0,0,0
2591,568,0,0,0
2592,568,0,0,0
2593,568,0,0,0
2594,568,0,0,0
2595,568,0,0,0
2596,568,0,0,0
2597,568,0,0,0
2598,568,0,0,0
2599,568,0,0,0
2600,568,0,0,0
2601,568,0,0,0
2602,568,0,0,0
2603,568,0,0,0
2604,568,0,0,0
2605,568,0,0,0
2606,568,0,0,0
2607,568,0,0,0
2608,568,0,0,0
2609,568,0,0,0
2610,568,0,0,0
2611,568,0,0,0
2612,568,0,0,0
2613,588,1,27,7
2614,588,0,0,0
2615,588,0,0,0
2616,588,0,0,0
2617,588,0,0,0
2618,588,0,0,0
2619,588,0,0,0
2620,588,0,0,0
2621,588,0,0,0
2622,588,0,0,0
2623,588,0,0,0
2624,588,0,0,0
2625,588,0,0,0
2626,588,0,0,0
2627,588,0,0,0
2628,588,0,0,0
2629,588,0,0,0
2630,588,0,0,0
2631,588,0,0,0
2632,588,0,0,0
2633,588,0,0,0
2634,588,0,0,0
2635,588,0,0,0
2636,588,0,0,0
2637,588,0,0,0
2638,588,0,0,0
2639,588,0,0,0
2640,588,0,0,0
2641,588,0,0,0
2642,588,0,0,0
2643,588,0,0,0
2644,588,0,0,0
2645,588,0,0,0
2646,588,0,0,0
2647,588,0,0,0
2648,588,0,0,0
2649,588,0,0,0
2650,588,0,0,0
2651,588,0,0,0
2652,588,0,0,0
2653,588,0,0,0
2654,588,0,0,0
2655,588,0,0,0
2656,588,0,0,0
2657,588,0,0,0
2658,588,0,0,0
2659,588,0,0,0
2660,588,0,0,0
2661,588,0,0,0
2662,588,0,0,0
2663,588,0,0,0
2664,588,0,0,0
2665,588,0,0,0
2666,588,0,0,0
2667,588,0,0,0
2668,588,0,0,0
2669,588,0,0,0
2670,588,0,0,0
2671,588,0,0,0
2672,588,0,0,0
2673,595,1,7,0
2674,595,0,0,0
2675,595,0,0,0
2676,595,0,0,0
2677,595,0,0,0
2678,595,0,0,0
2679,595,0,0,0
2680,595,0,0,0
2681,595,0,0,0
2682,595,0,0,0
2683,595,0,0,0
2684,595,0,0,0
2685,595,0,0,0
2686,595,0,0,0
2687,595,0,0,0
2688,595,0,0,0
2689,595,0,0,0
2690,595,0,0,0
2691,595,0,0,0
2692,595,0,0,0
2693,595,0,0,0
2694,595,0,0,0
2695,595,0,0,0
2696,595,0,0,0
2697,595,0,0,0
2698,595,0,0,0
2699,595,0,0,0
2700,595,0,0,0
2701,595,0,0,0
2702,595,0,0,0
2703,595,0,0,0
2704,595,0,0,0
2705,595,0,0,0
2706,595,0,0,0
2707,595,0,0,0
2708,595,0,0,0
2709,595,0,0,0
2710,595,0,0,0
2711,595,0,0,0
2712,595,0,0,0
2713,595,0,0,0
2714,595,0,0,0
2715,595,0,0,0
2716,595,0,0,0
2717,595,0,0,0
2718,595,0,0,0
2719,595,0,0,0
2720,595,0,0,0
2721,595,0,0,0
2722,595,0,0,0
2723,595,0,0,0
2724,595,0,0,0
2725,568,1,0,27
2726,568,0,0,0
2727,568,0,0,0
2728,568,0,0,0
2729,568,0,0,0
2730,568,0,0,0
2731,568,0,0,0
2732,568,0,0,0
2733,568,0,0,0
2734,568,0,0,0
2735,568,0,0,0
2736,568,0,0,0
2737,568,0,0,0
2738,568,0,0,0
2739,568,0,0,0
2740,568,0,0,0
2741,568,0,0,0
2742,568,0,0,0
2743,568,0,0,0
2744,568,0,0,0
2745,568,0,0,0
2746,568,0,0,0
2747,568,0,0,0
2748,568,0,0,0
2749,568,0,0,0
2750,568,0,0,0
2751,568,0,0,0
2752,568,0,0,0
2753,568,0,0,0
2754,568,0,0,0
2755,568,0,0,0
2756,568,0,0,0
2757,568,0,0,0
2758,568,0,0,0
2759,568,0,0,0
2760,568,0,0,0
2761,568,0,0,0
2762,568,0,0,0
2763,568,0,0,0
2764,568,0,0,0
2765,568,0,0,0
2766,568,0,0,0
2767,568,0,0,0
2768,568,0,0,0
2769,568,0,0,0
2770,568,0,0,0
2771,568,0,0,0
2772,568,0,0,0
2773,568,0,0,0
2774,568,0,0,0
2775,568,0,0,0
2776,568,0,0,0
2777,568,0,0,0
2778,568,0,0,0
2779,568,0,0,0
2780,568,0,0,0
2781,568,0,0,0
2782,568,0,0,0
2783,568,0,0,0
2784,568,0,0,0
2785,588,1,27,7
2786,588,0,0,0
2787,588,0,0,0
2788,588,0,0,0
2789,588,0,0,0
2790,588,0,0,0
2791,588,0,0,0
2792,588,0,0,0
2793,588,0,0,0
2794,588,0,0,0
2795,588,0,0,0
2796,588,0,0,0
2797,588,0,0,0
2798,588,0,0,0
2799,588,0,0,0
2800,588,0,0,0
2801,588,0,0,0
2802,588,0,0,0
2803,588,0,0,0
2804,588,0,0,0
2805,588,0,0,0
2806,588,0,0,0
2807,588,0,0,0
2808,588,0,0,0
2809,588,0,0,0
2810,588,0,0,0
2811,588,0,0,0
2812,588,0,0,0
2813,588,0,0,0
2814,588,0,0,0
2815,588,0,0,0
2816,588,0,0,0
2817,588,0,0,0
2818,588,0,0,0
2819,588,0,0,0
2820,588,0,0,0
2821,588,0,0,0
2822,588,0,0,0
2823,588,0,0,0
2824,588,0,0,0
2825,588,0,0,0
2826,588,0,0,0
2827,588,0,0,0
2828,588,0,0,0
2829,588,0,0,0
2830,588,0,0,0
2831,588,0,0,0
2832,588,0,0,0
2833,588,0,0,0
2834,588,0,0,0
2835,588,0,0,0
2836,588,0,0,0
2837,588,0,0,0
2838,588,0,0,0
2839,588,0,0,0
2840,588,0,0,0
2841,588,0,0,0
2842,588,0,0,0
2843,588,0,0,0
2844,588,0,0,0
2845,595,1,7,0
2846,595,0,0,0
2847,595,0,0,0
2848,595,0,0,0
2849,595,0,0,0
2850,595,0,0,0
2851,595,0,0,0
2852,595,0,0,0
2853,595,0,0,0
2854,595,0,0,0
2855,595,0,0,0
2856,595,0,0,0
2857,595,0,0,0
2858,595,0,0,0
2859,595,0,0,0
2860,595,0,0,0
2861,595,0,0,0
2862,595,0,0,0
2863,595,0,0,0
2864,595,0,0,0
2865,595,0,0,0
2866,595,0,0,0
2867,595,0,0,0
2868,595,0,0,0
2869,595,0,0,0
2870,595,0,0,0
2871,595,0,0,0
2872,595,0,0,0
2873,595,0,0,0
2874,595,0,0,0
2875,595,0,0,0
2876,595,0,0,0
2877,595,0,0,0
2878,595,0,0,0
2879,595,0,0,0
2880,595,0,0,0
2881,595,0,0,0
2882,595,0,0,0
2883,595,0,0,0
2884,595,0,0,0
2885,595,0,0,0
2886,595,0,0,0
2887,595,0,0,0
2888,595,0,0,0
2889,595,0,0,0
2890,595,0,0,0
2891,595,0,0,0
2892,595,0,0,0
2893,595,0,0,0
2894,595,0,0,0
2895,595,0,0,0
2896,595,0,0,0
2897,568,1,0,27
2898,568,0,0,0
2899,568,0,0,0
2900,568,0,0,0
2901,568,0,0,0
2902,568,0,0,0
2903,568,0,0,0
2904,568,0,0,0
2905,568,0,0,0
2906,568,0,0,0
2907,568,0,0,0
2908,568,0,0,0
2909,568,0,0,0
2910,568,0,0,0
2911,568,0,0,0
2912,568,0,0,0
2913,568,0,0,0
2914,568,0,0,0
2915,568,0,0,0
2916,568,0,0,0
2917,568,0,0,0
2918,568,0,0,0
2919,568,0,0,0
2920,568,0,0,0
2921,568,0,0,0
2922,568,0,0,0
2923,568,0,0,0
2924,568,0,0,0
2925,568,0,0,0
2926,568,0,0,0
2927,568,0,0,0
2928,568,0,0,0
2929,568,0,0,0
2930,568,0,0,0
2931,568,0,0,0
2932,568,0,0,0
2933,568,0,0,0
2934,568,0,0,0
2935,568,0,0,0
2936,568,0,0,0
2937,568,0,0,0
2938,568,0,0,0
2939,568,0,0,0
2940,568,0,0,0
2941,568,0,0,0
2942,568,0,0,0
2943,568,0,0,0
2944,568,0,0,0
2945,568,0,0,0
2946,568,0,0,0
2947,568,0,0,0
2948,568,0,0,0
2949,568,0,0,0
2950,568,0,0,0
2951,568,0,0,0
2952,568,0,0,0
2953,568,0,0,0
2954,568,0,0,0
2955,568,0,0,0
2956,568,0,0,0
2957,588,1,27,7
2958,588,0,0,0
2959,588,0,0,0
2960,588,0,0,0
2961,588,0,0,0
2962,588,0,0,0
2963,588,0,0,0
2964,588,0,0,0
2965,588,0,0,0
2966,588,0,0,0
2967,588,0,0,0
2968,588,0,0,0
2969,588,0,0,0
2970,588,0,0,0
2971,588,0,0,0
2972,588,0,0,0
2973,588,0,0,0
2974,588,0,0,0
2975,588,0,0,0
2976,588,0,0,0
2977,588,0,0,0
2978,588,0,0,0
2979,588,0,0,0
2980,588,0,0,0
2981,588,0,0,0
2982,588,0,0,0
2983,588,0,0,0
2984,588,0,0,0
2985,588,0,0,0
2986,588,0,0,0
2987,588,0,0,0
2988,588,0,0,0
2989,588,0,0,0
2990,588,0,0,0
2991,588,0,0,0
2992,588,0,0,0
2993,588,0,0,0
2994,588,0,0,0
2995,588,0,0,0
2996,588,0,0,0
2997,588,0,0,0
2998,588,0,0,0
2999,588,0,0,0
3000,588,0,0,0
3001,588,0,0,0
3002,588,0,0,0
3003,588,0,0,0
3004,588,0,0,0
3005,588,0,0,0
3006,588,0,0,0
3007,588,0,0,0
3008,588,0,0,0
3009,588,0,0,0
3010,588,0,0,0
3011,588,0,0,0
3012,588,0,0,0
3013,588,0,0,0
3014,588,0,0,0
3015,588,0,0,0
3016,588,0,0,0
3017,595,1,7,0
3018,595,0,0,0
3019,595,0,0,0
3020,595,0,0,0
3021,595,0,0,0
3022,595,0,0,0
3023,595,0,0,0
3024,595,0,0,0
3025,595,0,0,0
3026,595,0,0,0
3027,595,0,0,0
3028,595,0,0,0
3029,595,0,0,0
3030,595,0,0,0
3031,595,0,0,0
3032,595,0,0,0
3033,595,0,0,0
3034,595,0,0,0
3035,595,0,0,0
3036,595,0,0,0
3037,595,0,0,0
3038,595,0,0,0
3039,595,0,0,0
3040,595,0,0,0
3041,595,0,0,0
3042,595,0,0,0
3043,595,0,0,0
3044,595,0,0,0
3045,595,0,0,0
3046,595,0,0,0
3047,595,0,0,0
3048,595,0,0,0
3049,595,0,0,0
3050,595,0,0,0
3051,595,0,0,0
3052,595,0,0,0
3053,595,0,0,0
3054,595,0,0,0
3055,595,0,0,0
3056,595,0,0,0
3057,595,0,0,0
3058,595,0,0,0
3059,595,0,0,0
3060,595,0,0,0
3061,595,0,0,0
3062,595,0,0,0
3063,595,0,0,0
3064,595,0,0,0
3065,595,0,0,0
3066,595,0,0,0
3067,595,0,0,0
3068,595,0,0,0
3069,568,1,0,27
3070,568,0,0,0
3071,568,0,0,0
3072,568,0,0,0
3073,568,0,0,0
3074,568,0,0,0
3075,568,0,0,0
3076,568,0,0,0
3077,568,0,0,0
3078,568,0,0,0
3079,568,0,0,0
3080,568,0,0,0
3081,568,0,0,0
3082,568,0,0,0
3083,568,0,0,0
3084,568,0,0,0
3085,568,0,0,0
3086,568,0,0,0
3087,568,0,0,0
3088,568,0,0,0
3089,568,0,0,0
3090,568,0,0,0
3091,568,0,0,0
3092,568,0,0,0
3093,568,0,0,0
3094,568,0,0,0
3095,568,0,0,0
3096,568,0,0,0
3097,568,0,0,0
3098,568,0,0,0
3099,568,0,0,0
3100,568,0,0,0
3101,568,0,0,0
3102,568,0,0,0
3103,568,0,0,0
3104,568,0,0,0
3105,568,0,0,0
3106,568,0,0,0
3107,568,0,0,0
3108,568,0,0,0
3109,568,0,0,0
3110,568,0,0,0
3111,568,0,0,0
3112,568,0,0,0
3113,568,0,0,0
3114,568,0,0,0
3115,568,0,0,0
3116,568,0,0,0
3117,568,0,0,0
3118,568,0,0,0
3119,568,0,0,0
3120,568,0,0,0
3121,568,0,0,0
3122,568,0,0,0
3123,568,0,0,0
3124,568,0,0,0
3125,568,0,0,0
3126,568,0,0,0
3127,568,0,0,0
3128,568,0,0,0
3129,588,1,27,7
3130,588,0,0,0
3131,588,0,0,0
3132,588,0,0,0
3133,588,0,0,0
3134,588,0,0,0
3135,588,0,0,0
3136,588,0,0,0
3137,588,0,0,0
3138,588,0,0,0
3139,588,0,0,0
3140,588,0,0,0
3141,588,0,0,0
3142,588,0,0,0
3143,588,0,0,0
3144,588,0,0,0
3145,588,0,0,0
3146,588,0,0,0
3147,588,0,0,0
3148,588,0,0,0
3149,588,0,0,0
3150,588,0,0,0
3151,588,0,0,0
3152,588,0,0,0
3153,588,0,0,0
3154,588,0,0,0
3155,588,0,0,0
3156,588,0,0,0
3157,588,0,0,0
3158,588,0,0,0
3159,588,0,0,0
3160,588,0,0,0
3161,588,0,0,0
3162,588,0,0,0
3163,588,0,0,0
3164,588,0,0,0
3165,588,0,0,0
3166,588,0,0,0
3167,588,0,0,0
3168,588,0,0,0
3169,588,0,0,0
3170,588,0,0,0
3171,588,0,0,0
3172,588,0,0,0
3173,588,0,0,0
3174,588,0,0,0
3175,588,0,0,0
3176,588,0,0,0
3177,588,0,0,0
3178,588,0,0,0
3179,588,0,0,0
3180,588,0,0,0
3181,588,0,0,0
3182,588,0,0,0
3183,588,0,0,0
3184,588,0,0,0
3185,588,0,0,0
3186,588,0,0,0
3187,588,0,0,0
3188,588,0,0,0
3189,595,1,7,0
3190,595,0,0,0
3191,595,0,0,0
3192,595,0,0,0
3193,595,0,0,0
3194,595,0,0,0
3195,595,0,0,0
3196,595,0,0,0
3197,595,0,0,0
3198,595,0,0,0
3199,595,0,0,0
3200,595,0,0,0
3201,595,0,0,0
3202,595,0,0,0
3203,595,0,0,0
3204,595,0,0,0
3205,595,0,0,0
3206,595,0,0,0
3207,595,0,0,0
3208,595,0,0,0
3209,595,0,0,0
3210,595,0,0,0
3211,595,0,0,0
3212,595,0,0,0
3213,595,0,0,0
3214,595,0,0,0
3215,595,0,0,0
3216,595,0,0,0
3217,595,0,0,0
3218,595,0,0,0
3219,595,0,0,0
3220,595,0,0,0
3221,595,0,0,0
3222,595,0,0,0
3223,595,0,0,0
3224,595,0,0,0
3225,595,0,0,0
3226,595,0,0,0
3227,595,0,0,0
3228,595,0,0,0
3229,595,0,0,0
3230,595,0,0,0
3231,595,0,0,0
3232,595,0,0,0
3233,595,0,0,0
3234,595,0,0,0
3235,595,0,0,0
3236,595,0,0,0
3237,595,0,0,0
3238,595,0,0,0
3239,595,0,0,0
3240,568,1,0,27
3241,568,0,0,0
3242,568,0,0,0
3243,568,0,0,0
3244,568,0,0,0
3245,568,0,0,0
3246,568,0,0,0
3247,568,0,0,0
3248,568,0,0,0
3249,568,0,0,0
3250,568,0,0,0
3251,568,0,0,0
3252,568,0,0,0
3253,568,0,0,0
3254,568,0,0,0
3255,568,0,0,0
3256,568,0,0,0
3257,568,0,0,0
3258,568,0,0,0
3259,568,0,0,0
3260,568,0,0,0
3261,568,0,0,0
3262,568,0,0,0
3263,568,0,0,0
3264,568,0,0,0
3265,568,0,0,0
3266,568,0,0,0
3267,568,0,0,0
3268,568,0,0,0
3269,568,0,0,0
3270,568,0,0,0
3271,568,0,0,0
3272,568,0,0,0
3273,568,0,0,0
3274,568,0,0,0
3275,568,0,0,0
3276,568,0,0,0
3277,568,0,0,0
3278,568,0,0,0
3279,568,0,0,0
3280,568,0,0,0
3281,568,0,0,0
3282,568,0,0,0
3283,568,0,0,0
3284,568,0,0,0
3285,568,0,0,0
3286,568,0,0,0
3287,568,0,0,0
3288,568,0,0,0
3289,568,0,0,0
3290,568,0,0,0
3291,568,0,0,0
3292,568,0,0,0
3293,568,0,0,0
3294,568,0,0,0
3295,568,0,0,0
3296,568,0,0,0
3297,568,0,0,0
3298,568,0,0,0
3299,568,0,0,0
3300,588,1,27,7
3301,588,0,0,0
3302,588,0,0,0
3303,588,0,0,0
3304,588,0,0,0
3305,588,0,0,0
3306,588,0,0,0
3307,588,0,0,0
3308,588,0,0,0
3309,588,0,0,0
3310,588,0,0,0
3311,588,0,0,0
3312,588,0,0,0
3313,588,0,0,0
3314,588,0,0,0
3315,588,0,0,0
3316,588,0,0,0
3317,588,0,0,0
3318,588,0,0,0
3319,588,0,0,0
3320,588,0,0,0
3321,588,0,0,0
3322,588,0,0,0
3323,588,0,0,0
3324,588,0,0,0
3325,588,0,0,0
3326,588,0,0,0
3327,588,0,0,0
3328,588,0,0,0
3329,588,0,0,0
3330,588,0,0,0
3331,588,0,0,0
3332,588,0,0,0
3333,588,0,0,0
3334,588,0,0,0
3335,588,0,0,0
3336,588,0,0,0
3337,588,0,0,0
3338,588,0,0,0
3339,588,0,0,0
3340,588,0,0,0
3341,588,0,0,0
3342,588,0,0,0
3343,588,0,0,0
3344,588,0,0,0
3345,588,0,0,0
3346,588,0,0,0
3347,588,0,0,0
3348,588,0,0,0
3349,588,0,0,0
3350,588,0,0,0
3351,588,0,0,0
3352,588,0,0,0
3353,588,0,0,0
3354,588,0,0,0
3355,588,0,0,0
3356,588,0,0,0
3357,588,0,0,0
3358,588,0,0,0
3359,588,0,0,0
3360,595,1,7,0
3361,595,0,0,0
3362,595,0,0,0
3363,595,0,0,0
3364,595,0,0,0
3365,595,0,0,0
3366,595,0,0,0
3367,595,0,0,0
3368,595,0,0,0
3369,595,0,0,0
3370,595,0,0,0
3371,595,0,0,0
3372,595,0,0,0
3373,595,0,0,0
3374,595,0,0,0
3375,595,0,0,0
3376,595,0,0,0
3377,595,0,0,0
3378,595,0,0,0
3379,595,0,0,0
3380,595,0,0,0
3381,595,0,0,0
3382,595,0,0,0
3383,595,0,0,0
3384,595,0,0,0
3385,595,0,0,0
3386,595,0,0,0
3387,595,0,0,0
3388,595,0,0,0
3389,595,0,0,0
3390,595,0,0,0
3391,595,0,0,0
3392,595,0,0,0
3393,595,0,0,0
3394,595,0,0,0
3395,595,0,0,0
3396,595,0,0,0
3397,595,0,0,0
3398,595,0,0,0
3399,595,0,0,0
3400,595,0,0,0
3401,595,0,0,0
3402,595,0,0,0
3403,595,0,0,0
3404,595,0,0,0
3405,595,0,0,0
3406,595,0,0,0
3407,595,0,0,0
3408,595,0,0,0
3409,595,0,0,0
3410,568,1,0,27
3411,568,0,0,0
3412,568,0,0,0
3413,568,0,0,0
3414,568,0,0,0
3415,568,0,0,0
3416,568,0,0,0
3417,568,0,0,0
3418,568,0,0,0
3419,568,0,0,0
3420,568,0,0,0
3421,568,0,0,0
3422,568,0,0,0
3423,568,0,0,0
3424,568,0,0,0
3425,568,0,0,0
3426,568,0,0,0
3427,568,0,0,0
3428,568,0,0,0
3429,568,0,0,0
3430,568,0,0,0
3431,568,0,0,0
3432,568,0,0,0
3433,568,0,0,0
3434,568,0,0,0
3435,568,0,0,0
3436,568,0,0,0
3437,568,0,0,0
3438,568,0,0,0
3439,568,0,0,0
3440,568,0,0,0
3441,568,0,0,0
3442,568,0,0,0
3443,568,0,0,0
3444,568,0,0,0
3445,568,0,0,0
3446,568,0,0,0
3447,568,0,0,0
3448,568,0,0,0
3449,568,0,0,0
3450,568,0,0,0
3451,568,0,0,0
3452,568,0,0,0
3453,568,0,0,0
3454,568,0,0,0
3455,568,0,0,0
3456,568,0,0,0
3457,568,0,0,0
3458,568,0,0,0
3459,568,0,0,0
3460,568,0,0,0
3461,568,0,0,0
3462,568,0,0,0
3463,568,0,0,0
3464,568,0,0,0
3465,568,0,0,0
3466,568,0,0,0
3467,568,0,0,0
3468,568,0,0,0
3469,568,0,0,0
3470,588,1,27,7
3471,588,0,0,0
3472,588,0,0,0
3473,588,0,0,0
3474,588,0,0,0
3475,588,0,0,0
3476,588,0,0,0
3477,588,0,0,0
3478,588,0,0,0
3479,588,0,0,0
3480,588,0,0,0
3481,588,0,0,0
3482,588,0,0,0
3483,588,0,0,0
3484,588,0,0,0
3485,588,0,0,0
3486,588,0,0,0
3487,588,0,0,0
3488,588,0,0,0
3489,588,0,0,0
3490,588,0,0,0
3491,588,0,0,0
3492,588,0,0,0
3493,588,0,0,0
3494,588,0,0,0
3495,588,0,0,0
3496,588,0,0,0
3497,588,0,0,0
3498,588,0,0,0
3499,588,0,0,0
3500,588,0,0,0
3501,588,0,0,0
3502,588,0,0,0
3503,588,0,0,0
3504,588,0,0,0
3505,588,0,0,0
3506,588,0,0,0
3507,588,0,0,0
3508,588,0,0,0
3509,588,0,0,0
3510,588,0,0,0
3511,588,0,0,0
3512,588,0,0,0
3513,588,0,0,0
3514,588,0,0,0
3515,588,0,0,0
3516,588,0,0,0
3517,588,0,0,0
3518,588,0,0,0
3519,588,0,0,0
3520,588,0,0,0
3521,588,0,0,0
3522,588,0,0,0
3523,588,0,0,0
3524,588,0,0,0
3525,588,0,0,0
3526,588,0,0,0
3527,588,0,0,0
3528,588,0,0,0
3529,588,0,0,0
3530,595,1,7,0
3531,595,0,0,0
3532,595,0,0,0
3533,595,0,0,0
3534,595,0,0,0
3535,595,0,0,0
3536,595,0,0,0
3537,595,0,0,0
3538,595,0,0,0
3539,595,0,0,0
3540,595,0,0,0
3541,595,0,0,0
3542,595,0,0,0
3543,595,0,0,0
3544,595,0,0,0
3545,595,0,0,0
3546,595,0,0,0
3547,595,0,0,0
3548,595,0,0,0
3549,595,0,0,0
3550,595,0,0,0
3551,595,0,0,0
3552,595,0,0,0
3553,595,0,0,0
3554,595,0,0,0
3555,595,0,0,0
3556,595,0,0,0
3557,595,0,0,0
3558,595,0,0,0
3559,595,0,0,0
3560,595,0,0,0
3561,595,0,0,0
3562,595,0,0,0
3563,595,0,0,0
3564,595,0,0,0
3565,595,0,0,0
3566,595,0,0,0
3567,595,0,0,0
3568,595,0,0,0
3569,595,0,0,0
3570,595,0,0,0
3571,595,0,0,0
3572,595,0,0,0
3573,595,0,0,0
3574,595,0,0,0
3575,595,0,0,0
3576,595,0,0,0
3577,595,0,0,0
3578,595,0,0,0
3579,568,1,0,27
3580,568,0,0,0
3581,568,0,0,0
3582,568,0,0,0
3583,568,0,0,0
3584,568,0,0,0
3585,568,0,0,0
3586,568,0,0,0
3587,568,0,0,0
3588,568,0,0,0
3589,568,0,0,0
3590,568,0,0,0
3591,568,0,0,0
3592,568,0,0,0
3593,568,0,0,0
3594,568,0,0,0
3595,568,0,0,0
3596,568,0,0,0
3597,568,0,0,0
3598,568,0,0,0
3599,568,0,0,0
3600,568,0,0,0
3601,568,0,0,0
3602,568,0,0,0
3603,568,0,0,0
3604,568,0,0,0
3605,568,0,0,0
3606,568,0,0,0
3607,568,0,0,0
3608,568,0,0,0
3609,568,0,0,0
3610,568,0,0,0
3611,568,0,0,0
3612,568,0,0,0
3613,568,0,0,0
3614,568,0,0,0
3615,568,0,0,0
3616,568,0,0,0
3617,568,0,0,0
3618,568,0,0,0
3619,568,0,0,0
3620,568,0,0,0
3621,568,0,0,0
3622,568,0,0,0
3623,568,0,0,0
3624,568,0,0,0
3625,568,0,0,0
3626,568,0,0,0
3627,568,0,0,0
3628,568,0,0,0
3629,568,0,0,0
3630,568,0,0,0
3631,568,0,0,0
3632,568,0,0,0
3633,568,0,0,0
3634,568,0,0,0
3635,568,0,0,0
3636,568,0,0,0
3637,568,0,0,0
3638,568,0,0,0
3639,588,1,27,7
3640,588,0,0,0
3641,588,0,0,0
3642,588,0,0,0
3643,588,0,0,0
3644,588,0,0,0
3645,588,0,0,0
3646,588,0,0,0
3647,588,0,0,0
3648,588,0,0,0
3649,588,0,0,0
3650,588,0,0,0
3651,588,0,0,0
3652,588,0,0,0
3653,588,0,0,0
3654,588,0,0,0
3655,588,0,0,0
3656,588,0,0,0
3657,588,0,0,0
3658,588,0,0,0
3659,588,0,0,0
3660,588,0,0,0
3661,588,0,0,0
3662,588,0,0,0
3663,588,0,0,0
3664,588,0,0,0
3665,588,0,0,0
3666,588,0,0,0
3667,588,0,0,0
3668,588,0,0,0
3669,595,1,7,0
3670,595,0,0,0
3671,595,0,0,0
3672,595,0,0,0
3673,595,0,0,0
3674,595,0,0,0
3675,595,0,0,0
3676,595,0,0,0
3677,595,0,0,0
3678,595,0,0,0
3679,595,0,0,0
3680,595,0,0,0
3681,595,0,0,0
3682,595,0,0,0
3683,595,0,0,0
3684,595,0,0,0
3685,595,0,0,0
3686,595,0,0,0
3687,595,0,0,0
3688,595,0,0,0
3689,595,0,0,0
3690,595,0,0,0
3691,595,0,0,0
3692,595,0,0,0
3693,595,0,0,0
3694,595,0,0,0
3695,595,0,0,0
3696,595,0,0,0
3697,595,0,0,0
3698,595,0,0,0
3699,595,0,0,0
3700,595,0,0,0
3701,595,0,0,0
3702,595,0,0,0
3703,595,0,0,0
3704,595,0,0,0
3705,595,0,0,0
3706,595,0,0,0
3707,595,0,0,0
3708,595,0,0,0
3709,595,0,0,0
3710,595,0,0,0
3711,595,0,0,0
3712,595,0,0,0
3713,595,0,0,0
3714,595,0,0,0
3715,595,0,0,0
3716,595,0,0,0
3717,595,0,0,0
3718,595,0,0,0
3719,595,0,0,0
3720,595,0,0,0
3721,595,0,0,0
3722,595,0,0,0
3723,595,0,0,0
3724,595,0,0,0
3725,595,0,0,0
3726,595,0,0,0
3727,595,0,0,0
3728,595,0,0,0
3729,595,0,0,0
3730,595,0,0,0
3731,595,0,0,0
3732,595,0,0,0
3733,595,0,0,0
3734,595,0,0,0
3735,595,0,0,0
3736,595,0,0,0
3737,595,0,0,0
3738,595,0,0,0
3739,595,0,0,0
3740,595,0,0,0
3741,595,0,0,0
3742,595,0,0,0
3743,595,0,0,0
3744,595,0,0,0
3745,595,0,0,0
3746,595,0,0,0
3747,567,1,0,28
3748,567,0,0,0
3749,567,0,0,0
3750,567,0,0,0
3751,567,0,0,0
3752,567,0,0,0
3753,567,0,0,0
3754,567,0,0,0
3755,567,0,0,0
3756,567,0,0,0
3757,567,0,0,0
3758,567,0,0,0
3759,567,0,0,0
3760,567,0,0,0
3761,567,0,0,0
3762,567,0,0,0
3763,567,0,0,0
3764,567,0,0,0
3765,567,0,0,0
3766,567,0,0,0
3767,567,0,0,0
3768,567,0,0,0
3769,567,0,0,0
3770,567,0,0,0
3771,567,0,0,0
3772,567,0,0,0
3773,567,0,0,0
3774,567,0,0,0
3775,567,0,0,0
3776,567,0,0,0
3777,567,0,0,0
3778,567,0,0,0
3779,567,0,0,0
3780,567,0,0,0
3781,567,0,0,0
3782,567,0,0,0
3783,567,0,0,0
3784,567,0,0,0
3785,567,0,0,0
3786,567,0,0,0
3787,567,0,0,0
3788,567,0,0,0
3789,567,0,0,0
3790,567,0,0,0
3791,567,0,0,0
3792,567,0,0,0
3793,567,0,0,0
3794,567,0,0,0
3795,567,0,0,0
3796,567,0,0,0
3797,567,0,0,0
3798,567,0,0,0
3799,567,0,0,0
3800,567,0,0,0
3801,567,0,0,0
3802,567,0,0,0
3803,567,0,0,0
3804,567,0,0,0
3805,567,0,0,0
3806,567,0,0,0
3807,589,1,28,6
3808,589,0,0,0
3809,589,0,0,0
3810,589,0,0,0
3811,589,0,0,0
3812,589,0,0,0
3813,589,0,0,0
3814,589,0,0,0
3815,589,0,0,0
3816,589,0,0,0
3817,589,0,0,0
3818,589,0,0,0
3819,589,0,0,0
3820,589,0,0,0
3821,589,0,0,0
3822,589,0,0,0
3823,589,0,0,0
3824,589,0,0,0
3825,589,0,0,0
3826,589,0,0,0
3827,589,0,0,0
3828,589,0,0,0
3829,589,0,0,0
3830,589,0,0,0
3831,589,0,0,0
3832,589,0,0,0
3833,589,0,0,0
3834,589,0,0,0
3835,589,0,0,0
3836,589,0,0,0
3837,589,0,0,0
3838,589,0,0,0
3839,589,0,0,0
3840,589,0,0,0
3841,589,0,0,0
3842,589,0,0,0
3843,589,0,0,0
3844,589,0,0,0
3845,589,0,0,0
3846,589,0,0,0
3847,589,0,0,0
3848,589,0,0,0
3849,589,0,0,0
3850,589,0,0,0
3851,589,0,0,0
3852,589,0,0,0
3853,589,0,0,0
3854,589,0,0,0
3855,589,0,0,0
3856,589,0,0,0
3857,589,0,0,0
3858,589,0,0,0
3859,589,0,0,0
3860,589,0,0,0
3861,589,0,0,0
3862,589,0,0,0
3863,589,0,0,0
3864,589,0,0,0
3865,589,0,0,0
3866,589,0,0,0
3867,595,1,6,0
3868,595,0,0,0
3869,595,0,0,0
3870,595,0,0,0
3871,595,0,0,0
3872,595,0,0,0
3873,595,0,0,0
3874,595,0,0,0
3875,595,0,0,0
3876,595,0,0,0
3877,595,0,0,0
3878,595,0,0,0
3879,595,0,0,0
3880,595,0,0,0
3881,595,0,0,0
3882,595,0,0,0
3883,595,0,0,0
3884,595,0,0,0
3885,595,0,0,0
3886,595,0,0,0
3887,595,0,0,0
3888,595,0,0,0
3889,595,0,0,0
3890,595,0,0,0
3891,595,0,0,0
3892,595,0,0,0
3893,595,0,0,0
3894,595,0,0,0
3895,595,0,0,0
3896,595,0,0,0
3897,595,0,0,0
3898,595,0,0,0
3899,595,0,0,0
3900,595,0,0,0
3901,595,0,0,0
3902,595,0,0,0
3903,595,0,0,0
3904,595,0,0,0
3905,595,0,0,0
3906,595,0,0,0
3907,595,0,0,0
3908,595,0,0,0
3909,595,0,0,0
3910,595,0,0,0
3911,595,0,0,0
3912,595,0,0,0
3913,595,0,0,0
3914,595,0,0,0
3915,567,1,0,28
3916,567,0,0,0
3917,567,0,0,0
3918,567,0,0,0
3919,567,0,0,0
3920,567,0,0,0
3921,567,0,0,0
3922,567,0,0,0
3923,567,0,0,0
3924,567,0,0,0
3925,567,0,0,0
3926,567,0,0,0
3927,567,0,0,0
3928,567,0,0,0
3929,567,0,0,0
3930,567,0,0,0
3931,567,0,0,0
3932,567,0,0,0
3933,567,0,0,0
3934,567,0,0,0
3935,567,0,0,0
3936,567,0,0,0
3937,567,0,0,0
3938,567,0,0,0
3939,567,0,0,0
3940,567,0,0,0
3941,567,0,0,0
3942,567,0,0,0
3943,567,0,0,0
3944,567,0,0,0
3945,567,0,0,0
3946,567,0,0,0
3947,567,0,0,0
3948,567,0,0,0
3949,567,0,0,0
3950,567,0,0,0
3951,567,0,0,0
3952,567,0,0,0
3953,567,0,0,0
3954,567,0,0,0
3955,567,0,0,0
3956,567,0,0,0
3957,567,0,0,0
3958,567,0,0,0
3959,567,0,0,0
3960,567,0,0,0
3961,567,0,0,0
3962,567,0,0,0
3963,567,0,0,0
3964,567,0,0,0
3965,567,0,0,0
3966,567,0,0,0
3967,567,0,0,0
3968,567,0,0,0
3969,567,0,0,0
3970,567,0,0,0
3971,567,0,0,0
3972,567,0,0,0
3973,567,0,0,0
3974,567,0,0,0
3975,589,1,28,6
3976,589,0,0,0
3977,589,0,0,0
3978,589,0,0,0
3979,589,0,0,0
3980,589,0,0,0
3981,589,0,0,0
3982,589,0,0,0
3983,589,0,0,0
3984,589,0,0,0
3985,589,0,0,0
3986,589,0,0,0
3987,589,0,0,0
3988,589,0,0,0
3989,589,0,0,0
3990,589,0,0,0
3991,589,0,0,0
3992,589,0,0,0
3993,589,0,0,0
3994,589,0,0,0
3995,589,0,0,0
3996,589,0,0,0
3997,589,0,0,0
3998,589,0,0,0
3999,589,0,0,0
4000,589,0,0,0
4001,589,0,0,0
4002,589,0,0,0
4003,589,0,0,0
4004,589,0,0,0
4005,589,0,0,0
4006,589,0,0,0
4007,589,0,0,0
4008,589,0,0,0
4009,589,0,0,0
4010,589,0,0,0
4011,589,0,0,0
4012,589,0,0,0
4013,589,0,0,0
4014,589,0,0,0
4015,589,0,0,0
4016,589,0,0,0
4017,589,0,0,0
4018,589,0,0,0
4019,589,0,0,0
4020,589,0,0,0
4021,589,0,0,0
4022,589,0,0,0
4023,589,0,0,0
4024,589,0,0,0
4025,589,0,0,0
4026,589,0,0,0
4027,589,0,0,0
4028,589,0,0,0
4029,589,0,0,0
4030,589,0,0,0
4031,589,0,0,0
4032,589,0,0,0
4033,589,0,0,0
4034,589,0,0,0
4035,595,1,6,0
4036,595,0,0,0
4037,595,0,0,0
4038,595,0,0,0
4039,595,0,0,0
4040,595,0,0,0
4041,595,0,0,0
4042,595,0,0,0
4043,595,0,0,0
4044,595,0,0,0
4045,595,0,0,0
4046,595,0,0,0
4047,595,0,0,0
4048,595,0,0,0
4049,595,0,0,0
4050,595,0,0,0
4051,595,0,0,0
4052,595,0,0,0
4053,595,0,0,0
4054,595,0,0,0
4055,595,0,0,0
4056,595,0,0,0
4057,595,0,0,0
4058,595,0,0,0
4059,595,0,0,0
4060,595,0,0,0
4061,595,0,0,0
4062,595,0,0,0
4063,595,0,0,0
4064,595,0,0,0
4065,595,0,0,0
4066,595,0,0,0
4067,595,0,0,0
4068,595,0,0,0
4069,595,0,0,0
4070,595,0,0,0
4071,595,0,0,0
4072,595,0,0,0
4073,595,0,0,0
4074,595,0,0,0
4075,595,0,0,0
4076,595,0,0,0
4077,595,0,0,0
4078,595,0,0,0
4079,595,0,0,0
4080,595,0,0,0
4081,595,0,0,0
4082,595,0,0,0
4083,595,0,0,0
4084,595,0,0,0
4085,595,0,0,0
4086,595,0,0,0
4087,595,0,0,0
4088,595,0,0,0
4089,595,0,0,0
4090,578,1,0,17
4091,578,0,0,0
4092,578,0,0,0
4093,578,0,0,0
4094,567,1,0,11
4095,567,0,0,0
4096,567,0,0,0
4097,567,0,0,0
4098,567,0,0,0
4099,567,0,0,0
4100,567,0,0,0
4101,567,0,0,0
4102,567,0,0,0
4103,567,0,0,0
4104,567,0,0,0
4105,567,0,0,0
4106,567,0,0,0
4107,567,0,0,0
4108,567,0,0,0
4109,567,0,0,0
4110,567,0,0,0
4111,567,0,0,0
4112,567,0,0,0
4113,567,0,0,0
4114,567,0,0,0
4115,567,0,0,0
4116,567,0,0,0
4117,567,0,0,0
4118,567,0,0,0
4119,567,0,0,0
4120,567,0,0,0
4121,567,0,0,0
4122,567,0,0,0
4123,567,0,0,0
4124,567,0,0,0
4125,567,0,0,0
4126,567,0,0,0
4127,567,0,0,0
4128,567,0,0,0
4129,567,0,0,0
4130,567,0,0,0
4131,567,0,0,0
4132,567,0,0,0
4133,567,0,0,0
4134,567,0,0,0
4135,567,0,0,0
4136,567,0,0,0
4137,567,0,0,0
4138,567,0,0,0
4139,567,0,0,0
4140,567,0,0,0
4141,567,0,0,0
4142,567,0,0,0
4143,567,0,0,0
4144,567,0,0,0
4145,567,0,0,0
4146,567,0,0,0
4147,567,0,0,0
4148,567,0,0,0
4149,567,0,0,0
4150,589,1,28,6
4151,589,0,0,0
4152,589,0,0,0
4153,589,0,0,0
4154,589,0,0,0
4155,589,0,0,0
4156,589,0,0,0
4157,589,0,0,0
4158,589,0,0,0
4159,589,0,0,0
4160,589,0,0,0
4161,589,0,0,0
4162,589,0,0,0
4163,589,0,0,0
4164,589,0,0,0
4165,589,0,0,0
4166,589,0,0,0
4167,589,0,0,0
4168,589,0,0,0
4169,589,0,0,0
4170,589,0,0,0
4171,589,0,0,0
4172,589,0,0,0
4173,589,0,0,0
4174,589,0,0,0
4175,589,0,0,0
4176,589,0,0,0
4177,589,0,0,0
4178,589,0,0,0
4179,589,0,0,0
4180,589,0,0,0
4181,589,0,0,0
4182,589,0,0,0
4183,589,0,0,0
4184,589,0,0,0
4185,589,0,0,0
4186,589,0,0,0
4187,589,0,0,0
4188,589,0,0,0
4189,589,0,0,0
4190,589,0,0,0
4191,589,0,0,0
4192,589,0,0,0
4193,589,0,0,0
4194,589,0,0,0
4195,589,0,0,0
4196,589,0,0,0
4197,589,0,0,0
4198,589,0,0,0
4199,589,0,0,0
4200,589,0,0,0
4201,589,0,0,0
4202,589,0,0,0
4203,589,0,0,0
4204,589,0,0,0
4205,589,0,0,0
4206,589,0,0,0
4207,589,0,0,0
4208,589,0,0,0
4209,589,0,0,0
4210,595,1,6,0
4211,595,0,0,0
4212,595,0,0,0
4213,595,0,0,0
4214,595,0,0,0
4215,595,0,0,0
4216,595,0,0,0
4217,595,0,0,0
4218,595,0,0,0
4219,595,0,0,0
4220,595,0,0,0
4221,595,0,0,0
4222,595,0,0,0
4223,595,0,0,0
4224,595,0,0,0
4225,595,0,0,0
4226,595,0,0,0
4227,595,0,0,0
4228,595,0,0,0
4229,595,0,0,0
4230,595,0,0,0
4231,595,0,0,0
4232,595,0,0,0
4233,595,0,0,0
4234,595,0,0,0
4235,595,0,0,0
4236,595,0,0,0
4237,595,0,0,0
4238,595,0,0,0
4239,595,0,0,0
4240,595,0,0,0
4241,595,0,0,0
4242,595,0,0,0
4243,595,0,0,0
4244,595,0,0,0
4245,595,0,0,0
4246,595,0,0,0
4247,595,0,0,0
4248,595,0,0,0
4249,595,0,0,0
4250,595,0,0,0
4251,595,0,0,0
4252,595,0,0,0
4253,595,0,0,0
4254,595,0,0,0
4255,595,0,0,0
4256,595,0,0,0
4257,595,0,0,0
4258,595,0,0,0
4259,595,0,0,0
4260,595,0,0,0
4261,595,0,0,0
4262,595,0,0,0
4263,595,0,0,0
4264,595,0,0,0
4265,567,1,0,28
4266,567,0,0,0
4267,567,0,0,0
4268,567,0,0,0
4269,567,0,0,0
4270,567,0,0,0
4271,567,0,0,0
4272,567,0,0,0
4273,567,0,0,0
4274,567,0,0,0
4275,567,0,0,0
4276,567,0,0,0
4277,567,0,0,0
4278,567,0,0,0
4279,567,0,0,0
4280,567,0,0,0
4281,567,0,0,0
4282,567,0,0,0
4283,567,0,0,0
4284,567,0,0,0
4285,567,0,0,0
4286,567,0,0,0
4287,567,0,0,0
4288,567,0,0,0
4289,567,0,0,0
4290,567,0,0,0
4291,567,0,0,0
4292,567,0,0,0
4293,567,0,0,0
4294,567,0,0,0
4295,567,0,0,0
4296,567,0,0,0
4297,567,0,0,0
4298,567,0,0,0
4299,567,0,0,0
4300,567,0,0,0
4301,567,0,0,0
4302,567,0,0,0
4303,567,0,0,0
4304,567,0,0,0
4305,567,0,0,0
4306,567,0,0,0
4307,567,0,0,0
4308,567,0,0,0
4309,567,0,0,0
4310,567,0,0,0
4311,567,0,0,0
4312,567,0,0,0
4313,567,0,0,0
4314,567,0,0,0
4315,567,0,0,0
4316,567,0,0,0
4317,567,0,0,0
4318,567,0,0,0
4319,567,0,0,0
4320,567,0,0,0
4321,567,0,0,0
4322,567,0,0,0
4323,567,0,0,0
4324,567,0,0,0
4325,589,1,28,6
4326,589,0,0,0
4327,589,0,0,0
4328,589,0,0,0
4329,589,0,0,0
4330,589,0,0,0
4331,589,0,0,0
4332,589,0,0,0
4333,589,0,0,0
4334,589,0,0,0
4335,589,0,0,0
4336,589,0,0,0
4337,589,0,0,0
4338,589,0,0,0
4339,589,0,0,0
4340,589,0,0,0
4341,589,0,0,0
4342,589,0,0,0
4343,589,0,0,0
4344,589,0,0,0
4345,589,0,0,0
4346,589,0,0,0
4347,589,0,0,0
4348,589,0,0,0
4349,589,0,0,0
4350,589,0,0,0
4351,589,0,0,0
4352,589,0,0,0
4353,589,0,0,0
4354,589,0,0,0
4355,589,0,0,0
4356,589,0,0,0
4357,589,0,0,0
4358,589,0,0,0
4359,589,0,0,0
4360,589,0,0,0
4361,589,0,0,0
4362,589,0,0,0
4363,589,0,0,0
4364,589,0,0,0
4365,589,0,0,0
4366,589,0,0,0
4367,589,0,0,0
4368,589,0,0,0
4369,589,0,0,0
4370,589,0,0,0
4371,589,0,0,0
4372,589,0,0,0
4373,589,0,0,0
4374,589,0,0,0
4375,589,0,0,0
4376,589,0,0,0
4377,589,0,0,0
4378,589,0,0,0
4379,589,0,0,0
4380,589,0,0,0
4381,589,0,0,0
4382,589,0,0,0
4383,589,0,0,0
4384,589,0,0,0
4385,595,1,6,0
4386,595,0,0,0
4387,595,0,0,0
4388,595,0,0,0
4389,595,0,0,0
4390,595,0,0,0
4391,595,0,0,0
4392,595,0,0,0
4393,595,0,0,0
4394,595,0,0,0
4395,595,0,0,0
4396,595,0,0,0
4397,595,0,0,0
4398,595,0,0,0
4399,595,0,0,0
4400,595,0,0,0
4401,595,0,0,0
4402,595,0,0,0
4403,595,0,0,0
4404,595,0,0,0
4405,595,0,0,0
4406,595,0,0,0
4407,595,0,0,0
4408,595,0,0,0
4409,595,0,0,0
4410,595,0,0,0
4411,595,0,0,0
4412,595,0,0,0
4413,595,0,0,0
4414,595,0,0,0
4415,595,0,0,0
4416,595,0,0,0
4417,595,0,0,0
4418,595,0,0,0
4419,595,0,0,0
4420,595,0,0,0
4421,595,0,0,0
4422,595,0,0,0
4423,595,0,0,0
4424,595,0,0,0
4425,595,0,0,0
4426,595,0,0,0
4427,595,0,0,0
4428,595,0,0,0
4429,595,0,0,0
4430,595,0,0,0
4431,595,0,0,0
4432,595,0,0,0
4433,595,0,0,0
4434,595,0,0,0
4435,595,0,0,0
4436,595,0,0,0
4437,595,0,0,0
4438,595,0,0,0
4439,595,0,0,0
4440,567,1,0,28
4441,567,0,0,0
4442,567,0,0,0
4443,567,0,0,0
4444,567,0,0,0
4445,567,0,0,0
4446,567,0,0,0
4447,567,0,0,0
4448,567,0,0,0
4449,567,0,0,0
4450,567,0,0,0
4451,567,0,0,0
4452,567,0,0,0
4453,567,0,0,0
4454,567,0,0,0
4455,567,0,0,0
4456,567,0,0,0
4457,567,0,0,0
4458,567,0,0,0
4459,567,0,0,0
4460,567,0,0,0
4461,567,0,0,0
4462,567,0,0,0
4463,567,0,0,0
4464,567,0,0,0
4465,567,0,0,0
4466,567,0,0,0
4467,567,0,0,0
4468,567,0,0,0
4469,567,0,0,0
4470,567,0,0,0
4471,567,0,0,0
4472,567,0,0,0
4473,567,0,0,0
4474,567,0,0,0
4475,567,0,0,0
4476,567,0,0,0
4477,567,0,0,0
4478,567,0,0,0
4479,567,0,0,0
4480,567,0,0,0
4481,567,0,0,0
4482,567,0,0,0
4483,567,0,0,0
4484,567,0,0,0
4485,567,0,0,0
4486,567,0,0,0
4487,567,0,0,0
4488,567,0,0,0
4489,567,0,0,0
4490,567,0,0,0
4491,567,0,0,0
4492,567,0,0,0
4493,567,0,0,0
4494,567,0,0,0
4495,567,0,0,0
4496,567,0,0,0
4497,567,0,0,0
4498,567,0,0,0
4499,567,0,0,0
4500,589,1,28,6
4501,589,0,0,0
4502,589,0,0,0
4503,589,0,0,0
4504,589,0,0,0
4505,589,0,0,0
4506,589,0,0,0
4507,589,0,0,0
4508,589,0,0,0
4509,589,0,0,0
4510,589,0,0,0
4511,589,0,0,0
4512,589,0,0,0
4513,589,0,0,0
4514,589,0,0,0
4515,589,0,0,0
4516,589,0,0,0
4517,589,0,0,0
4518,589,0,0,0
4519,589,0,0,0
4520,589,0,0,0
4521,589,0,0,0
4522,589,0,0,0
4523,589,0,0,0
4524,589,0,0,0
4525,589,0,0,0
4526,589,0,0,0
4527,589,0,0,0
4528,589,0,0,0
4529,589,0,0,0
4530,589,0,0,0
4531,589,0,0,0
4532,589,0,0,0
4533,589,0,0,0
4534,589,0,0,0
4535,589,0,0,0
4536,589,0,0,0
4537,589,0,0,0
4538,589,0,0,0
4539,589,0,0,0
4540,589,0,0,0
4541,589,0,0,0
4542,589,0,0,0
4543,589,0,0,0
4544,589,0,0,0
4545,589,0,0,0
4546,589,0,0,0
4547,589,0,0,0
4548,589,0,0,0
4549,589,0,0,0
4550,589,0,0,0
4551,589,0,0,0
4552,589,0,0,0
4553,589,0,0,0
4554,589,0,0,0
4555,589,0,0,0
4556,589,0,0,0
4557,589,0,0,0
4558,589,0,0,0
4559,589,0,0,0
4560,595,1,6,0
4561,595,0,0,0
4562,595,0,0,0
4563,595,0,0,0
4564,595,0,0,0
4565,595,0,0,0
4566,595,0,0,0
4567,595,0,0,0
4568,595,0,0,0
4569,595,0,0,0
4570,595,0,0,0
4571,595,0,0,0
4572,595,0,0,0
4573,595,0,0,0
4574,595,0,0,0
4575,595,0,0,0
4576,595,0,0,0
4577,595,0,0,0
4578,595,0,0,0
4579,595,0,0,0
4580,595,0,0,0
4581,595,0,0,0
4582,595,0,0,0
4583,595,0,0,0
4584,595,0,0,0
4585,595,0,0,0
4586,595,0,0,0
4587,595,0,0,0
4588,595,0,0,0
4589,595,0,0,0
4590,595,0,0,0
4591,595,0,0,0
4592,595,0,0,0
4593,595,0,0,0
4594,595,0,0,0
4595,595,0,0,0
4596,595,0,0,0
4597,595,0,0,0
4598,595,0,0,0
4599,595,0,0,0
4600,595,0,0,0
4601,595,0,0,0
4602,595,0,0,0
4603,595,0,0,0
4604,595,0,0,0
4605,595,0,0,0
4606,595,0,0,0
4607,595,0,0,0
4608,595,0,0,0
4609,595,0,0,0
4610,595,0,0,0
4611,595,0,0,0
4612,595,0,0,0
4613,595,0,0,0
4614,567,1,0,28
4615,567,0,0,0
4616,567,0,0,0
4617,567,0,0,0
4618,567,0,0,0
4619,567,0,0,0
4620,567,0,0,0
4621,567,0,0,0
4622,567,0,0,0
4623,567,0,0,0
4624,567,0,0,0
4625,567,0,0,0
4626,567,0,0,0
4627,567,0,0,0
4628,567,0,0,0
4629,567,0,0,0
4630,567,0,0,0
4631,567,0,0,0
4632,567,0,0,0
4633,567,0,0,0
4634,567,0,0,0
4635,567,0,0,0
4636,567,0,0,0
4637,567,0,0,0
4638,567,0,0,0
4639,567,0,0,0
4640,567,0,0,0
4641,567,0,0,0
4642,567,0,0,0
4643,567,0,0,0
4644,567,0,0,0
4645,567,0,0,0
4646,567,0,0,0
4647,567,0,0,0
4648,567,0,0,0
4649,567,0,0,0
4650,567,0,0,0
4651,567,0,0,0
4652,567,0,0,0
4653,567,0,0,0
4654,567,0,0,0
4655,567,0,0,0
4656,567,0,0,0
4657,567,0,0,0
4658,567,0,0,0
4659,567,0,0,0
4660,567,0,0,0
4661,567,0,0,0
4662,567,0,0,0
4663,567,0,0,0
4664,567,0,0,0
4665,567,0,0,0
4666,567,0,0,0
4667,567,0,0,0
4668,567,0,0,0
4669,567,0,0,0
4670,567,0,0,0
4671,567,0,0,0
4672,567,0,0,0
4673,567,0,0,0
4674,589,1,28,6
4675,589,0,0,0
4676,589,0,0,0
4677,589,0,0,0
4678,589,0,0,0
4679,589,0,0,0
4680,589,0,0,0
4681,589,0,0,0
4682,589,0,0,0
4683,589,0,0,0
4684,589,0,0,0
4685,589,0,0,0
4686,589,0,0,0
4687,589,0,0,0
4688,589,0,0,0
4689,589,0,0,0
4690,589,0,0,0
4691,589,0,0,0
4692,589,0,0,0
4693,589,0,0,0
4694,589,0,0,0
4695,589,0,0,0
4696,589,0,0,0
4697,589,0,0,0
4698,589,0,0,0
4699,589,0,0,0
4700,589,0,0,0
4701,589,0,0,0
4702,589,0,0,0
4703,589,0,0,0
4704,589,0,0,0
4705,589,0,0,0
4706,589,0,0,0
4707,589,0,0,0
4708,589,0,0,0
4709,589,0,0,0
4710,589,0,0,0
4711,589,0,0,0
4712,589,0,0,0
4713,589,0,0,0
4714,589,0,0,0
4715,589,0,0,0
4716,589,0,0,0
4717,589,0,0,0
4718,589,0,0,0
4719,589,0,0,0
4720,589,0,0,0
4721,589,0,0,0
4722,589,0,0,0
4723,589,0,0,0
4724,589,0,0,0
4725,589,0,0,0
4726,589,0,0,0
4727,589,0,0,0
4728,589,0,0,0
4729,589,0,0,0
4730,589,0,0,0
4731,589,0,0,0
4732,589,0,0,0
4733,589,0,0,0
4734,595,1,6,0
4735,595,0,0,0
4736,595,0,0,0
4737,595,0,0,0
4738,595,0,0,0
4739,595,0,0,0
4740,595,0,0,0
4741,595,0,0,0
4742,595,0,0,0
4743,595,0,0,0
4744,595,0,0,0
4745,595,0,0,0
4746,595,0,0,0
4747,595,0,0,0
4748,595,0,0,0
4749,595,0,0,0
4750,595,0,0,0
4751,595,0,0,0
4752,595,0,0,0
4753,595,0,0,0
4754,595,0,0,0
4755,595,0,0,0
4756,595,0,0,0
4757,595,0,0,0
4758,595,0,0,0
4759,595,0,0,0
4760,595,0,0,0
4761,595,0,0,0
4762,595,0,0,0
4763,595,0,0,0
4764,595,0,0,0
4765,595,0,0,0
4766,595,0,0,0
4767,595,0,0,0
4768,595,0,0,0
4769,595,0,0,0
4770,595,0,0,0
4771,595,0,0,0
4772,595,0,0,0
4773,595,0,0,0
4774,595,0,0,0
4775,595,0,0,0
4776,595,0,0,0
4777,595,0,0,0
4778,595,0,0,0
4779,595,0,0,0
4780,595,0,0,0
4781,595,0,0,0
4782,595,0,0,0
4783,595,0,0,0
4784,595,0,0,0
4785,595,0,0,0
4786,595,0,0,0
4787,567,1,0,28
4788,567,0,0,0
4789,567,0,0,0
4790,567,0,0,0
4791,567,0,0,0
4792,567,0,0,0
4793,567,0,0,0
4794,567,0,0,0
4795,567,0,0,0
4796,567,0,0,0
4797,567,0,0,0
4798,567,0,0,0
4799,567,0,0,0
4800,567,0,0,0
4801,567,0,0,0
4802,567,0,0,0
4803,567,0,0,0
4804,567,0,0,0
4805,567,0,0,0
4806,567,0,0,0
4807,567,0,0,0
4808,567,0,0,0
4809,567,0,0,0
4810,567,0,0,0
4811,567,0,0,0
4812,567,0,0,0
4813,567,0,0,0
4814,567,0,0,0
4815,567,0,0,0
4816,567,0,0,0
4817,567,0,0,0
4818,567,0,0,0
4819,567,0,0,0
4820,567,0,0,0
4821,567,0,0,0
4822,567,0,0,0
4823,567,0,0,0
4824,567,0,0,0
4825,567,0,0,0
4826,567,0,0,0
4827,567,0,0,0
4828,567,0,0,0
4829,567,0,0,0
4830,567,0,0,0
4831,567,0,0,0
4832,567,0,0,0
4833,567,0,0,0
4834,567,0,0,0
4835,567,0,0,0
4836,567,0,0,0
4837,567,0,0,0
4838,567,0,0,0
4839,567,0,0,0
4840,567,0,0,0
4841,567,0,0,0
4842,567,0,0,0
4843,567,0,0,0
4844,567,0,0,0
4845,567,0,0,0
4846,567,0,0,0
4847,589,1,28,6
4848,589,0,0,0
4849,589,0,0,0
4850,589,0,0,0
4851,589,0,0,0
4852,589,0,0,0
4853,589,0,0,0
4854,589,0,0,0
4855,589,0,0,0
4856,589,0,0,0
4857,589,0,0,0
4858,589,0,0,0
4859,589,0,0,0
4860,589,0,0,0
4861,589,0,0,0
4862,589,0,0,0
4863,589,0,0,0
4864,589,0,0,0
4865,589,0,0,0
4866,589,0,0,0
4867,589,0,0,0
4868,589,0,0,0
4869,589,0,0,0
4870,589,0,0,0
4871,589,0,0,0
4872,589,0,0,0
4873,589,0,0,0
4874,589,0,0,0
4875,589,0,0,0
4876,589,0,0,0
4877,589,0,0,0
4878,589,0,0,0
4879,589,0,0,0
4880,589,0,0,0
4881,589,0,0,0
4882,589,0,0,0
4883,589,0,0,0
4884,589,0,0,0
4885,589,0,0,0
4886,589,0,0,0
4887,589,0,0,0
4888,589,0,0,0
4889,589,0,0,0
4890,589,0,0,0
4891,589,0,0,0
4892,589,0,0,0
4893,589,0,0,0
4894,589,0,0,0
4895,589,0,0,0
4896,589,0,0,0
4897,589,0,0,0
4898,589,0,0,0
4899,589,0,0,0
4900,589,0,0,0
4901,589,0,0,0
4902,589,0,0,0
4903,589,0,0,0
4904,589,0,0,0
4905,589,0,0,0
4906,589,0,0,0
4907,595,1,6,0
4908,595,0,0,0
4909,595,0,0,0
4910,595,0,0,0
4911,595,0,0,0
4912,595,0,0,0
4913,595,0,0,0
4914,595,0,0,0
4915,595,0,0,0
4916,595,0,0,0
4917,595,0,0,0
4918,595,0,0,0
4919,595,0,0,0
4920,595,0,0,0
4921,595,0,0,0
4922,595,0,0,0
4923,595,0,0,0
4924,595,0,0,0
4925,595,0,0,0
4926,595,0,0,0
4927,595,0,0,0
4928,595,0,0,0
4929,595,0,0,0
4930,595,0,0,0
4931,595,0,0,0
4932,595,0,0,0
4933,595,0,0,0
4934,595,0,0,0
4935,595,0,0,0
4936,595,0,0,0
4937,595,0,0,0
4938,595,0,0,0
4939,595,0,0,0
4940,595,0,0,0
4941,595,0,0,0
4942,595,0,0,0
4943,595,0,0,0
4944,595,0,0,0
4945,595,0,0,0
4946,595,0,0,0
4947,595,0,0,0
4948,595,0,0,0
4949,595,0,0,0
4950,595,0,0,0
4951,595,0,0,0
4952,595,0,0,0
4953,595,0,0,0
4954,595,0,0,0
4955,595,0,0,0
4956,595,0,0,0
4957,595,0,0,0
4958,595,0,0,0
4959,595,0,0,0
4960,567,1,0,28
4961,567,0,0,0
4962,567,0,0,0
4963,567,0,0,0
4964,567,0,0,0
4965,567,0,0,0
4966,567,0,0,0
4967,567,0,0,0
4968,567,0,0,0
4969,567,0,0,0
4970,567,0,0,0
4971,567,0,0,0
4972,567,0,0,0
4973,567,0,0,0
4974,567,0,0,0
4975,567,0,0,0
4976,567,0,0,0
4977,567,0,0,0
4978,567,0,0,0
4979,567,0,0,0
4980,567,0,0,0
4981,567,0,0,0
4982,567,0,0,0
4983,567,0,0,0
4984,567,0,0,0
4985,567,0,0,0
4986,567,0,0,0
4987,567,0,0,0
4988,567,0,0,0
4989,567,0,0,0
4990,567,0,0,0
4991,567,0,0,0
4992,567,0,0,0
4993,567,0,0,0
4994,567,0,0,0
4995,567,0,0,0
4996,567,0,0,0
4997,567,0,0,0
4998,567,0,0,0
4999,567,0,0,0
5000,567,0,0,0
5001,567,0,0,0
5002,567,0,0,0
5003,567,0,0,0
5004,567,0,0,0
5005,567,0,0,0
5006,567,0,0,0
5007,567,0,0,0
5008,567,0,0,0
5009,567,0,0,0
5010,567,0,0,0
5011,567,0,0,0
5012,567,0,0,0
5013,567,0,0,0
5014,567,0,0,0
5015,567,0,0,0
5016,567,0,0,0
5017,567,0,0,0
5018,567,0,0,0
5019,567,0,0,0
5020,589,1,28,6
5021,589,0,0,0
5022,589,0,0,0
5023,589,0,0,0
5024,589,0,0,0
5025,589,0,0,0
5026,589,0,0,0
5027,589,0,0,0
5028,589,0,0,0
5029,589,0,0,0
5030,589,0,0,0
5031,589,0,0,0
5032,589,0,0,0
5033,589,0,0,0
5034,589,0,0,0
5035,589,0,0,0
5036,589,0,0,0
5037,589,0,0,0
5038,589,0,0,0
5039,589,0,0,0
5040,589,0,0,0
5041,589,0,0,0
5042,589,0,0,0
5043,589,0,0,0
5044,589,0,0,0
5045,589,0,0,0
5046,589,0,0,0
5047,589,0,0,0
5048,589,0,0,0
5049,589,0,0,0
5050,589,0,0,0
5051,589,0,0,0
5052,589,0,0,0
5053,589,0,0,0
5054,589,0,0,0
5055,589,0,0,0
5056,589,0,0,0
5057,589,0,0,0
5058,589,0,0,0
5059,589,0,0,0
5060,589,0,0,0
5061,589,0,0,0
5062,589,0,0,0
5063,589,0,0,0
5064,589,0,0,0
5065,589,0,0,0
5066,589,0,0,0
5067,589,0,0,0
5068,589,0,0,0
5069,589,0,0,0
5070,589,0,0,0
5071,589,0,0,0
5072,589,0,0,0
5073,589,0,0,0
5074,589,0,0,0
5075,589,0,0,0
5076,589,0,0,0
5077,589,0,0,0
5078,589,0,0,0
5079,589,0,0,0
5080,595,1,6,0
5081,595,0,0,0
5082,595,0,0,0
5083,595,0,0,0
5084,595,0,0,0
5085,595,0,0,0
5086,595,0,0,0
5087,595,0,0,0
5088,595,0,0,0
5089,595,0,0,0
5090,595,0,0,0
5091,595,0,0,0
5092,595,0,0,0
5093,595,0,0,0
5094,595,0,0,0
5095,595,0,0,0
5096,595,0,0,0
5097,595,0,0,0
5098,595,0,0,0
5099,595,0,0,0
5100,595,0,0,0
5101,595,0,0,0
5102,595,0,0,0
5103,595,0,0,0
5104,595,0,0,0
5105,595,0,0,0
5106,595,0,0,0
5107,595,0,0,0
5108,595,0,0,0
5109,595,0,0,0
5110,595,0,0,0
5111,595,0,0,0
5112,595,0,0,0
5113,595,0,0,0
5114,595,0,0,0
5115,595,0,0,0
5116,595,0,0,0
5117,595,0,0,0
5118,595,0,0,0
5119,595,0,0,0
5120,595,0,0,0
5121,595,0,0,0
5122,595,0,0,0
5123,595,0,0,0
5124,595,0,0,0
5125,595,0,0,0
5126,595,0,0,0
5127,595,0,0,0
5128,595,0,0,0
5129,595,0,0,0
5130,595,0,0,0
5131,595,0,0,0
5132,567,1,0,28
5133,567,0,0,0
5134,567,0,0,0
5135,567,0,0,0
5136,567,0,0,0
5137,567,0,0,0
5138,567,0,0,0
5139,567,0,0,0
5140,567,0,0,0
5141,567,0,0,0
5142,567,0,0,0
5143,567,0,0,0
5144,567,0,0,0
5145,567,0,0,0
5146,567,0,0,0
5147,567,0,0,0
5148,567,0,0,0
5149,567,0,0,0
5150,567,0,0,0
5151,567,0,0,0
5152,567,0,0,0
5153,567,0,0,0
5154,567,0,0,0
5155,567,0,0,0
5156,567,0,0,0
5157,567,0,0,0
5158,567,0,0,0
5159,567,0,0,0
5160,567,0,0,0
5161,567,0,0,0
5162,567,0,0,0
5163,567,0,0,0
5164,567,0,0,0
5165,567,0,0,0
5166,567,0,0,0
5167,567,0,0,0
5168,567,0,0,0
5169,567,0,0,0
5170,567,0,0,0
5171,567,0,0,0
5172,567,0,0,0
5173,567,0,0,0
5174,567,0,0,0
5175,567,0,0,0
5176,567,0,0,0
5177,567,0,0,0
5178,567,0,0,0
5179,567,0,0,0
5180,567,0,0,0
5181,567,0,0,0
5182,567,0,0,0
5183,567,0,0,0
5184,567,0,0,0
5185,567,0,0,0
5186,567,0,0,0
5187,567,0,0,0
5188,567,0,0,0
5189,567,0,0,0
5190,567,0,0,0
5191,567,0,0,0
5192,589,1,28,6
5193,589,0,0,0
5194,589,0,0,0
5195,589,0,0,0
5196,589,0,0,0
5197,589,0,0,0
5198,589,0,0,0
5199,589,0,0,0
5200,589,0,0,0
5201,589,0,0,0
5202,589,0,0,0
5203,589,0,0,0
5204,589,0,0,0
5205,589,0,0,0
5206,589,0,0,0
5207,589,0,0,0
5208,589,0,0,0
5209,589,0,0,0
5210,589,0,0,0
5211,589,0,0,0
5212,589,0,0,0
5213,589,0,0,0
5214,589,0,0,0
5215,589,0,0,0
5216,589,0,0,0
5217,589,0,0,0
5218,589,0,0,0
5219,589,0,0,0
5220,589,0,0,0
5221,589,0,0,0
5222,589,0,0,0
5223,589,0,0,0
5224,589,0,0,0
5225,589,0,0,0
5226,589,0,0,0
5227,589,0,0,0
5228,589,0,0,0
5229,589,0,0,0
5230,589,0,0,0
5231,589,0,0,0
5232,589,0,0,0
5233,589,0,0,0
5234,589,0,0,0
5235,589,0,0,0
5236,589,0,0,0
5237,589,0,0,0
5238,589,0,0,0
5239,589,0,0,0
5240,589,0,0,0
5241,589,0,0,0
5242,589,0,0,0
5243,589,0,0,0
5244,589,0,0,0
5245,589,0,0,0
5246,589,0,0,0
5247,589,0,0,0
5248,589,0,0,0
5249,589,0,0,0
5250,589,0,0,0
5251,589,0,0,0
5252,595,1,6,0
5253,595,0,0,0
5254,595,0,0,0
5255,595,0,0,0
5256,595,0,0,0
5257,595,0,0,0
5258,595,0,0,0
5259,595,0,0,0
5260,595,0,0,0
5261,595,0,0,0
5262,595,0,0,0
5263,595,0,0,0
5264,595,0,0,0
5265,595,0,0,0
5266,595,0,0,0
5267,595,0,0,0
5268,595,0,0,0
5269,595,0,0,0
5270,595,0,0,0
5271,595,0,0,0
5272,595,0,0,0
5273,595,0,0,0
5274,595,0,0,0
5275,595,0,0,0
5276,595,0,0,0
5277,595,0,0,0
5278,595,0,0,0
5279,595,0,0,0
5280,595,0,0,0
5281,595,0,0,0
5282,595,0,0,0
5283,595,0,0,0
5284,595,0,0,0
5285,595,0,0,0
5286,595,0,0,0
5287,595,0,0,0
5288,595,0,0,0
5289,595,0,0,0
5290,595,0,0,0
5291,595,0,0,0
5292,595,0,0,0
5293,595,0,0,0
5294,595,0,0,0
5295,595,0,0,0
5296,595,0,0,0
5297,595,0,0,0
5298,595,0,0,0
5299,595,0,0,0
5300,595,0,0,0
5301,595,0,0,0
5302,595,0,0,0
5303,595,0,0,0
5304,567,1,0,28
5305,567,0,0,0
5306,567,0,0,0
5307,567,0,0,0
5308,567,0,0,0
5309,567,0,0,0
5310,567,0,0,0
5311,567,0,0,0
5312,567,0,0,0
5313,567,0,0,0
5314,567,0,0,0
5315,567,0,0,0
5316,567,0,0,0
5317,567,0,0,0
5318,567,0,0,0
5319,567,0,0,0
5320,567,0,0,0
5321,567,0,0,0
5322,567,0,0,0
5323,567,0,0,0
5324,567,0,0,0
5325,567,0,0,0
5326,567,0,0,0
5327,567,0,0,0
5328,567,0,0,0
5329,567,0,0,0
5330,567,0,0,0
5331,567,0,0,0
5332,567,0,0,0
5333,567,0,0,0
5334,567,0,0,0
5335,567,0,0,0
5336,567,0,0,0
5337,567,0,0,0
5338,567,0,0,0
5339,567,0,0,0
5340,567,0,0,0
5341,567,0,0,0
5342,567,0,0,0
5343,567,0,0,0
5344,567,0,0,0
5345,567,0,0,0
5346,567,0,0,0
5347,567,0,0,0
5348,567,0,0,0
5349,567,0,0,0
5350,567,0,0,0
5351,567,0,0,0
5352,567,0,0,0
5353,567,0,0,0
5354,567,0,0,0
5355,567,0,0,0
5356,567,0,0,0
5357,567,0,0,0
5358,567,0,0,0
5359,567,0,0,0
5360,567,0,0,0
5361,567,0,0,0
5362,567,0,0,0
5363,567,0,0,0
5364,589,1,28,6
5365,589,0,0,0
5366,589,0,0,0
5367,589,0,0,0
5368,589,0,0,0
5369,589,0,0,0
5370,589,0,0,0
5371,589,0,0,0
5372,589,0,0,0
5373,589,0,0,0
5374,589,0,0,0
5375,589,0,0,0
5376,589,0,0,0
5377,589,0,0,0
5378,589,0,0,0
5379,589,0,0,0
5380,589,0,0,0
5381,589,0,0,0
5382,589,0,0,0
5383,589,0,0,0
5384,589,0,0,0
5385,589,0,0,0
5386,589,0,0,0
5387,589,0,0,0
5388,589,0,0,0
5389,589,0,0,0
5390,589,0,0,0
5391,589,0,0,0
5392,589,0,0,0
5393,589,0,0,0
5394,589,0,0,0
5395,589,0,0,0
5396,589,0,0,0
5397,589,0,0,0
5398,589,0,0,0
5399,589,0,0,0
5400,589,0,0,0
5401,589,0,0,0
5402,589,0,0,0
5403,589,0,0,0
5404,589,0,0,0
5405,589,0,0,0
5406,589,0,0,0
5407,589,0,0,0
5408,589,0,0,0
5409,589,0,0,0
5410,589,0,0,0
5411,589,0,0,0
5412,589,0,0,0
5413,589,0,0,0
5414,589,0,0,0
5415,589,0,0,0
5416,589,0,0,0
5417,589,0,0,0
5418,589,0,0,0
5419,589,0,0,0
5420,589,0,0,0
5421,589,0,0,0
5422,589,0,0,0
5423,589,0,0,0
5424,595,1,6,0
5425,595,0,0,0
5426,595,0,0,0
5427,595,0,0,0
5428,595,0,0,0
5429,595,0,0,0
5430,595,0,0,0
5431,595,0,0,0
5432,595,0,0,0
5433,595,0,0,0
5434,595,0,0,0
5435,595,0,0,0
5436,595,0,0,0
5437,595,0,0,0
5438,595,0,0,0
5439,595,0,0,0
5440,595,0,0,0
5441,595,0,0,0
5442,595,0,0,0
5443,595,0,0,0
5444,595,0,0,0
5445,595,0,0,0
5446,595,0,0,0
5447,595,0,0,0
5448,595,0,0,0
5449,595,0,0,0
5450,595,0,0,0
5451,595,0,0,0
5452,595,0,0,0
5453,595,0,0,0
5454,595,0,0,0
5455,595,0,0,0
5456,595,0,0,0
5457,595,0,0,0
5458,595,0,0,0
5459,595,0,0,0
5460,595,0,0,0
5461,595,0,0,0
5462,595,0,0,0
5463,595,0,0,0
5464,595,0,0,0
5465,595,0,0,0
5466,595,0,0,0
5467,595,0,0,0
5468,595,0,0,0
5469,595,0,0,0
5470,595,0,0,0
5471,595,0,0,0
5472,595,0,0,0
5473,595,0,0,0
5474,595,0,0,0
5475,595,0,0,0
5476,567,1,0,28
5477,567,0,0,0
5478,567,0,0,0
5479,567,0,0,0
5480,567,0,0,0
5481,567,0,0,0
5482,567,0,0,0
5483,567,0,0,0
5484,567,0,0,0
5485,567,0,0,0
5486,567,0,0,0
5487,567,0,0,0
5488,567,0,0,0
5489,567,0,0,0
5490,567,0,0,0
5491,567,0,0,0
5492,567,0,0,0
5493,567,0,0,0
5494,567,0,0,0
5495,567,0,0,0
5496,567,0,0,0
5497,567,0,0,0
5498,567,0,0,0
5499,567,0,0,0
5500,567,0,0,0
5501,567,0,0,0
5502,567,0,0,0
5503,567,0,0,0
5504,567,0,0,0
5505,567,0,0,0
5506,567,0,0,0
5507,567,0,0,0
5508,567,0,0,0
5509,567,0,0,0
5510,567,0,0,0
5511,567,0,0,0
5512,567,0,0,0
5513,567,0,0,0
5514,567,0,0,0
5515,567,0,0,0
5516,567,0,0,0
5517,567,0,0,0
5518,567,0,0,0
5519,567,0,0,0
5520,567,0,0,0
5521,567,0,0,0
5522,567,0,0,0
5523,567,0,0,0
5524,567,0,0,0
5525,567,0,0,0
5526,567,0,0,0
5527,567,0,0,0
5528,567,0,0,0
5529,567,0,0,0
5530,567,0,0,0
5531,567,0,0,0
5532,567,0,0,0
5533,567,0,0,0
5534,567,0,0,0
5535,567,0,0,0
5536,589,1,28,6
5537,589,0,0,0
5538,589,0,0,0
5539,589,0,0,0
5540,589,0,0,0
5541,589,0,0,0
5542,589,0,0,0
5543,589,0,0,0
5544,589,0,0,0
5545,589,0,0,0
5546,589,0,0,0
5547,589,0,0,0
5548,589,0,0,0
5549,589,0,0,0
5550,589,0,0,0
5551,589,0,0,0
5552,589,0,0,0
5553,589,0,0,0
5554,589,0,0,0
5555,589,0,0,0
5556,589,0,0,0
5557,589,0,0,0
5558,589,0,0,0
5559,589,0,0,0
5560,589,0,0,0
5561,589,0,0,0
5562,589,0,0,0
5563,589,0,0,0
5564,589,0,0,0
5565,589,0,0,0
5566,589,0,0,0
5567,589,0,0,0
5568,589,0,0,0
5569,589,0,0,0
5570,589,0,0,0
5571,589,0,0,0
5572,589,0,0,0
5573,589,0,0,0
5574,589,0,0,0
5575,589,0,0,0
5576,589,0,0,0
5577,589,0,0,0
5578,589,0,0,0
5579,589,0,0,0
5580,589,0,0,0
5581,589,0,0,0
5582,589,0,0,0
5583,589,0,0,0
5584,589,0,0,0
5585,589,0,0,0
5586,589,0,0,0
5587,589,0,0,0
5588,589,0,0,0
5589,589,0,0,0
5590,589,0,0,0
5591,589,0,0,0
5592,589,0,0,0
5593,589,0,0,0
5594,589,0,0,0
5595,589,0,0,0
5596,595,1,6,0
5597,595,0,0,0
5598,595,0,0,0
5599,595,0,0,0
5600,595,0,0,0
5601,595,0,0,0
5602,595,0,0,0
5603,595,0,0,0
5604,595,0,0,0
5605,595,0,0,0
5606,595,0,0,0
5607,595,0,0,0
5608,595,0,0,0
5609,595,0,0,0
5610,595,0,0,0
5611,595,0,0,0
5612,595,0,0,0
5613,595,0,0,0
5614,595,0,0,0
5615,595,0,0,0
5616,595,0,0,0
5617,595,0,0,0
5618,595,0,0,0
5619,595,0,0,0
5620,595,0,0,0
5621,595,0,0,0
5622,595,0,0,0
5623,595,0,0,0
5624,595,0,0,0
5625,595,0,0,0
5626,595,0,0,0
5627,595,0,0,0
5628,595,0,0,0
5629,595,0,0,0
5630,595,0,0,0
5631,595,0,0,0
5632,595,0,0,0
5633,595,0,0,0
5634,595,0,0,0
5635,595,0,0,0
5636,595,0,0,0
5637,595,0,0,0
5638,595,0,0,0
5639,595,0,0,0
5640,595,0,0,0
5641,595,0,0,0
5642,595,0,0,0
5643,595,0,0,0
5644,595,0,0,0
5645,595,0,0,0
5646,595,0,0,0
5647,567,1,0,28
5648,567,0,0,0
5649,567,0,0,0
5650,567,0,0,0
5651,567,0,0,0
5652,567,0,0,0
5653,567,0,0,0
5654,567,0,0,0
5655,567,0,0,0
5656,567,0,0,0
5657,567,0,0,0
5658,567,0,0,0
5659,567,0,0,0
5660,567,0,0,0
5661,567,0,0,0
5662,567,0,0,0
5663,567,0,0,0
5664,567,0,0,0
5665,567,0,0,0
5666,567,0,0,0
5667,567,0,0,0
5668,567,0,0,0
5669,567,0,0,0
5670,567,0,0,0
5671,567,0,0,0
5672,567,0,0,0
5673,567,0,0,0
5674,567,0,0,0
5675,567,0,0,0
5676,567,0,0,0
5677,567,0,0,0
5678,567,0,0,0
5679,567,0,0,0
5680,567,0,0,0
5681,567,0,0,0
5682,567,0,0,0
5683,567,0,0,0
5684,567,0,0,0
5685,567,0,0,0
5686,567,0,0,0
5687,567,0,0,0
5688,567,0,0,0
5689,567,0,0,0
5690,567,0,0,0
5691,567,0,0,0
5692,567,0,0,0
5693,567,0,0,0
5694,567,0,0,0
5695,567,0,0,0
5696,567,0,0,0
5697,567,0,0,0
5698,567,0,0,0
5699,567,0,0,0
5700,567,0,0,0
5701,567,0,0,0
5702,567,0,0,0
5703,567,0,0,0
5704,567,0,0,0
5705,567,0,0,0
5706,567,0,0,0
5707,589,1,28,6
5708,589,0,0,0
5709,589,0,0,0
5710,589,0,0,0
5711,589,0,0,0
5712,589,0,0,0
5713,589,0,0,0
5714,589,0,0,0
5715,589,0,0,0
5716,589,0,0,0
5717,589,0,0,0
5718,589,0,0,0
5719,589,0,0,0
5720,589,0,0,0
5721,589,0,0,0
5722,589,0,0,0
5723,589,0,0,0
5724,589,0,0,0
5725,589,0,0,0
5726,589,0,0,0
5727,589,0,0,0
5728,589,0,0,0
5729,589,0,0,0
5730,589,0,0,0
5731,589,0,0,0
5732,589,0,0,0
5733,589,0,0,0
5734,589,0,0,0
5735,589,0,0,0
5736,589,0,0,0
5737,589,0,0,0
5738,589,0,0,0
5739,589,0,0,0
5740,589,0,0,0
5741,589,0,0,0
5742,589,0,0,0
5743,589,0,0,0
5744,589,0,0,0
5745,589,0,0,0
5746,589,0,0,0
5747,589,0,0,0
5748,589,0,0,0
5749,589,0,0,0
5750,589,0,0,0
5751,589,0,0,0
5752,589,0,0,0
5753,589,0,0,0
5754,589,0,0,0
5755,589,0,0,0
5756,589,0,0,0
5757,589,0,0,0
5758,589,0,0,0
5759,589,0,0,0
5760,589,0,0,0
5761,589,0,0,0
5762,589,0,0,0
5763,589,0,0,0
5764,589,0,0,0
5765,589,0,0,0
5766,589,0,0,0
5767,595,1,6,0
5768,595,0,0,0
5769,595,0,0,0
5770,595,0,0,0
5771,595,0,0,0
5772,595,0,0,0
5773,595,0,0,0
5774,595,0,0,0
5775,595,0,0,0
5776,595,0,0,0
5777,595,0,0,0
5778,595,0,0,0
5779,595,0,0,0
5780,595,0,0,0
5781,595,0,0,0
5782,595,0,0,0
5783,595,0,0,0
5784,595,0,0,0
5785,595,0,0,0
5786,595,0,0,0
5787,595,0,0,0
5788,595,0,0,0
5789,595,0,0,0
5790,595,0,0,0
5791,595,0,0,0
5792,595,0,0,0
5793,595,0,0,0
5794,595,0,0,0
5795,595,0,0,0
5796,595,0,0,0
5797,595,0,0,0
5798,595,0,0,0
5799,595,0,0,0
5800,595,0,0,0
5801,595,0,0,0
5802,595,0,0,0
5803,595,0,0,0
5804,595,0,0,0
5805,595,0,0,0
5806,595,0,0,0
5807,595,0,0,0
5808,595,0,0,0
5809,595,0,0,0
5810,595,0,0,0
5811,595,0,0,0
5812,595,0,0,0
5813,595,0,0,0
5814,595,0,0,0
5815,595,0,0,0
5816,595,0,0,0
5817,595,0,0,0
5818,567,1,0,28
5819,567,0,0,0
5820,567,0,0,0
5821,567,0,0,0
5822,567,0,0,0
5823,567,0,0,0
5824,567,0,0,0
5825,567,0,0,0
5826,567,0,0,0
5827,567,0,0,0
5828,567,0,0,0
5829,567,0,0,0
5830,567,0,0,0
5831,567,0,0,0
5832,567,0,0,0
5833,567,0,0,0
5834,567,0,0,0
5835,567,0,0,0
5836,567,0,0,0
5837,567,0,0,0
5838,567,0,0,0
5839,567,0,0,0
5840,567,0,0,0
5841,567,0,0,0
5842,567,0,0,0
5843,567,0,0,0
5844,567,0,0,0
5845,567,0,0,0
5846,567,0,0,0
5847,567,0,0,0
5848,567,0,0,0
5849,567,0,0,0
5850,567,0,0,0
5851,567,0,0,0
5852,567,0,0,0
5853,567,0,0,0
5854,567,0,0,0
5855,567,0,0,0
5856,567,0,0,0
5857,567,0,0,0
5858,567,0,0,0
5859,567,0,0,0
5860,567,0,0,0
5861,567,0,0,0
5862,567,0,0,0
5863,567,0,0,0
5864,567,0,0,0
5865,567,0,0,0
5866,567,0,0,0
5867,567,0,0,0
5868,567,0,0,0
5869,567,0,0,0
5870,567,0,0,0
5871,567,0,0,0
5872,567,0,0,0
5873,567,0,0,0
5874,567,0,0,0
5875,567,0,0,0
5876,567,0,0,0
5877,567,0,0,0
5878,589,1,28,6
5879,589,0,0,0
5880,589,0,0,0
5881,589,0,0,0
5882,589,0,0,0
5883,589,0,0,0
5884,589,0,0,0
5885,589,0,0,0
5886,589,0,0,0
5887,589,0,0,0
5888,589,0,0,0
5889,589,0,0,0
5890,589,0,0,0
5891,589,0,0,0
5892,589,0,0,0
5893,589,0,0,0
5894,589,0,0,0
5895,589,0,0,0
5896,589,0,0,0
5897,589,0,0,0
5898,589,0,0,0
5899,589,0,0,0
5900,589,0,0,0
5901,589,0,0,0
5902,589,0,0,0
5903,589,0,0,0
5904,589,0,0,0
5905,589,0,0,0
5906,589,0,0,0
5907,589,0,0,0
5908,589,0,0,0
5909,589,0,0,0
5910,589,0,0,0
5911,589,0,0,0
5912,589,0,0,0
5913,589,0,0,0
5914,589,0,0,0
5915,589,0,0,0
5916,589,0,0,0
5917,589,0,0,0
5918,589,0,0,0
5919,589,0,0,0
5920,589,0,0,0
5921,589,0,0,0
5922,589,0,0,0
5923,589,0,0,0
5924,589,0,0,0
5925,589,0,0,0
5926,589,0,0,0
5927,589,0,0,0
5928,589,0,0,0
5929,589,0,0,0
5930,589,0,0,0
5931,589,0,0,0
5932,589,0,0,0
5933,589,0,0,0
5934,589,0,0,0
5935,589,0,0,0
5936,589,0,0,0
5937,589,0,0,0
5938,595,1,6,0
5939,595,0,0,0
5940,595,0,0,0
5941,595,0,0,0
5942,595,0,0,0
5943,595,0,0,0
5944,595,0,0,0
5945,595,0,0,0
5946,595,0,0,0
5947,595,0,0,0
5948,595,0,0,0
5949,595,0,0,0
5950,595,0,0,0
5951,595,0,0,0
5952,595,0,0,0
5953,595,0,0,0
5954,595,0,0,0
5955,595,0,0,0
5956,595,0,0,0
5957,595,0,0,0
5958,595,0,0,0
5959,595,0,0,0
5960,595,0,0,0
5961,595,0,0,0
5962,595,0,0,0
5963,595,0,0,0
5964,595,0,0,0
5965,595,0,0,0
5966,595,0,0,0
5967,595,0,0,0
5968,595,0,0,0
5969,595,0,0,0
5970,595,0,0,0
5971,595,0,0,0
5972,595,0,0,0
5973,595,0,0,0
5974,595,0,0,0
5975,595,0,0,0
5976,595,0,0,0
5977,595,0,0,0
5978,595,0,0,0
5979,595,0,0,0
5980,595,0,0,0
5981,595,0,0,0
5982,595,0,0,0
5983,595,0,0,0
5984,595,0,0,0
5985,595,0,0,0
5986,595,0,0,0
5987,567,1,0,28
5988,567,0,0,0
5989,567,0,0,0
5990,567,0,0,0
5991,567,0,0,0
5992,567,0,0,0
5993,567,0,0,0
5994,567,0,0,0
5995,567,0,0,0
5996,567,0,0,0
5997,567,0,0,0
5998,567,0,0,0
5999,567,0,0,0
6000,567,0,0,0
6001,567,0,0,0
6002,567,0,0,0
6003,567,0,0,0
6004,567,0,0,0
6005,567,0,0,0
6006,567,0,0,0
6007,567,0,0,0
6008,567,0,0,0
6009,567,0,0,0
6010,567,0,0,0
6011,567,0,0,0
6012,567,0,0,0
6013,567,0,0,0
6014,567,0,0,0
6015,567,0,0,0
6016,567,0,0,0
6017,567,0,0,0
6018,567,0,0,0
6019,567,0,0,0
6020,567,0,0,0
6021,567,0,0,0
6022,567,0,0,0
6023,567,0,0,0
6024,567,0,0,0
6025,567,0,0,0
6026,567,0,0,0
6027,567,0,0,0
6028,567,0,0,0
6029,567,0,0,0
6030,567,0,0,0
6031,567,0,0,0
6032,567,0,0,0
6033,567,0,0,0
6034,567,0,0,0
6035,567,0,0,0
6036,567,0,0,0
6037,567,0,0,0
6038,567,0,0,0
6039,567,0,0,0
6040,567,0,0,0
6041,567,0,0,0
6042,567,0,0,0
6043,567,0,0,0
6044,567,0,0,0
6045,567,0,0,0
6046,567,0,0,0
6047,589,1,28,6
6048,589,0,0,0
6049,589,0,0,0
6050,589,0,0,0
6051,589,0,0,0
6052,589,0,0,0
6053,589,0,0,0
6054,589,0,0,0
6055,589,0,0,0
6056,589,0,0,0
6057,589,0,0,0
6058,589,0,0,0
6059,589,0,0,0
6060,589,0,0,0
6061,589,0,0,0
6062,589,0,0,0
6063,589,0,0,0
6064,589,0,0,0
6065,589,0,0,0
6066,589,0,0,0
6067,589,0,0,0
6068,589,0,0,0
6069,589,0,0,0
6070,589,0,0,0
6071,589,0,0,0
6072,589,0,0,0
6073,589,0,0,0
6074,589,0,0,0
6075,589,0,0,0
6076,589,0,0,0
6077,589,0,0,0
6078,589,0,0,0
6079,589,0,0,0
6080,589,0,0,0
6081,589,0,0,0
6082,589,0,0,0
6083,589,0,0,0
6084,589,0,0,0
6085,589,0,0,0
6086,589,0,0,0
6087,589,0,0,0
6088,589,0,0,0
6089,589,0,0,0
6090,589,0,0,0
6091,589,0,0,0
6092,589,0,0,0
6093,589,0,0,0
6094,589,0,0,0
6095,589,0,0,0
6096,589,0,0,0
6097,589,0,0,0
6098,589,0,0,0
6099,589,0,0,0
6100,589,0,0,0
6101,589,0,0,0
6102,589,0,0,0
6103,589,0,0,0
6104,589,0,0,0
6105,589,0,0,0
6106,589,0,0,0
6107,595,1,6,0
6108,595,0,0,0
6109,595,0,0,0
6110,595,0,0,0
6111,595,0,0,0
6112,595,0,0,0
6113,595,0,0,0
6114,595,0,0,0
6115,595,0,0,0
6116,595,0,0,0
6117,595,0,0,0
6118,595,0,0,0
6119,595,0,0,0
6120,595,0,0,0
6121,595,0,0,0
6122,595,0,0,0
6123,595,0,0,0
6124,595,0,0,0
6125,595,0,0,0
6126,595,0,0,0
6127,595,0,0,0
6128,595,0,0,0
6129,595,0,0,0
6130,595,0,0,0
6131,595,0,0,0
6132,595,0,0,0
6133,595,0,0,0
6134,595,0,0,0
6135,595,0,0,0
6136,595,0,0,0
6137,595,0,0,0
6138,595,0,0,0
6139,595,0,0,0
6140,595,0,0,0
6141,595,0,0,0
6142,595,0,0,0
6143,595,0,0,0
6144,595,0,0,0
6145,595,0,0,0
6146,595,0,0,0
6147,595,0,0,0
6148,595,0,0,0
6149,595,0,0,0
6150,595,0,0,0
6151,595,0,0,0
6152,595,0,0,0
6153,595,0,0,0
6154,595,0,0,0
6155,567,1,0,28
6156,567,0,0,0
6157,567,0,0,0
6158,567,0,0,0
6159,567,0,0,0
6160,567,0,0,0
6161,567,0,0,0
6162,567,0,0,0
6163,567,0,0,0
6164,567,0,0,0
6165,567,0,0,0
6166,567,0,0,0
6167,567,0,0,0
6168,567,0,0,0
6169,567,0,0,0
6170,567,0,0,0
6171,567,0,0,0
6172,567,0,0,0
6173,567,0,0,0
6174,567,0,0,0
6175,567,0,0,0
6176,567,0,0,0
6177,567,0,0,0
6178,567,0,0,0
6179,567,0,0,0
6180,567,0,0,0
6181,567,0,0,0
6182,567,0,0,0
6183,567,0,0,0
6184,567,0,0,0
6185,567,0,0,0
6186,567,0,0,0
6187,567,0,0,0
6188,567,0,0,0
6189,567,0,0,0
6190,567,0,0,0
6191,567,0,0,0
6192,567,0,0,0
6193,567,0,0,0
6194,567,0,0,0
6195,567,0,0,0
6196,567,0,0,0
6197,567,0,0,0
6198,567,0,0,0
6199,567,0,0,0
6200,567,0,0,0
6201,567,0,0,0
6202,567,0,0,0
6203,567,0,0,0
6204,567,0,0,0
6205,567,0,0,0
6206,567,0,0,0
6207,567,0,0,0
6208,567,0,0,0
6209,567,0,0,0
6210,567,0,0,0
6211,567,0,0,0
6212,567,0,0,0
6213,567,0,0,0
6214,567,0,0,0
6215,589,1,28,6
6216,589,0,0,0
6217,589,0,0,0
6218,589,0,0,0
6219,589,0,0,0
6220,589,0,0,0
6221,589,0,0,0
6222,589,0,0,0
6223,589,0,0,0
6224,589,0,0,0
6225,589,0,0,0
6226,589,0,0,0
6227,589,0,0,0
6228,589,0,0,0
6229,589,0,0,0
6230,589,0,0,0
6231,589,0,0,0
6232,589,0,0,0
6233,589,0,0,0
6234,589,0,0,0
6235,589,0,0,0
6236,589,0,0,0
6237,589,0,0,0
6238,589,0,0,0
6239,589,0,0,0
6240,589,0,0,0
6241,589,0,0,0
6242,589,0,0,0
6243,589,0,0,0
6244,589,0,0,0
6245,589,0,0,0
6246,589,0,0,0
6247,589,0,0,0
6248,589,0,0,0
6249,589,0,0,0
6250,589,0,0,0
6251,589,0,0,0
6252,589,0,0,0
6253,589,0,0,0
6254,589,0,0,0
6255,589,0,0,0
6256,589,0,0,0
6257,589,0,0,0
6258,589,0,0,0
6259,589,0,0,0
6260,589,0,0,0
6261,589,0,0,0
6262,589,0,0,0
6263,589,0,0,0
6264,589,0,0,0
6265,589,0,0,0
6266,589,0,0,0
6267,589,0,0,0
6268,589,0,0,0
6269,589,0,0,0
6270,589,0,0,0
6271,589,0,0,0
6272,589,0,0,0
6273,589,0,0,0
6274,589,0,0,0
6275,595,1,6,0
6276,595,0,0,0
6277,595,0,0,0
6278,595,0,0,0
6279,595,0,0,0
6280,595,0,0,0
6281,595,0,0,0
6282,595,0,0,0
6283,595,0,0,0
6284,595,0,0,0
6285,595,0,0,0
6286,595,0,0,0
6287,595,0,0,0
6288,595,0,0,0
6289,595,0,0,0
6290,595,0,0,0
6291,595,0,0,0
6292,595,0,0,0
6293,595,0,0,0
6294,595,0,0,0
6295,595,0,0,0
6296,595,0,0,0
6297,595,0,0,0
6298,595,0,0,0
6299,595,0,0,0
6300,595,0,0,0
6301,595,0,0,0
6302,595,0,0,0
6303,595,0,0,0
6304,595,0,0,0
6305,595,0,0,0
6306,595,0,0,0
6307,595,0,0,0
6308,595,0,0,0
6309,595,0,0,0
6310,595,0,0,0
6311,595,0,0,0
6312,595,0,0,0
6313,595,0,0,0
6314,595,0,0,0
6315,595,0,0,0
6316,595,0,0,0
6317,595,0,0,0
6318,595,0,0,0
6319,595,0,0,0
6320,595,0,0,0
6321,595,0,0,0
6322,567,1,0,28
6323,567,0,0,0
6324,567,0,0,0
6325,567,0,0,0
6326,567,0,0,0
6327,567,0,0,0
6328,567,0,0,0
6329,567,0,0,0
6330,567,0,0,0
6331,567,0,0,0
6332,567,0,0,0
6333,567,0,0,0
6334,567,0,0,0
6335,567,0,0,0
6336,567,0,0,0
6337,567,0,0,0
6338,567,0,0,0
6339,567,0,0,0
6340,567,0,0,0
6341,567,0,0,0
6342,567,0,0,0
6343,567,0,0,0
6344,567,0,0,0
6345,567,0,0,0
6346,567,0,0,0
6347,567,0,0,0
6348,567,0,0,0
6349,567,0,0,0
6350,567,0,0,0
6351,567,0,0,0
6352,567,0,0,0
6353,567,0,0,0
6354,567,0,0,0
6355,567,0,0,0
6356,567,0,0,0
6357,567,0,0,0
6358,567,0,0,0
6359,567,0,0,0
6360,567,0,0,0
6361,567,0,0,0
6362,567,0,0,0
6363,567,0,0,0
6364,567,0,0,0
6365,567,0,0,0
6366,567,0,0,0
6367,567,0,0,0
6368,567,0,0,0
6369,567,0,0,0
6370,567,0,0,0
6371,567,0,0,0
6372,567,0,0,0
6373,567,0,0,0
6374,567,0,0,0
6375,567,0,0,0
6376,567,0,0,0
6377,567,0,0,0
6378,567,0,0,0
6379,567,0,0,0
6380,567,0,0,0
6381,567,0,0,0
6382,589,1,28,6
6383,589,0,0,0
6384,589,0,0,0
6385,589,0,0,0
6386,589,0,0,0
6387,589,0,0,0
6388,589,0,0,0
6389,589,0,0,0
6390,589,0,0,0
6391,589,0,0,0
6392,589,0,0,0
6393,589,0,0,0
6394,589,0,0,0
6395,589,0,0,0
6396,589,0,0,0
6397,589,0,0,0
6398,589,0,0,0
6399,589,0,0,0
6400,589,0,0,0
6401,589,0,0,0
6402,589,0,0,0
6403,589,0,0,0
6404,589,0,0,0
6405,589,0,0,0
6406,589,0,0,0
6407,589,0,0,0
6408,589,0,0,0
6409,589,0,0,0
6410,589,0,0,0
6411,589,0,0,0
6412,589,0,0,0
6413,589,0,0,0
6414,589,0,0,0
6415,589,0,0,0
6416,589,0,0,0
6417,589,0,0,0
6418,589,0,0,0
6419,589,0,0,0
6420,589,0,0,0
6421,589,0,0,0
6422,589,0,0,0
6423,589,0,0,0
6424,589,0,0,0
6425,589,0,0,0
6426,589,0,0,0
6427,589,0,0,0
6428,589,0,0,0
6429,589,0,0,0
6430,589,0,0,0
6431,589,0,0,0
6432,589,0,0,0
6433,589,0,0,0
6434,589,0,0,0
6435,589,0,0,0
6436,589,0,0,0
6437,589,0,0,0
6438,589,0,0,0
6439,589,0,0,0
6440,589,0,0,0
6441,589,0,0,0
6442,595,1,6,0
6443,595,0,0,0
6444,595,0,0,0
6445,595,0,0,0
6446,595,0,0,0
6447,595,0,0,0
6448,595,0,0,0
6449,595,0,0,0
6450,595,0,0,0
6451,595,0,0,0
6452,595,0,0,0
6453,595,0,0,0
6454,595,0,0,0
6455,595,0,0,0
6456,595,0,0,0
6457,595,0,0,0
6458,595,0,0,0
6459,595,0,0,0
6460,595,0,0,0
6461,595,0,0,0
6462,595,0,0,0
6463,595,0,0,0
6464,595,0,0,0
6465,595,0,0,0
6466,595,0,0,0
6467,595,0,0,0
6468,595,0,0,0
6469,595,0,0,0
6470,595,0,0,0
6471,595,0,0,0
6472,595,0,0,0
6473,595,0,0,0
6474,595,0,0,0
6475,595,0,0,0
6476,595,0,0,0
6477,595,0,0,0
6478,595,0,0,0
6479,595,0,0,0
6480,595,0,0,0
6481,595,0,0,0
6482,595,0,0,0
6483,595,0,0,0
6484,595,0,0,0
6485,595,0,0,0
6486,595,0,0,0
6487,595,0,0,0
6488,595,0,0,0
6489,595,0,0,0
6490,595,0,0,0
6491,595,0,0,0
6492,595,0,0,0
6493,595,0,0,0
6494,595,0,0,0
6495,595,0,0,0
6496,595,0,0,0
6497,567,1,0,28
6498,567,0,0,0
6499,567,0,0,0
6500,567,0,0,0
6501,567,0,0,0
6502,567,0,0,0
6503,567,0,0,0
6504,567,0,0,0
6505,567,0,0,0
6506,567,0,0,0
6507,567,0,0,0
6508,567,0,0,0
6509,567,0,0,0
6510,567,0,0,0
6511,567,0,0,0
6512,567,0,0,0
6513,567,0,0,0
6514,567,0,0,0
6515,567,0,0,0
6516,567,0,0,0
6517,567,0,0,0
6518,567,0,0,0
6519,567,0,0,0
6520,567,0,0,0
6521,567,0,0,0
6522,567,0,0,0
6523,567,0,0,0
6524,567,0,0,0
6525,567,0,0,0
6526,567,0,0,0
6527,567,0,0,0
6528,567,0,0,0
6529,567,0,0,0
6530,567,0,0,0
6531,567,0,0,0
6532,567,0,0,0
6533,567,0,0,0
6534,567,0,0,0
6535,567,0,0,0
6536,567,0,0,0
6537,567,0,0,0
6538,567,0,0,0
6539,567,0,0,0
6540,567,0,0,0
6541,567,0,0,0
6542,567,0,0,0
6543,567,0,0,0
6544,567,0,0,0
6545,567,0,0,0
6546,567,0,0,0
6547,567,0,0,0
6548,567,0,0,0
6549,567,0,0,0
6550,567,0,0,0
6551,567,0,0,0
6552,567,0,0,0
6553,567,0,0,0
6554,567,0,0,0
6555,567,0,0,0
6556,567,0,0,0
6557,589,1,28,6
6558,589,0,0,0
6559,589,0,0,0
6560,589,0,0,0
6561,589,0,0,0
6562,589,0,0,0
6563,589,0,0,0
6564,589,0,0,0
6565,589,0,0,0
6566,589,0,0,0
6567,589,0,0,0
6568,589,0,0,0
6569,589,0,0,0
6570,589,0,0,0
6571,589,0,0,0
6572,589,0,0,0
6573,589,0,0,0
6574,589,0,0,0
6575,589,0,0,0
6576,589,0,0,0
6577,589,0,0,0
6578,589,0,0,0
6579,589,0,0,0
6580,589,0,0,0
6581,589,0,0,0
6582,589,0,0,0
6583,589,0,0,0
6584,589,0,0,0
6585,589,0,0,0
6586,589,0,0,0
6587,589,0,0,0
6588,589,0,0,0
6589,589,0,0,0
6590,589,0,0,0
6591,589,0,0,0
6592,589,0,0,0
6593,589,0,0,0
6594,589,0,0,0
6595,589,0,0,0
6596,589,0,0,0
6597,589,0,0,0
6598,589,0,0,0
6599,589,0,0,0
6600,589,0,0,0
6601,589,0,0,0
6602,589,0,0,0
6603,589,0,0,0
6604,589,0,0,0
6605,589,0,0,0
6606,589,0,0,0
6607,589,0,0,0
6608,589,0,0,0
6609,589,0,0,0
6610,589,0,0,0
6611,589,0,0,0
6612,589,0,0,0
6613,589,0,0,0
6614,589,0,0,0
6615,589,0,0,0
6616,589,0,0,0
6617,595,1,6,0
6618,595,0,0,0
6619,595,0,0,0
6620,595,0,0,0
6621,595,0,0,0
6622,595,0,0,0
6623,595,0,0,0
6624,595,0,0,0
6625,595,0,0,0
6626,595,0,0,0
6627,595,0,0,0
6628,595,0,0,0
6629,595,0,0,0
6630,595,0,0,0
6631,595,0,0,0
6632,595,0,0,0
6633,595,0,0,0
6634,595,0,0,0
6635,595,0,0,0
6636,595,0,0,0
6637,595,0,0,0
6638,595,0,0,0
6639,595,0,0,0
6640,595,0,0,0
6641,595,0,0,0
6642,595,0,0,0
6643,595,0,0,0
6644,595,0,0,0
6645,595,0,0,0
6646,595,0,0,0
6647,595,0,0,0
6648,595,0,0,0
6649,595,0,0,0
6650,595,0,0,0
6651,595,0,0,0
6652,595,0,0,0
6653,595,0,0,0
6654,595,0,0,0
6655,595,0,0,0
6656,595,0,0,0
6657,595,0,0,0
6658,595,0,0,0
6659,595,0,0,0
6660,595,0,0,0
6661,595,0,0,0
6662,595,0,0,0
6663,595,0,0,0
6664,595,0,0,0
6665,595,0,0,0
6666,595,0,0,0
6667,595,0,0,0
6668,595,0,0,0
6669,595,0,0,0
6670,595,0,0,0
6671,595,0,0,0
6672,567,1,0,28
6673,567,0,0,0
6674,567,0,0,0
6675,567,0,0,0
6676,567,0,0,0
6677,567,0,0,0
6678,567,0,0,0
6679,567,0,0,0
6680,567,0,0,0
6681,567,0,0,0
6682,567,0,0,0
6683,567,0,0,0
6684,567,0,0,0
6685,567,0,0,0
6686,567,0,0,0
6687,567,0,0,0
6688,567,0,0,0
6689,567,0,0,0
6690,567,0,0,0
6691,567,0,0,0
6692,567,0,0,0
6693,567,0,0,0
6694,567,0,0,0
6695,567,0,0,0
6696,567,0,0,0
6697,567,0,0,0
6698,567,0,0,0
6699,567,0,0,0
6700,567,0,0,0
6701,567,0,0,0
6702,567,0,0,0
6703,567,0,0,0
6704,567,0,0,0
6705,567,0,0,0
6706,567,0,0,0
6707,567,0,0,0
6708,567,0,0,0
6709,567,0,0,0
6710,567,0,0,0
6711,567,0,0,0
6712,567,0,0,0
6713,567,0,0,0
6714,567,0,0,0
6715,567,0,0,0
6716,567,0,0,0
6717,567,0,0,0
6718,567,0,0,0
6719,567,0,0,0
6720,567,0,0,0
6721,567,0,0,0
6722,567,0,0,0
6723,567,0,0,0
6724,567,0,0,0
6725,567,0,0,0
6726,567,0,0,0
6727,567,0,0,0
6728,567,0,0,0
6729,567,0,0,0
6730,567,0,0,0
6731,567,0,0,0
6732,589,1,28,6
6733,589,0,0,0
6734,589,0,0,0
6735,589,0,0,0
6736,589,0,0,0
6737,589,0,0,0
6738,589,0,0,0
6739,589,0,0,0
6740,589,0,0,0
6741,589,0,0,0
6742,589,0,0,0
6743,589,0,0,0
6744,589,0,0,0
6745,589,0,0,0
6746,589,0,0,0
6747,589,0,0,0
6748,589,0,0,0
6749,589,0,0,0
6750,589,0,0,0
6751,589,0,0,0
6752,589,0,0,0
6753,589,0,0,0
6754,587,1,0,2
6755,587,0,0,0
6756,587,0,0,0
6757,587,0,0,0
6758,587,0,0,0
6759,587,0,0,0
6760,587,0,0,0
6761,587,0,0,0
6762,587,0,0,0
6763,587,0,0,0
6764,587,0,0,0
6765,587,0,0,0
6766,587,0,0,0
6767,587,0,0,0
6768,587,0,0,0
6769,587,0,0,0
6770,587,0,0,0
6771,587,0,0,0
6772,587,0,0,0
6773,587,0,0,0
6774,587,0,0,0
6775,587,0,0,0
6776,587,0,0,0
6777,587,0,0,0
6778,587,0,0,0
6779,587,0,0,0
6780,587,0,0,0
6781,587,0,0,0
6782,587,0,0,0
6783,587,0,0,0
6784,587,0,0,0
6785,587,0,0,0
6786,587,0,0,0
6787,587,0,0,0
6788,587,0,0,0
6789,587,0,0,0
6790,587,0,0,0
6791,587,0,0,0
6792,593,1,6,0
6793,593,0,0,0
6794,593,0,0,0
6795,593,0,0,0
6796,593,0,0,0
6797,593,0,0,0
6798,593,0,0,0
6799,593,0,0,0
6800,593,0,0,0
6801,593,0,0,0
6802,593,0,0,0
6803,593,0,0,0
6804,593,0,0,0
6805,593,0,0,0
6806,593,0,0,0
6807,593,0,0,0
6808,593,0,0,0
6809,593,0,0,0
6810,593,0,0,0
6811,593,0,0,0
6812,593,0,0,0
6813,593,0,0,0
6814,594,1,2,1
6815,594,0,0,0
6816,594,0,0,0
6817,594,0,0,0
6818,594,0,0,0
6819,594,0,0,0
6820,594,0,0,0
6821,594,0,0,0
6822,594,0,0,0
6823,594,0,0,0
6824,594,0,0,0
6825,594,0,0,0
6826,594,0,0,0
6827,594,0,0,0
6828,594,0,0,0
6829,594,0,0,0
6830,594,0,0,0
6831,594,0,0,0
6832,594,0,0,0
6833,594,0,0,0
6834,594,0,0,0
6835,594,0,0,0
6836,594,0,0,0
6837,594,0,0,0
6838,594,0,0,0
6839,594,0,0,0
6840,594,0,0,0
6841,594,0,0,0
6842,594,0,0,0
6843,594,0,0,0
6844,594,0,0,0
6845,594,0,0,0
6846,594,0,0,0
6847,567,1,0,27
6848,567,0,0,0
6849,567,0,0,0
6850,567,0,0,0
6851,567,0,0,0
6852,567,0,0,0
6853,567,0,0,0
6854,567,0,0,0
6855,567,0,0,0
6856,567,0,0,0
6857,567,0,0,0
6858,567,0,0,0
6859,567,0,0,0
6860,567,0,0,0
6861,567,0,0,0
6862,567,0,0,0
6863,567,0,0,0
6864,567,0,0,0
6865,567,0,0,0
6866,567,0,0,0
6867,567,0,0,0
6868,567,0,0,0
6869,567,0,0,0
6870,567,0,0,0
6871,567,0,0,0
6872,567,0,0,0
6873,567,0,0,0
6874,566,1,0,1
6875,566,0,0,0
6876,566,0,0,0
6877,566,0,0,0
6878,566,0,0,0
6879,566,0,0,0
6880,566,0,0,0
6881,566,0,0,0
6882,566,0,0,0
6883,566,0,0,0
6884,566,0,0,0
6885,566,0,0,0
6886,566,0,0,0
6887,566,0,0,0
6888,566,0,0,0
6889,566,0,0,0
6890,566,0,0,0
6891,566,0,0,0
6892,566,0,0,0
6893,566,0,0,0
6894,566,0,0,0
6895,566,0,0,0
6896,566,0,0,0
6897,566,0,0,0
6898,566,0,0,0
6899,566,0,0,0
6900,566,0,0,0
6901,566,0,0,0
6902,566,0,0,0
6903,566,0,0,0
6904,566,0,0,0
6905,566,0,0,0
6906,566,0,0,0
6907,588,1,27,5
6908,588,0,0,0
6909,588,0,0,0
6910,588,0,0,0
6911,588,0,0,0
6912,588,0,0,0
6913,588,0,0,0
6914,588,0,0,0
6915,588,0,0,0
6916,588,0,0,0
6917,588,0,0,0
6918,588,0,0,0
6919,588,0,0,0
6920,588,0,0,0
6921,588,0,0,0
6922,588,0,0,0
6923,588,0,0,0
6924,588,0,0,0
6925,588,0,0,0
6926,588,0,0,0
6927,588,0,0,0
6928,588,0,0,0
6929,588,0,0,0
6930,588,0,0,0
6931,588,0,0,0
6932,588,0,0,0
6933,588,0,0,0
6934,588,1,2,2
6935,588,0,0,0
6936,588,0,0,0
6937,588,0,0,0
6938,588,0,0,0
6939,588,0,0,0
6940,588,0,0,0
6941,588,0,0,0
6942,588,0,0,0
6943,588,0,0,0
6944,588,0,0,0
6945,588,0,0,0
6946,588,0,0,0
6947,588,0,0,0
6948,588,0,0,0
6949,588,0,0,0
6950,588,0,0,0
6951,588,0,0,0
6952,588,0,0,0
6953,588,0,0,0
6954,588,0,0,0
6955,588,0,0,0
6956,588,0,0,0
6957,588,0,0,0
6958,588,0,0,0
6959,588,0,0,0
6960,588,0,0,0
6961,588,0,0,0
6962,588,0,0,0
6963,588,0,0,0
6964,588,0,0,0
6965,588,0,0,0
6966,588,0,0,0
6967,593,1,5,0
6968,593,0,0,0
6969,593,0,0,0
6970,593,0,0,0
6971,593,0,0,0
6972,593,0,0,0
6973,593,0,0,0
6974,593,0,0,0
6975,593,0,0,0
6976,593,0,0,0
6977,593,0,0,0
6978,593,0,0,0
6979,593,0,0,0
6980,593,0,0,0
6981,593,0,0,0
6982,593,0,0,0
6983,593,0,0,0
6984,593,0,0,0
6985,593,0,0,0
6986,593,0,0,0
6987,593,0,0,0
6988,593,0,0,0
6989,593,0,0,0
6990,593,0,0,0
6991,593,0,0,0
6992,593,0,0,0
6993,593,0,0,0
6994,594,1,2,1
6995,594,0,0,0
6996,594,0,0,0
6997,594,0,0,0
6998,594,0,0,0
6999,594,0,0,0
7000,594,0,0,0
7001,594,0,0,0
7002,594,0,0,0
7003,594,0,0,0
7004,594,0,0,0
7005,594,0,0,0
7006,594,0,0,0
7007,594,0,0,0
7008,594,0,0,0
7009,594,0,0,0
7010,594,0,0,0
7011,594,0,0,0
7012,594,0,0,0
7013,594,0,0,0
7014,594,0,0,0
7015,594,0,0,0
7016,594,0,0,0
7017,594,0,0,0
7018,594,0,0,0
7019,594,0,0,0
7020,594,0,0,0
7021,567,1,0,27
7022,567,0,0,0
7023,567,0,0,0
7024,567,0,0,0
7025,567,0,0,0
7026,567,0,0,0
7027,567,0,0,0
7028,567,0,0,0
7029,567,0,0,0
7030,567,0,0,0
7031,567,0,0,0
7032,567,0,0,0
7033,567,0,0,0
7034,567,0,0,0
7035,567,0,0,0
7036,567,0,0,0
7037,567,0,0,0
7038,567,0,0,0
7039,567,0,0,0
7040,567,0,0,0
7041,567,0,0,0
7042,567,0,0,0
7043,567,0,0,0
7044,567,0,0,0
7045,567,0,0,0
7046,567,0,0,0
7047,567,0,0,0
7048,567,0,0,0
7049,567,0,0,0
7050,567,0,0,0
7051,567,0,0,0
7052,567,0,0,0
7053,567,0,0,0
7054,566,1,0,1
7055,566,0,0,0
7056,566,0,0,0
7057,566,0,0,0
7058,566,0,0,0
7059,566,0,0,0
7060,566,0,0,0
7061,566,0,0,0
7062,566,0,0,0
7063,566,0,0,0
7064,566,0,0,0
7065,566,0,0,0
7066,566,0,0,0
7067,566,0,0,0
7068,566,0,0,0
7069,566,0,0,0
7070,566,0,0,0
7071,566,0,0,0
7072,566,0,0,0
7073,566,0,0,0
7074,566,0,0,0
7075,566,0,0,0
7076,566,0,0,0
7077,566,0,0,0
7078,566,0,0,0
7079,566,0,0,0
7080,566,0,0,0
7081,588,1,27,5
7082,588,0,0,0
7083,588,0,0,0
7084,588,0,0,0
7085,588,0,0,0
7086,588,0,0,0
7087,588,0,0,0
7088,588,0,0,0
7089,588,0,0,0
7090,588,0,0,0
7091,588,0,0,0
7092,588,0,0,0
7093,588,0,0,0
7094,588,0,0,0
7095,588,0,0,0
7096,588,0,0,0
7097,588,0,0,0
7098,588,0,0,0
7099,588,0,0,0
7100,588,0,0,0
7101,588,0,0,0
7102,588,0,0,0
7103,588,0,0,0
7104,588,0,0,0
7105,588,0,0,0
7106,588,0,0,0
7107,588,0,0,0
7108,588,0,0,0
7109,588,0,0,0
7110,588,0,0,0
7111,588,0,0,0
7112,588,0,0,0
7113,588,0,0,0
7114,588,1,2,2
7115,588,0,0,0
7116,588,0,0,0
7117,588,0,0,0
7118,588,0,0,0
7119,588,0,0,0
7120,588,0,0,0
7121,588,0,0,0
7122,588,0,0,0
7123,588,0,0,0
7124,588,0,0,0
7125,588,0,0,0
7126,588,0,0,0
7127,588,0,0,0
7128,588,0,0,0
7129,588,0,0,0
7130,588,0,0,0
7131,588,0,0,0
7132,588,0,0,0
7133,588,0,0,0
7134,588,0,0,0
7135,588,0,0,0
7136,588,0,0,0
7137,588,0,0,0
7138,588,0,0,0
7139,588,0,0,0
7140,588,0,0,0
7141,593,1,5,0
7142,593,0,0,0
7143,593,0,0,0
7144,593,0,0,0
7145,593,0,0,0
7146,593,0,0,0
7147,593,0,0,0
7148,593,0,0,0
7149,593,0,0,0
7150,593,0,0,0
7151,593,0,0,0
7152,593,0,0,0
7153,593,0,0,0
7154,593,0,0,0
7155,593,0,0,0
7156,593,0,0,0
7157,593,0,0,0
7158,593,0,0,0
7159,593,0,0,0
7160,593,0,0,0
7161,593,0,0,0
7162,593,0,0,0
7163,593,0,0,0
7164,593,0,0,0
7165,593,0,0,0
7166,593,0,0,0
7167,593,0,0,0
7168,593,0,0,0
7169,593,0,0,0
7170,593,0,0,0
7171,593,0,0,0
7172,593,0,0,0
7173,593,0,0,0
7174,594,1,2,1
7175,594,0,0,0
7176,594,0,0,0
7177,594,0,0,0
7178,594,0,0,0
7179,594,0,0,0
7180,594,0,0,0
7181,594,0,0,0
7182,594,0,0,0
7183,594,0,0,0
7184,594,0,0,0
7185,594,0,0,0
7186,594,0,0,0
7187,594,0,0,0
7188,594,0,0,0
7189,594,0,0,0
7190,594,0,0,0
7191,594,0,0,0
7192,594,0,0,0
7193,594,0,0,0
7194,567,1,0,27
7195,567,0,0,0
7196,567,0,0,0
7197,567,0,0,0
7198,567,0,0,0
7199,567,0,0,0
7200,567,0,0,0
7201,567,0,0,0
7202,567,0,0,0
7203,567,0,0,0
7204,567,0,0,0
7205,567,0,0,0
7206,567,0,0,0
7207,567,0,0,0
7208,567,0,0,0
7209,567,0,0,0
7210,567,0,0,0
7211,567,0,0,0
7212,567,0,0,0
7213,567,0,0,0
7214,567,0,0,0
7215,567,0,0,0
7216,567,0,0,0
7217,567,0,0,0
7218,567,0,0,0
7219,567,0,0,0
7220,567,0,0,0
7221,567,0,0,0
7222,567,0,0,0
7223,567,0,0,0
7224,567,0,0,0
7225,567,0,0,0
7226,567,0,0,0
7227,567,0,0,0
7228,567,0,0,0
7229,567,0,0,0
7230,567,0,0,0
7231,567,0,0,0
7232,567,0,0,0
7233,567,0,0,0
7234,566,1,0,1
7235,566,0,0,0
7236,566,0,0,0
7237,566,0,0,0
7238,566,0,0,0
7239,566,0,0,0
7240,566,0,0,0
7241,566,0,0,0
7242,566,0,0,0
7243,566,0,0,0
7244,566,0,0,0
7245,566,0,0,0
7246,566,0,0,0
7247,566,0,0,0
7248,566,0,0,0
7249,566,0,0,0
7250,566,0,0,0
7251,566,0,0,0
7252,566,0,0,0
7253,566,0,0,0
7254,588,1,27,5
7255,588,0,0,0
7256,588,0,0,0
7257,588,0,0,0
7258,588,0,0,0
7259,588,0,0,0
7260,588,0,0,0
7261,588,0,0,0
7262,588,0,0,0
7263,588,0,0,0
7264,588,0,0,0
7265,588,0,0,0
7266,588,0,0,0
7267,588,0,0,0
7268,588,0,0,0
7269,588,0,0,0
7270,588,0,0,0
7271,588,0,0,0
7272,588,0,0,0
7273,588,0,0,0
7274,588,0,0,0
7275,588,0,0,0
7276,588,0,0,0
7277,588,0,0,0
7278,588,0,0,0
7279,588,0,0,0
7280,588,0,0,0
7281,588,0,0,0
7282,588,0,0,0
7283,588,0,0,0
7284,588,0,0,0
7285,588,0,0,0
7286,588,0,0,0
7287,588,0,0,0
7288,588,0,0,0
7289,588,0,0,0
7290,588,0,0,0
7291,588,0,0,0
7292,588,0,0,0
7293,588,0,0,0
7294,588,1,2,2
7295,588,0,0,0
7296,588,0,0,0
7297,588,0,0,0
7298,588,0,0,0
7299,588,0,0,0
7300,588,0,0,0
7301,588,0,0,0
7302,588,0,0,0
7303,588,0,0,0
7304,588,0,0,0
7305,588,0,0,0
7306,588,0,0,0
7307,588,0,0,0
7308,588,0,0,0
7309,588,0,0,0
7310,588,0,0,0
7311,588,0,0,0
7312,588,0,0,0
7313,588,0,0,0
7314,593,1,5,0
7315,593,0,0,0
7316,593,0,0,0
7317,593,0,0,0
7318,593,0,0,0
7319,593,0,0,0
7320,593,0,0,0
7321,593,0,0,0
7322,593,0,0,0
7323,593,0,0,0
7324,593,0,0,0
7325,593,0,0,0
7326,593,0,0,0
7327,593,0,0,0
7328,593,0,0,0
7329,593,0,0,0
7330,593,0,0,0
7331,593,0,0,0
7332,593,0,0,0
7333,593,0,0,0
7334,593,0,0,0
7335,593,0,0,0
7336,593,0,0,0
7337,593,0,0,0
7338,593,0,0,0
7339,593,0,0,0
7340,593,0,0,0
7341,593,0,0,0
7342,593,0,0,0
7343,593,0,0,0
7344,593,0,0,0
7345,593,0,0,0
7346,593,0,0,0
7347,593,0,0,0
7348,593,0,0,0
7349,593,0,0,0
7350,593,0,0,0
7351,593,0,0,0
7352,593,0,0,0
7353,593,0,0,0
7354,595,1,2,0
7355,595,0,0,0
7356,595,0,0,0
7357,595,0,0,0
7358,595,0,0,0
7359,595,0,0,0
7360,595,0,0,0
7361,595,0,0,0
7362,595,0,0,0
7363,595,0,0,0
7364,595,0,0,0
7365,595,0,0,0
7366,595,0,0,0
7367,570,1,0,25
7368,570,0,0,0
7369,570,0,0,0
7370,570,0,0,0
7371,570,0,0,0
7372,570,0,0,0
7373,570,0,0,0
7374,570,0,0,0
7375,570,0,0,0
7376,570,0,0,0
7377,570,0,0,0
7378,570,0,0,0
7379,570,0,0,0
7380,570,0,0,0
7381,570,0,0,0
7382,570,0,0,0
7383,570,0,0,0
7384,570,0,0,0
7385,570,0,0,0
7386,570,0,0,0
7387,570,0,0,0
7388,570,0,0,0
7389,570,0,0,0
7390,570,0,0,0
7391,570,0,0,0
7392,570,0,0,0
7393,570,0,0,0
7394,570,0,0,0
7395,570,0,0,0
7396,570,0,0,0
7397,570,0,0,0
7398,570,0,0,0
7399,570,0,0,0
7400,570,0,0,0
7401,570,0,0,0
7402,570,0,0,0
7403,570,0,0,0
7404,570,0,0,0
7405,570,0,0,0
7406,570,0,0,0
7407,570,0,0,0
7408,570,0,0,0
7409,570,0,0,0
7410,570,0,0,0
7411,570,0,0,0
7412,570,0,0,0
7413,570,0,0,0
7414,572,1,2,0
7415,572,0,0,0
7416,572,0,0,0
7417,572,0,0,0
7418,572,0,0,0
7419,572,0,0,0
7420,572,0,0,0
7421,572,0,0,0
7422,572,0,0,0
7423,572,0,0,0
7424,572,0,0,0
7425,572,0,0,0
7426,572,0,0,0
7427,592,1,25,5
7428,592,0,0,0
7429,592,0,0,0
7430,592,0,0,0
7431,592,0,0,0
7432,592,0,0,0
7433,592,0,0,0
7434,592,0,0,0
7435,592,0,0,0
7436,592,0,0,0
7437,592,0,0,0
7438,592,0,0,0
7439,592,0,0,0
7440,592,0,0,0
7441,592,0,0,0
7442,592,0,0,0
7443,592,0,0,0
7444,592,0,0,0
7445,592,0,0,0
7446,592,0,0,0
7447,592,0,0,0
7448,592,0,0,0
7449,592,0,0,0
7450,592,0,0,0
7451,592,0,0,0
7452,592,0,0,0
7453,592,0,0,0
7454,592,0,0,0
7455,592,0,0,0
7456,592,0,0,0
7457,592,0,0,0
7458,592,0,0,0
7459,592,0,0,0
7460,592,0,0,0
7461,592,0,0,0
7462,592,0,0,0
7463,592,0,0,0
7464,592,0,0,0
7465,592,0,0,0
7466,592,0,0,0
7467,592,0,0,0
7468,592,0,0,0
7469,592,0,0,0
7470,592,0,0,0
7471,592,0,0,0
7472,592,0,0,0
7473,592,0,0,0
7474,592,0,0,0
7475,592,0,0,0
7476,592,0,0,0
7477,592,0,0,0
7478,592,0,0,0
7479,592,0,0,0
7480,592,0,0,0
7481,592,0,0,0
7482,592,0,0,0
7483,592,0,0,0
7484,592,0,0,0
7485,592,0,0,0
7486,592,0,0,0
7487,597,1,5,0
7488,597,0,0,0
7489,597,0,0,0
7490,597,0,0,0
7491,597,0,0,0
7492,597,0,0,0
7493,597,0,0,0
7494,597,0,0,0
7495,597,0,0,0
7496,597,0,0,0
7497,597,0,0,0
7498,597,0,0,0
7499,597,0,0,0
7500,597,0,0,0
7501,597,0,0,0
7502,597,0,0,0
7503,597,0,0,0
7504,597,0,0,0
7505,597,0,0,0
7506,597,0,0,0
7507,597,0,0,0
7508,597,0,0,0
7509,597,0,0,0
7510,597,0,0,0
7511,597,0,0,0
7512,597,0,0,0
7513,597,0,0,0
7514,597,0,0,0
7515,597,0,0,0
7516,597,0,0,0
7517,597,0,0,0
7518,597,0,0,0
7519,597,0,0,0
7520,597,0,0,0
7521,597,0,0,0
7522,597,0,0,0
7523,597,0,0,0
7524,597,0,0,0
7525,597,0,0,0
7526,597,0,0,0
7527,597,0,0,0
7528,597,0,0,0
7529,597,0,0,0
7530,597,0,0,0
7531,597,0,0,0
7532,597,0,0,0
7533,597,0,0,0
7534,597,0,0,0
7535,597,0,0,0
7536,597,0,0,0
7537,597,0,0,0
7538,597,0,0,0
7539,572,1,0,25
7540,572,0,0,0
7541,572,0,0,0
7542,572,0,0,0
7543,572,0,0,0
7544,572,0,0,0
7545,572,0,0,0
7546,572,0,0,0
7547,572,0,0,0
7548,572,0,0,0
7549,572,0,0,0
7550,572,0,0,0
7551,572,0,0,0
7552,572,0,0,0
7553,572,0,0,0
7554,572,0,0,0
7555,572,0,0,0
7556,572,0,0,0
7557,572,0,0,0
7558,572,0,0,0
7559,572,0,0,0
7560,572,0,0,0
7561,572,0,0,0
7562,572,0,0,0
7563,572,0,0,0
7564,572,0,0,0
7565,572,0,0,0
7566,572,0,0,0
7567,572,0,0,0
7568,572,0,0,0
7569,572,0,0,0
7570,572,0,0,0
7571,572,0,0,0
7572,572,0,0,0
7573,572,0,0,0
7574,572,0,0,0
7575,572,0,0,0
7576,572,0,0,0
7577,572,0,0,0
7578,572,0,0,0
7579,572,0,0,0
7580,572,0,0,0
7581,572,0,0,0
7582,572,0,0,0
7583,572,0,0,0
7584,572,0,0,0
7585,572,0,0,0
7586,572,0,0,0
7587,572,0,0,0
7588,572,0,0,0
7589,572,0,0,0
7590,572,0,0,0
7591,572,0,0,0
7592,572,0,0,0
7593,572,0,0,0
7594,572,0,0,0
7595,572,0,0,0
7596,572,0,0,0
7597,572,0,0,0
7598,572,0,0,0
7599,592,1,25,5
7600,592,0,0,0
7601,592,0,0,0
7602,592,0,0,0
7603,592,0,0,0
7604,592,0,0,0
7605,592,0,0,0
7606,592,0,0,0
7607,592,0,0,0
7608,592,0,0,0
7609,592,0,0,0
7610,592,0,0,0
7611,592,0,0,0
7612,592,0,0,0
7613,592,0,0,0
7614,592,0,0,0
7615,592,0,0,0
7616,592,0,0,0
7617,592,0,0,0
7618,592,0,0,0
7619,592,0,0,0
7620,592,0,0,0
7621,592,0,0,0
7622,592,0,0,0
7623,592,0,0,0
7624,592,0,0,0
7625,592,0,0,0
7626,592,0,0,0
7627,592,0,0,0
7628,592,0,0,0
7629,592,0,0,0
7630,592,0,0,0
7631,592,0,0,0
7632,592,0,0,0
7633,592,0,0,0
7634,592,0,0,0
7635,592,0,0,0
7636,592,0,0,0
7637,592,0,0,0
7638,592,0,0,0
7639,592,0,0,0
7640,592,0,0,0
7641,592,0,0,0
7642,592,0,0,0
7643,592,0,0,0
7644,592,0,0,0
7645,592,0,0,0
7646,592,0,0,0
7647,592,0,0,0
7648,592,0,0,0
7649,592,0,0,0
7650,592,0,0,0
7651,592,0,0,0
7652,592,0,0,0
7653,592,0,0,0
7654,592,0,0,0
7655,592,0,0,0
7656,592,0,0,0
7657,592,0,0,0
7658,592,0,0,0
7659,597,1,5,0
7660,597,0,0,0
7661,597,0,0,0
7662,597,0,0,0
7663,597,0,0,0
7664,597,0,0,0
7665,597,0,0,0
7666,597,0,0,0
7667,597,0,0,0
7668,597,0,0,0
7669,597,0,0,0
7670,597,0,0,0
7671,597,0,0,0
7672,597,0,0,0
7673,597,0,0,0
7674,597,0,0,0
7675,597,0,0,0
7676,597,0,0,0
7677,597,0,0,0
7678,597,0,0,0
7679,597,0,0,0
7680,597,0,0,0
7681,597,0,0,0
7682,597,0,0,0
7683,597,0,0,0
7684,597,0,0,0
7685,597,0,0,0
7686,597,0,0,0
7687,597,0,0,0
7688,597,0,0,0
7689,597,0,0,0
7690,597,0,0,0
7691,597,0,0,0
7692,597,0,0,0
7693,597,0,0,0
7694,597,0,0,0
7695,597,0,0,0
7696,597,0,0,0
7697,597,0,0,0
7698,597,0,0,0
7699,597,0,0,0
7700,597,0,0,0
7701,597,0,0,0
7702,597,0,0,0
7703,597,0,0,0
7704,597,0,0,0
7705,597,0,0,0
7706,597,0,0,0
7707,597,0,0,0
7708,597,0,0,0
7709,597,0,0,0
7710,597,0,0,0
7711,572,1,0,25
7712,572,0,0,0
7713,572,0,0,0
7714,572,0,0,0
7715,572,0,0,0
7716,572,0,0,0
7717,572,0,0,0
7718,572,0,0,0
7719,572,0,0,0
7720,572,0,0,0
7721,572,0,0,0
7722,572,0,0,0
7723,572,0,0,0
7724,572,0,0,0
7725,572,0,0,0
7726,572,0,0,0
7727,572,0,0,0
7728,572,0,0,0
7729,572,0,0,0
7730,572,0,0,0
7731,572,0,0,0
7732,572,0,0,0
7733,572,0,0,0
7734,572,0,0,0
7735,572,0,0,0
7736,572,0,0,0
7737,572,0,0,0
7738,572,0,0,0
7739,572,0,0,0
7740,572,0,0,0
7741,572,0,0,0
7742,572,0,0,0
7743,572,0,0,0
7744,572,0,0,0
7745,572,0,0,0
7746,572,0,0,0
7747,572,0,0,0
7748,572,0,0,0
7749,572,0,0,0
7750,572,0,0,0
7751,572,0,0,0
7752,572,0,0,0
7753,572,0,0,0
7754,572,0,0,0
7755,572,0,0,0
7756,572,0,0,0
7757,572,0,0,0
7758,572,0,0,0
7759,572,0,0,0
7760,572,0,0,0
7761,572,0,0,0
7762,572,0,0,0
7763,572,0,0,0
7764,572,0,0,0
7765,572,0,0,0
7766,572,0,0,0
7767,572,0,0,0
7768,572,0,0,0
7769,572,0,0,0
7770,572,0,0,0
7771,592,1,25,5
7772,592,0,0,0
7773,592,0,0,0
7774,592,0,0,0
7775,592,0,0,0
7776,592,0,0,0
7777,592,0,0,0
7778,592,0,0,0
7779,592,0,0,0
7780,592,0,0,0
7781,592,0,0,0
7782,592,0,0,0
7783,592,0,0,0
7784,592,0,0,0
7785,592,0,0,0
7786,592,0,0,0
7787,592,0,0,0
7788,592,0,0,0
7789,592,0,0,0
7790,592,0,0,0
7791,592,0,0,0
7792,592,0,0,0
7793,592,0,0,0
7794,592,0,0,0
7795,592,0,0,0
7796,592,0,0,0
7797,592,0,0,0
7798,592,0,0,0
7799,592,0,0,0
7800,592,0,0,0
7801,592,0,0,0
7802,592,0,0,0
7803,592,0,0,0
7804,592,0,0,0
7805,592,0,0,0
7806,592,0,0,0
7807,592,0,0,0
7808,592,0,0,0
7809,592,0,0,0
7810,592,0,0,0
7811,592,0,0,0
7812,592,0,0,0
7813,592,0,0,0
7814,592,0,0,0
7815,592,0,0,0
7816,592,0,0,0
7817,592,0,0,0
7818,592,0,0,0
7819,592,0,0,0
7820,592,0,0,0
7821,592,0,0,0
7822,592,0,0,0
7823,592,0,0,0
7824,592,0,0,0
7825,592,0,0,0
7826,592,0,0,0
7827,592,0,0,0
7828,592,0,0,0
7829,592,0,0,0
7830,592,0,0,0
7831,597,1,5,0
7832,597,0,0,0
7833,597,0,0,0
7834,597,0,0,0
7835,597,0,0,0
7836,597,0,0,0
7837,597,0,0,0
7838,597,0,0,0
7839,597,0,0,0
7840,597,0,0,0
7841,597,0,0,0
7842,597,0,0,0
7843,597,0,0,0
7844,597,0,0,0
7845,597,0,0,0
7846,597,0,0,0
7847,597,0,0,0
7848,597,0,0,0
7849,597,0,0,0
7850,597,0,0,0
7851,597,0,0,0
7852,597,0,0,0
7853,597,0,0,0
7854,597,0,0,0
7855,597,0,0,0
7856,597,0,0,0
7857,597,0,0,0
7858,597,0,0,0
7859,597,0,0,0
7860,597,0,0,0
7861,597,0,0,0
7862,597,0,0,0
7863,597,0,0,0
7864,597,0,0,0
7865,597,0,0,0
7866,597,0,0,0
7867,597,0,0,0
7868,597,0,0,0
7869,597,0,0,0
7870,597,0,0,0
7871,597,0,0,0
7872,597,0,0,0
7873,597,0,0,0
7874,597,0,0,0
7875,597,0,0,0
7876,597,0,0,0
7877,597,0,0,0
7878,597,0,0,0
7879,597,0,0,0
7880,597,0,0,0
7881,597,0,0,0
7882,597,0,0,0
7883,572,1,0,25
7884,572,0,0,0
7885,572,0,0,0
7886,572,0,0,0
7887,572,0,0,0
7888,572,0,0,0
7889,572,0,0,0
7890,572,0,0,0
7891,572,0,0,0
7892,572,0,0,0
7893,572,0,0,0
7894,572,0,0,0
7895,572,0,0,0
7896,572,0,0,0
7897,572,0,0,0
7898,572,0,0,0
7899,572,0,0,0
7900,572,0,0,0
7901,572,0,0,0
7902,572,0,0,0
7903,572,0,0,0
7904,572,0,0,0
7905,572,0,0,0
7906,572,0,0,0
7907,572,0,0,0
7908,572,0,0,0
7909,572,0,0,0
7910,572,0,0,0
7911,572,0,0,0
7912,572,0,0,0
7913,572,0,0,0
7914,572,0,0,0
7915,572,0,0,0
7916,572,0,0,0
7917,572,0,0,0
7918,572,0,0,0
7919,572,0,0,0
7920,572,0,0,0
7921,572,0,0,0
7922,572,0,0,0
7923,572,0,0,0
7924,572,0,0,0
7925,572,0,0,0
7926,572,0,0,0
7927,572,0,0,0
7928,572,0,0,0
7929,572,0,0,0
7930,572,0,0,0
7931,572,0,0,0
7932,572,0,0,0
7933,572,0,0,0
7934,572,0,0,0
7935,572,0,0,0
7936,572,0,0,0
7937,572,0,0,0
7938,572,0,0,0
7939,572,0,0,0
7940,572,0,0,0
7941,572,0,0,0
7942,572,0,0,0
7943,592,1,25,5
7944,592,0,0,0
7945,592,0,0,0
7946,592,0,0,0
7947,592,0,0,0
7948,592,0,0,0
7949,592,0,0,0
7950,592,0,0,0
7951,592,0,0,0
7952,592,0,0,0
7953,592,0,0,0
7954,592,0,0,0
7955,592,0,0,0
7956,592,0,0,0
7957,592,0,0,0
7958,592,0,0,0
7959,592,0,0,0
7960,592,0,0,0
7961,592,0,0,0
7962,592,0,0,0
7963,592,0,0,0
7964,592,0,0,0
7965,592,0,0,0
7966,592,0,0,0
7967,592,0,0,0
7968,592,0,0,0
7969,592,0,0,0
7970,592,0,0,0
7971,592,0,0,0
7972,592,0,0,0
7973,592,0,0,0
7974,592,0,0,0
7975,592,0,0,0
7976,592,0,0,0
7977,592,0,0,0
7978,592,0,0,0
7979,592,0,0,0
7980,592,0,0,0
7981,592,0,0,0
7982,592,0,0,0
7983,592,0,0,0
7984,592,0,0,0
7985,592,0,0,0
7986,592,0,0,0
7987,592,0,0,0
7988,592,0,0,0
7989,592,0,0,0
7990,592,0,0,0
7991,592,0,0,0
7992,592,0,0,0
7993,592,0,0,0
7994,592,0,0,0
7995,592,0,0,0
7996,592,0,0,0
7997,592,0,0,0
7998,592,0,0,0
7999,592,0,0,0
8000,592,0,0,0
8001,592,0,0,0
8002,592,0,0,0
8003,597,1,5,0
8004,597,0,0,0
8005,597,0,0,0
8006,597,0,0,0
8007,597,0,0,0
8008,597,0,0,0
8009,597,0,0,0
8010,597,0,0,0
8011,597,0,0,0
8012,597,0,0,0
8013,597,0,0,0
8014,597,0,0,0
8015,597,0,0,0
8016,597,0,0,0
8017,597,0,0,0
8018,597,0,0,0
8019,597,0,0,0
8020,597,0,0,0
8021,597,0,0,0
8022,597,0,0,0
8023,597,0,0,0
8024,597,0,0,0
8025,597,0,0,0
8026,597,0,0,0
8027,597,0,0,0
8028,597,0,0,0
8029,597,0,0,0
8030,597,0,0,0
8031,597,0,0,0
8032,597,0,0,0
8033,597,0,0,0
8034,597,0,0,0
8035,597,0,0,0
8036,597,0,0,0
8037,597,0,0,0
8038,597,0,0,0
8039,597,0,0,0
8040,597,0,0,0
8041,597,0,0,0
8042,597,0,0,0
8043,597,0,0,0
8044,597,0,0,0
8045,597,0,0,0
8046,597,0,0,0
8047,597,0,0,0
8048,597,0,0,0
8049,597,0,0,0
8050,597,0,0,0
8051,597,0,0,0
8052,597,0,0,0
8053,597,0,0,0
8054,597,0,0,0
8055,572,1,0,25
8056,572,0,0,0
8057,572,0,0,0
8058,572,0,0,0
8059,572,0,0,0
8060,572,0,0,0
8061,572,0,0,0
8062,572,0,0,0
8063,572,0,0,0
8064,572,0,0,0
8065,572,0,0,0
8066,572,0,0,0
8067,572,0,0,0
8068,572,0,0,0
8069,572,0,0,0
8070,572,0,0,0
8071,572,0,0,0
8072,572,0,0,0
8073,572,0,0,0
8074,572,0,0,0
8075,572,0,0,0
8076,572,0,0,0
8077,572,0,0,0
8078,572,0,0,0
8079,572,0,0,0
8080,572,0,0,0
8081,572,0,0,0
8082,572,0,0,0
8083,572,0,0,0
8084,572,0,0,0
8085,572,0,0,0
8086,572,0,0,0
8087,572,0,0,0
8088,572,0,0,0
8089,572,0,0,0
8090,572,0,0,0
8091,572,0,0,0
8092,572,0,0,0
8093,572,0,0,0
8094,572,0,0,0
8095,572,0,0,0
8096,572,0,0,0
8097,572,0,0,0
8098,572,0,0,0
8099,572,0,0,0
8100,572,0,0,0
8101,572,0,0,0
8102,572,0,0,0
8103,572,0,0,0
8104,572,0,0,0
8105,572,0,0,0
8106,572,0,0,0
8107,572,0,0,0
8108,572,0,0,0
8109,572,0,0,0
8110,572,0,0,0
8111,572,0,0,0
8112,572,0,0,0
8113,572,0,0,0
8114,572,0,0,0
8115,592,1,25,5
8116,592,0,0,0
8117,592,0,0,0
8118,592,0,0,0
8119,592,0,0,0
8120,592,0,0,0
8121,592,0,0,0
8122,592,0,0,0
8123,592,0,0,0
8124,592,0,0,0
8125,592,0,0,0
8126,592,0,0,0
8127,592,0,0,0
8128,592,0,0,0
8129,592,0,0,0
8130,592,0,0,0
8131,592,0,0,0
8132,592,0,0,0
8133,592,0,0,0
8134,592,0,0,0
8135,592,0,0,0
8136,592,0,0,0
8137,592,0,0,0
8138,592,0,0,0
8139,592,0,0,0
8140,592,0,0,0
8141,592,0,0,0
8142,592,0,0,0
8143,592,0,0,0
8144,592,0,0,0
8145,592,0,0,0
8146,592,0,0,0
8147,592,0,0,0
8148,592,0,0,0
8149,592,0,0,0
8150,592,0,0,0
8151,592,0,0,0
8152,592,0,0,0
8153,592,0,0,0
8154,592,0,0,0
8155,592,0,0,0
8156,592,0,0,0
8157,592,0,0,0
8158,592,0,0,0
8159,592,0,0,0
8160,592,0,0,0
8161,592,0,0,0
8162,592,0,0,0
8163,592,0,0,0
8164,592,0,0,0
8165,592,0,0,0
8166,592,0,0,0
8167,592,0,0,0
8168,592,0,0,0
8169,592,0,0,0
8170,592,0,0,0
8171,592,0,0,0
8172,592,0,0,0
8173,592,0,0,0
8174,592,0,0,0
8175,597,1,5,0
8176,597,0,0,0
8177,597,0,0,0
8178,597,0,0,0
8179,597,0,0,0
8180,597,0,0,0
8181,597,0,0,0
8182,597,0,0,0
8183,597,0,0,0
8184,597,0,0,0
8185,597,0,0,0
8186,597,0,0,0
8187,597,0,0,0
8188,597,0,0,0
8189,597,0,0,0
8190,597,0,0,0
8191,597,0,0,0
8192,597,0,0,0
8193,597,0,0,0
8194,597,0,0,0
8195,597,0,0,0
8196,597,0,0,0
8197,597,0,0,0
8198,597,0,0,0
8199,597,0,0,0
8200,597,0,0,0
8201,597,0,0,0
8202,597,0,0,0
8203,597,0,0,0
8204,597,0,0,0
8205,597,0,0,0
8206,597,0,0,0
8207,597,0,0,0
8208,597,0,0,0
8209,597,0,0,0
8210,597,0,0,0
8211,597,0,0,0
8212,597,0,0,0
8213,597,0,0,0
8214,597,0,0,0
8215,597,0,0,0
8216,597,0,0,0
8217,597,0,0,0
8218,597,0,0,0
8219,597,0,0,0
8220,597,0,0,0
8221,597,0,0,0
8222,597,0,0,0
8223,597,0,0,0
8224,597,0,0,0
8225,572,1,0,25
8226,572,0,0,0
8227,572,0,0,0
8228,572,0,0,0
8229,572,0,0,0
8230,572,0,0,0
8231,572,0,0,0
8232,572,0,0,0
8233,572,0,0,0
8234,572,0,0,0
8235,572,0,0,0
8236,572,0,0,0
8237,572,0,0,0
8238,572,0,0,0
8239,572,0,0,0
8240,572,0,0,0
8241,572,0,0,0
8242,572,0,0,0
8243,572,0,0,0
8244,572,0,0,0
8245,572,0,0,0
8246,572,0,0,0
8247,572,0,0,0
8248,572,0,0,0
8249,572,0,0,0
8250,572,0,0,0
8251,572,0,0,0
8252,572,0,0,0
8253,572,0,0,0
8254,572,0,0,0
8255,572,0,0,0
8256,572,0,0,0
8257,572,0,0,0
8258,572,0,0,0
8259,572,0,0,0
8260,572,0,0,0
8261,572,0,0,0
8262,572,0,0,0
8263,572,0,0,0
8264,572,0,0,0
8265,572,0,0,0
8266,572,0,0,0
8267,572,0,0,0
8268,572,0,0,0
8269,572,0,0,0
8270,572,0,0,0
8271,572,0,0,0
8272,572,0,0,0
8273,572,0,0,0
8274,572,0,0,0
8275,572,0,0,0
8276,572,0,0,0
8277,572,0,0,0
8278,572,0,0,0
8279,572,0,0,0
8280,572,0,0,0
8281,572,0,0,0
8282,572,0,0,0
8283,572,0,0,0
8284,572,0,0,0
8285,592,1,25,5
8286,592,0,0,0
8287,592,0,0,0
8288,592,0,0,0
8289,592,0,0,0
8290,592,0,0,0
8291,592,0,0,0
8292,592,0,0,0
8293,592,0,0,0
8294,592,0,0,0
8295,592,0,0,0
8296,592,0,0,0
8297,592,0,0,0
8298,592,0,0,0
8299,592,0,0,0
8300,592,0,0,0
8301,592,0,0,0
8302,592,0,0,0
8303,592,0,0,0
8304,592,0,0,0
8305,592,0,0,0
8306,592,0,0,0
8307,592,0,0,0
8308,592,0,0,0
8309,592,0,0,0
8310,592,0,0,0
8311,592,0,0,0
8312,592,0,0,0
8313,592,0,0,0
8314,592,0,0,0
8315,592,0,0,0
8316,592,0,0,0
8317,592,0,0,0
8318,592,0,0,0
8319,592,0,0,0
8320,592,0,0,0
8321,592,0,0,0
8322,592,0,0,0
8323,592,0,0,0
8324,592,0,0,0
8325,592,0,0,0
8326,592,0,0,0
8327,592,0,0,0
8328,592,0,0,0
8329,592,0,0,0
8330,592,0,0,0
8331,592,0,0,0
8332,592,0,0,0
8333,592,0,0,0
8334,592,0,0,0
8335,592,0,0,0
8336,592,0,0,0
8337,592,0,0,0
8338,592,0,0,0
8339,592,0,0,0
8340,592,0,0,0
8341,592,0,0,0
8342,592,0,0,0
8343,592,0,0,0
8344,592,0,0,0
8345,597,1,5,0
8346,597,0,0,0
8347,597,0,0,0
8348,597,0,0,0
8349,597,0,0,0
8350,597,0,0,0
8351,597,0,0,0
8352,597,0,0,0
8353,597,0,0,0
8354,597,0,0,0
8355,597,0,0,0
8356,597,0,0,0
8357,597,0,0,0
8358,597,0,0,0
8359,597,0,0,0
8360,597,0,0,0
8361,597,0,0,0
8362,597,0,0,0
8363,597,0,0,0
8364,597,0,0,0
8365,597,0,0,0
8366,597,0,0,0
8367,597,0,0,0
8368,597,0,0,0
8369,597,0,0,0
8370,597,0,0,0
8371,597,0,0,0
8372,597,0,0,0
8373,597,0,0,0
8374,597,0,0,0
8375,597,0,0,0
8376,597,0,0,0
8377,597,0,0,0
8378,597,0,0,0
8379,597,0,0,0
8380,597,0,0,0
8381,597,0,0,0
8382,597,0,0,0
8383,597,0,0,0
8384,597,0,0,0
8385,597,0,0,0
8386,597,0,0,0
8387,597,0,0,0
8388,597,0,0,0
8389,597,0,0,0
8390,597,0,0,0
8391,597,0,0,0
8392,597,0,0,0
8393,597,0,0,0
8394,597,0,0,0
8395,572,1,0,25
8396,572,0,0,0
8397,572,0,0,0
8398,572,0,0,0
8399,572,0,0,0
8400,572,0,0,0
8401,572,0,0,0
8402,572,0,0,0
8403,572,0,0,0
8404,572,0,0,0
8405,572,0,0,0
8406,572,0,0,0
8407,572,0,0,0
8408,572,0,0,0
8409,572,0,0,0
8410,572,0,0,0
8411,572,0,0,0
8412,572,0,0,0
8413,572,0,0,0
8414,572,0,0,0
8415,572,0,0,0
8416,572,0,0,0
8417,572,0,0,0
8418,572,0,0,0
8419,572,0,0,0
8420,572,0,0,0
8421,572,0,0,0
8422,572,0,0,0
8423,572,0,0,0
8424,572,0,0,0
8425,561,1,0,11
8426,561,0,0,0
8427,561,0,0,0
8428,561,0,0,0
8429,561,0,0,0
8430,561,0,0,0
8431,561,0,0,0
8432,561,0,0,0
8433,561,0,0,0
8434,561,0,0,0
8435,561,0,0,0
8436,561,0,0,0
8437,561,0,0,0
8438,561,0,0,0
8439,561,0,0,0
8440,561,0,0,0
8441,561,0,0,0
8442,561,0,0,0
8443,561,0,0,0
8444,561,0,0,0
8445,561,0,0,0
8446,561,0,0,0
8447,561,0,0,0
8448,561,0,0,0
8449,561,0,0,0
8450,561,0,0,0
8451,561,0,0,0
8452,561,0,0,0
8453,561,0,0,0
8454,561,0,0,0
8455,580,1,24,5
8456,580,0,0,0
8457,580,0,0,0
8458,580,0,0,0
8459,580,0,0,0
8460,580,0,0,0
8461,580,0,0,0
8462,580,0,0,0
8463,580,0,0,0
8464,580,0,0,0
8465,580,0,0,0
8466,580,0,0,0
8467,580,0,0,0
8468,580,0,0,0
8469,580,0,0,0
8470,580,0,0,0
8471,580,0,0,0
8472,580,0,0,0
8473,580,0,0,0
8474,580,0,0,0
8475,580,0,0,0
8476,580,0,0,0
8477,580,0,0,0
8478,580,0,0,0
8479,580,0,0,0
8480,580,0,0,0
8481,580,0,0,0
8482,580,0,0,0
8483,580,0,0,0
8484,580,0,0,0
8485,590,1,11,1
8486,590,0,0,0
8487,590,0,0,0
8488,590,0,0,0
8489,590,0,0,0
8490,590,0,0,0
8491,590,0,0,0
8492,590,0,0,0
8493,590,0,0,0
8494,590,0,0,0
8495,590,0,0,0
8496,590,0,0,0
8497,590,0,0,0
8498,590,0,0,0
8499,590,0,0,0
8500,590,0,0,0
8501,590,0,0,0
8502,590,0,0,0
8503,590,0,0,0
8504,590,0,0,0
8505,590,0,0,0
8506,590,0,0,0
8507,590,0,0,0
8508,590,0,0,0
8509,590,0,0,0
8510,590,0,0,0
8511,590,0,0,0
8512,590,0,0,0
8513,590,0,0,0
8514,590,0,0,0
8515,590,0,0,0
8516,590,0,0,0
8517,590,0,0,0
8518,590,0,0,0
8519,590,0,0,0
8520,590,0,0,0
8521,590,0,0,0
8522,590,0,0,0
8523,590,0,0,0
8524,590,0,0,0
8525,590,0,0,0
8526,590,0,0,0
8527,590,0,0,0
8528,590,0,0,0
8529,590,0,0,0
8530,590,0,0,0
8531,590,0,0,0
8532,590,0,0,0
8533,590,0,0,0
8534,590,0,0,0
8535,590,0,0,0
8536,590,0,0,0
8537,590,0,0,0
8538,590,0,0,0
8539,590,0,0,0
8540,590,0,0,0
8541,590,0,0,0
8542,590,0,0,0
8543,590,0,0,0
8544,590,0,0,0
8545,590,1,1,1
8546,590,0,0,0
8547,590,0,0,0
8548,590,0,0,0
8549,590,0,0,0
8550,590,0,0,0
8551,590,0,0,0
8552,590,0,0,0
8553,590,0,0,0
8554,590,0,0,0
8555,590,0,0,0
8556,590,0,0,0
8557,590,0,0,0
8558,590,0,0,0
8559,590,0,0,0
8560,590,0,0,0
8561,590,0,0,0
8562,590,0,0,0
8563,565,1,0,25
8564,565,0,0,0
8565,565,0,0,0
8566,565,0,0,0
8567,565,0,0,0
8568,565,0,0,0
8569,565,0,0,0
8570,565,0,0,0
8571,565,0,0,0
8572,565,0,0,0
8573,565,0,0,0
8574,565,0,0,0
8575,565,0,0,0
8576,565,0,0,0
8577,565,0,0,0
8578,565,0,0,0
8579,565,0,0,0
8580,565,0,0,0
8581,565,0,0,0
8582,565,0,0,0
8583,565,0,0,0
8584,565,0,0,0
8585,565,0,0,0
8586,565,0,0,0
8587,565,0,0,0
8588,565,0,0,0
8589,565,0,0,0
8590,565,0,0,0
8591,565,0,0,0
8592,565,0,0,0
8593,565,0,0,0
8594,565,0,0,0
8595,565,0,0,0
8596,565,0,0,0
8597,565,0,0,0
8598,565,0,0,0
8599,565,0,0,0
8600,565,0,0,0
8601,565,0,0,0
8602,565,0,0,0
8603,565,0,0,0
8604,565,0,0,0
8605,565,0,0,0
8606,565,0,0,0
8607,565,0,0,0
8608,565,0,0,0
8609,565,0,0,0
8610,565,0,0,0
8611,565,0,0,0
8612,565,0,0,0
8613,565,0,0,0
8614,565,0,0,0
8615,565,0,0,0
8616,565,0,0,0
8617,565,0,0,0
8618,565,0,0,0
8619,565,0,0,0
8620,565,0,0,0
8621,565,0,0,0
8622,565,0,0,0
8623,585,1,26,6
8624,585,0,0,0
8625,585,0,0,0
8626,585,0,0,0
8627,585,0,0,0
8628,585,0,0,0
8629,585,0,0,0
8630,585,0,0,0
8631,585,0,0,0
8632,585,0,0,0
8633,585,0,0,0
8634,585,0,0,0
8635,585,0,0,0
8636,585,0,0,0
8637,585,0,0,0
8638,585,0,0,0
8639,585,0,0,0
8640,585,0,0,0
8641,585,0,0,0
8642,585,0,0,0
8643,585,0,0,0
8644,585,0,0,0
8645,585,0,0,0
8646,585,0,0,0
8647,585,0,0,0
8648,585,0,0,0
8649,585,0,0,0
8650,585,0,0,0
8651,585,0,0,0
8652,585,0,0,0
8653,585,0,0,0
8654,585,0,0,0
8655,585,0,0,0
8656,585,0,0,0
8657,585,0,0,0
8658,585,0,0,0
8659,585,0,0,0
8660,585,0,0,0
8661,585,0,0,0
8662,585,0,0,0
8663,585,0,0,0
8664,585,0,0,0
8665,585,1,1,1
8666,585,0,0,0
8667,585,0,0,0
8668,585,0,0,0
8669,585,0,0,0
8670,585,0,0,0
8671,585,0,0,0
8672,585,0,0,0
8673,585,0,0,0
8674,585,0,0,0
8675,585,0,0,0
8676,585,0,0,0
8677,585,0,0,0
8678,585,0,0,0
8679,585,0,0,0
8680,585,0,0,0
8681,585,0,0,0
8682,585,0,0,0
8683,590,1,5,0
8684,590,0,0,0
8685,590,0,0,0
8686,590,0,0,0
8687,590,0,0,0
8688,590,0,0,0
8689,590,0,0,0
8690,590,0,0,0
8691,590,0,0,0
8692,590,0,0,0
8693,590,0,0,0
8694,590,0,0,0
8695,590,0,0,0
8696,590,0,0,0
8697,590,0,0,0
8698,590,0,0,0
8699,590,0,0,0
8700,590,0,0,0
8701,590,0,0,0
8702,590,0,0,0
8703,590,0,0,0
8704,590,0,0,0
8705,590,0,0,0
8706,590,0,0,0
8707,590,0,0,0
8708,590,0,0,0
8709,590,0,0,0
8710,590,0,0,0
8711,590,0,0,0
8712,590,0,0,0
8713,590,0,0,0
8714,590,0,0,0
8715,590,0,0,0
8716,590,0,0,0
8717,590,0,0,0
8718,590,0,0,0
8719,590,0,0,0
8720,590,0,0,0
8721,590,0,0,0
8722,590,0,0,0
8723,590,0,0,0
8724,590,0,0,0
8725,590,1,1,1
8726,590,0,0,0
8727,590,0,0,0
8728,590,0,0,0
8729,590,0,0,0
8730,565,1,0,25
8731,565,0,0,0
8732,565,0,0,0
8733,565,0,0,0
8734,565,0,0,0
8735,565,0,0,0
8736,565,0,0,0
8737,565,0,0,0
8738,565,0,0,0
8739,565,0,0,0
8740,565,0,0,0
8741,565,0,0,0
8742,565,0,0,0
8743,565,0,0,0
8744,565,0,0,0
8745,565,0,0,0
8746,565,0,0,0
8747,565,0,0,0
8748,565,0,0,0
8749,565,0,0,0
8750,565,0,0,0
8751,565,0,0,0
8752,565,0,0,0
8753,565,0,0,0
8754,565,0,0,0
8755,565,0,0,0
8756,565,0,0,0
8757,565,0,0,0
8758,565,0,0,0
8759,565,0,0,0
8760,565,0,0,0
8761,565,0,0,0
8762,565,0,0,0
8763,565,0,0,0
8764,565,0,0,0
8765,565,0,0,0
8766,565,0,0,0
8767,565,0,0,0
8768,565,0,0,0
8769,565,0,0,0
8770,565,0,0,0
8771,565,0,0,0
8772,565,0,0,0
8773,565,0,0,0
8774,565,0,0,0
8775,565,0,0,0
8776,565,0,0,0
8777,565,0,0,0
8778,565,0,0,0
8779,565,0,0,0
8780,565,0,0,0
8781,565,0,0,0
8782,565,0,0,0
8783,565,0,0,0
8784,565,0,0,0
8785,565,0,0,0
8786,565,0,0,0
8787,565,0,0,0
8788,565,0,0,0
8789,565,0,0,0
8790,585,1,26,6
8791,585,0,0,0
8792,585,0,0,0
8793,585,0,0,0
8794,585,0,0,0
8795,585,0,0,0
8796,585,0,0,0
8797,585,0,0,0
8798,585,0,0,0
8799,585,0,0,0
8800,585,0,0,0
8801,585,0,0,0
8802,585,0,0,0
8803,585,0,0,0
8804,585,0,0,0
8805,585,0,0,0
8806,585,0,0,0
8807,585,0,0,0
8808,585,0,0,0
8809,585,0,0,0
8810,585,0,0,0
8811,585,0,0,0
8812,585,0,0,0
8813,585,0,0,0
8814,585,0,0,0
8815,585,0,0,0
8816,585,0,0,0
8817,585,0,0,0
8818,585,0,0,0
8819,585,0,0,0
8820,585,0,0,0
8821,585,0,0,0
8822,585,0,0,0
8823,585,0,0,0
8824,585,0,0,0
8825,585,0,0,0
8826,585,0,0,0
8827,585,0,0,0
8828,585,0,0,0
8829,585,0,0,0
8830,585,0,0,0
8831,585,0,0,0
8832,585,0,0,0
8833,585,0,0,0
8834,585,0,0,0
8835,585,0,0,0
8836,585,0,0,0
8837,585,0,0,0
8838,585,0,0,0
8839,585,0,0,0
8840,585,0,0,0
8841,585,0,0,0
8842,585,0,0,0
8843,585,0,0,0
8844,585,0,0,0
8845,585,1,1,1
8846,585,0,0,0
8847,585,0,0,0
8848,585,0,0,0
8849,585,0,0,0
8850,590,1,5,0
8851,590,0,0,0
8852,590,0,0,0
8853,590,0,0,0
8854,590,0,0,0
8855,590,0,0,0
8856,590,0,0,0
8857,590,0,0,0
8858,590,0,0,0
8859,590,0,0,0
8860,590,0,0,0
8861,590,0,0,0
8862,590,0,0,0
8863,590,0,0,0
8864,590,0,0,0
8865,590,0,0,0
8866,590,0,0,0
8867,590,0,0,0
8868,590,0,0,0
8869,590,0,0,0
8870,590,0,0,0
8871,590,0,0,0
8872,590,0,0,0
8873,590,0,0,0
8874,590,0,0,0
8875,590,0,0,0
8876,590,0,0,0
8877,590,0,0,0
8878,590,0,0,0
8879,590,0,0,0
8880,590,0,0,0
8881,590,0,0,0
8882,590,0,0,0
8883,590,0,0,0
8884,590,0,0,0
8885,590,0,0,0
8886,590,0,0,0
8887,590,0,0,0
8888,590,0,0,0
8889,590,0,0,0
8890,590,0,0,0
8891,590,0,0,0
8892,590,0,0,0
8893,590,0,0,0
8894,590,0,0,0
8895,590,0,0,0
8896,590,0,0,0
8897,590,0,0,0
8898,590,0,0,0
8899,590,0,0,0
8900,590,0,0,0
8901,590,0,0,0
8902,590,0,0,0
8903,565,1,0,25
8904,565,0,0,0
8905,565,0,0,0
8906,565,0,0,0
8907,565,0,0,0
8908,565,0,0,0
8909,565,0,0,0
8910,565,0,0,0
8911,565,0,0,0
8912,565,0,0,0
8913,565,0,0,0
8914,565,0,0,0
8915,565,0,0,0
8916,565,0,0,0
8917,565,0,0,0
8918,565,0,0,0
8919,565,0,0,0
8920,565,0,0,0
8921,565,0,0,0
8922,565,0,0,0
8923,565,0,0,0
8924,565,0,0,0
8925,565,0,0,0
8926,565,0,0,0
8927,565,0,0,0
8928,565,0,0,0
8929,565,0,0,0
8930,565,0,0,0
8931,565,0,0,0
8932,565,0,0,0
8933,565,0,0,0
8934,565,0,0,0
8935,565,0,0,0
8936,565,0,0,0
8937,565,0,0,0
8938,565,0,0,0
8939,565,0,0,0
8940,565,0,0,0
8941,565,0,0,0
8942,565,0,0,0
8943,565,0,0,0
8944,565,0,0,0
8945,565,0,0,0
8946,565,0,0,0
8947,565,0,0,0
8948,565,0,0,0
8949,565,0,0,0
8950,565,0,0,0
8951,565,0,0,0
8952,565,0,0,0
8953,565,0,0,0
8954,565,0,0,0
8955,565,0,0,0
8956,565,0,0,0
8957,565,0,0,0
8958,565,0,0,0
8959,565,0,0,0
8960,565,0,0,0
8961,565,0,0,0
8962,565,0,0,0
8963,585,1,26,6
8964,585,0,0,0
8965,586,1,1,0
8966,586,0,0,0
8967,586,0,0,0
8968,586,0,0,0
8969,586,0,0,0
8970,586,0,0,0
8971,586,0,0,0
8972,586,0,0,0
8973,586,0,0,0
8974,586,0,0,0
8975,586,0,0,0
8976,586,0,0,0
8977,586,0,0,0
8978,586,0,0,0
8979,586,0,0,0
8980,586,0,0,0
8981,586,0,0,0
8982,586,0,0,0
8983,586,0,0,0
8984,586,0,0,0
8985,586,0,0,0
8986,586,0,0,0
8987,586,0,0,0
8988,586,0,0,0
8989,586,0,0,0
8990,586,0,0,0
8991,586,0,0,0
8992,586,0,0,0
8993,586,0,0,0
8994,586,0,0,0
8995,586,0,0,0
8996,586,0,0,0
8997,586,0,0,0
8998,586,0,0,0
8999,586,0,0,0
9000,586,0,0,0
9001,586,0,0,0
9002,586,0,0,0
9003,586,0,0,0
9004,586,0,0,0
9005,586,0,0,0
9006,586,0,0,0
9007,586,0,0,0
9008,586,0,0,0
9009,586,0,0,0
9010,586,0,0,0
9011,586,0,0,0
9012,586,0,0,0
9013,586,0,0,0
9014,586,0,0,0
9015,586,0,0,0
9016,586,0,0,0
9017,586,0,0,0
9018,586,0,0,0
9019,586,0,0,0
9020,586,0,0,0
9021,586,0,0,0
9022,586,0,0,0
9023,591,1,5,0
9024,591,0,0,0
9025,592,1,1,0
9026,592,0,0,0
9027,592,0,0,0
9028,592,0,0,0
9029,592,0,0,0
9030,592,0,0,0
9031,592,0,0,0
9032,592,0,0,0
9033,592,0,0,0
9034,592,0,0,0
9035,592,0,0,0
9036,592,0,0,0
9037,592,0,0,0
9038,592,0,0,0
9039,592,0,0,0
9040,592,0,0,0
9041,592,0,0,0
9042,592,0,0,0
9043,592,0,0,0
9044,592,0,0,0
9045,592,0,0,0
9046,592,0,0,0
9047,592,0,0,0
9048,592,0,0,0
9049,592,0,0,0
9050,592,0,0,0
9051,592,0,0,0
9052,592,0,0,0
9053,592,0,0,0
9054,592,0,0,0
9055,592,0,0,0
9056,592,0,0,0
9057,592,0,0,0
9058,592,0,0,0
9059,592,0,0,0
9060,592,0,0,0
9061,592,0,0,0
9062,592,0,0,0
9063,592,0,0,0
9064,592,0,0,0
9065,592,0,0,0
9066,592,0,0,0
9067,592,0,0,0
9068,592,0,0,0
9069,592,0,0,0
9070,592,0,0,0
9071,592,0,0,0
9072,592,0,0,0
9073,592,0,0,0
9074,592,0,0,0
9075,592,0,0,0
9076,592,0,0,0
9077,592,0,0,0
9078,592,0,0,0
9079,566,1,0,26
9080,566,0,0,0
9081,566,0,0,0
9082,566,0,0,0
9083,566,0,0,0
9084,566,0,0,0
9085,566,0,0,0
9086,566,0,0,0
9087,566,0,0,0
9088,566,0,0,0
9089,566,0,0,0
9090,566,0,0,0
9091,566,0,0,0
9092,566,0,0,0
9093,566,0,0,0
9094,566,0,0,0
9095,566,0,0,0
9096,566,0,0,0
9097,566,0,0,0
9098,566,0,0,0
9099,566,0,0,0
9100,566,0,0,0
9101,566,0,0,0
9102,566,0,0,0
9103,566,0,0,0
9104,566,0,0,0
9105,566,0,0,0
9106,566,0,0,0
9107,566,0,0,0
9108,566,0,0,0
9109,566,0,0,0
9110,566,0,0,0
9111,566,0,0,0
9112,566,0,0,0
9113,566,0,0,0
9114,566,0,0,0
9115,566,0,0,0
9116,566,0,0,0
9117,566,0,0,0
9118,566,0,0,0
9119,566,0,0,0
9120,566,0,0,0
9121,566,0,0,0
9122,566,0,0,0
9123,566,0,0,0
9124,566,0,0,0
9125,566,0,0,0
9126,566,0,0,0
9127,566,0,0,0
9128,566,0,0,0
9129,566,0,0,0
9130,566,0,0,0
9131,566,0,0,0
9132,566,0,0,0
9133,566,0,0,0
9134,566,0,0,0
9135,566,0,0,0
9136,566,0,0,0
9137,566,0,0,0
9138,566,0,0,0
9139,587,1,26,5
9140,587,0,0,0
9141,587,0,0,0
9142,587,0,0,0
9143,587,0,0,0
9144,587,0,0,0
9145,587,0,0,0
9146,587,0,0,0
9147,587,0,0,0
9148,587,0,0,0
9149,587,0,0,0
9150,587,0,0,0
9151,587,0,0,0
9152,587,0,0,0
9153,587,0,0,0
9154,587,0,0,0
9155,587,0,0,0
9156,587,0,0,0
9157,587,0,0,0
9158,587,0,0,0
9159,587,0,0,0
9160,587,0,0,0
9161,587,0,0,0
9162,587,0,0,0
9163,587,0,0,0
9164,587,0,0,0
9165,587,0,0,0
9166,587,0,0,0
9167,587,0,0,0
9168,587,0,0,0
9169,587,0,0,0
9170,587,0,0,0
9171,587,0,0,0
9172,587,0,0,0
9173,587,0,0,0
9174,587,0,0,0
9175,587,0,0,0
9176,587,0,0,0
9177,587,0,0,0
9178,587,0,0,0
9179,587,0,0,0
9180,587,0,0,0
9181,587,0,0,0
9182,587,0,0,0
9183,587,0,0,0
9184,587,0,0,0
9185,587,0,0,0
9186,587,0,0,0
9187,587,0,0,0
9188,587,0,0,0
9189,587,0,0,0
9190,587,0,0,0
9191,587,0,0,0
9192,587,0,0,0
9193,587,0,0,0
9194,587,0,0,0
9195,587,0,0,0
9196,587,0,0,0
9197,587,0,0,0
9198,587,0,0,0
9199,592,1,5,0
9200,592,0,0,0
9201,592,0,0,0
9202,592,0,0,0
9203,592,0,0,0
9204,592,0,0,0
9205,592,0,0,0
9206,592,0,0,0
9207,592,0,0,0
9208,592,0,0,0
9209,592,0,0,0
9210,592,0,0,0
9211,592,0,0,0
9212,592,0,0,0
9213,592,0,0,0
9214,592,0,0,0
9215,592,0,0,0
9216,592,0,0,0
9217,592,0,0,0
9218,592,0,0,0
9219,592,0,0,0
9220,592,0,0,0
9221,592,0,0,0
9222,592,0,0,0
9223,592,0,0,0
9224,592,0,0,0
9225,592,0,0,0
9226,592,0,0,0
9227,592,0,0,0
9228,592,0,0,0
9229,592,0,0,0
9230,592,0,0,0
9231,592,0,0,0
9232,592,0,0,0
9233,592,0,0,0
9234,592,0,0,0
9235,592,0,0,0
9236,592,0,0,0
9237,592,0,0,0
9238,592,0,0,0
9239,592,0,0,0
9240,592,0,0,0
9241,592,0,0,0
9242,592,0,0,0
9243,592,0,0,0
9244,592,0,0,0
9245,592,0,0,0
9246,592,0,0,0
9247,592,0,0,0
9248,592,0,0,0
9249,592,0,0,0
9250,592,0,0,0
9251,592,0,0,0
9252,592,0,0,0
9253,566,1,0,26
9254,566,0,0,0
9255,566,0,0,0
9256,566,0,0,0
9257,566,0,0,0
9258,566,0,0,0
9259,566,0,0,0
9260,566,0,0,0
9261,566,0,0,0
9262,566,0,0,0
9263,566,0,0,0
9264,566,0,0,0
9265,566,0,0,0
9266,566,0,0,0
9267,566,0,0,0
9268,566,0,0,0
9269,566,0,0,0
9270,566,0,0,0
9271,566,0,0,0
9272,566,0,0,0
9273,566,0,0,0
9274,566,0,0,0
9275,566,0,0,0
9276,566,0,0,0
9277,566,0,0,0
9278,566,0,0,0
9279,566,0,0,0
9280,566,0,0,0
9281,566,0,0,0
9282,566,0,0,0
9283,566,0,0,0
9284,566,0,0,0
9285,566,0,0,0
9286,566,0,0,0
9287,566,0,0,0
9288,566,0,0,0
9289,566,0,0,0
9290,566,0,0,0
9291,566,0,0,0
9292,566,0,0,0
9293,566,0,0,0
9294,566,0,0,0
9295,566,0,0,0
9296,566,0,0,0
9297,566,0,0,0
9298,566,0,0,0
9299,566,0,0,0
9300,566,0,0,0
9301,566,0,0,0
9302,566,0,0,0
9303,566,0,0,0
9304,566,0,0,0
9305,566,0,0,0
9306,566,0,0,0
9307,566,0,0,0
9308,566,0,0,0
9309,566,0,0,0
9310,566,0,0,0
9311,566,0,0,0
9312,566,0,0,0
9313,587,1,26,5
9314,587,0,0,0
9315,587,0,0,0
9316,587,0,0,0
9317,587,0,0,0
9318,587,0,0,0
9319,587,0,0,0
9320,587,0,0,0
9321,587,0,0,0
9322,587,0,0,0
9323,587,0,0,0
9324,587,0,0,0
9325,587,0,0,0
9326,587,0,0,0
9327,587,0,0,0
9328,587,0,0,0
9329,587,0,0,0
9330,587,0,0,0
9331,587,0,0,0
9332,587,0,0,0
9333,587,0,0,0
9334,587,0,0,0
9335,587,0,0,0
9336,587,0,0,0
9337,587,0,0,0
9338,587,0,0,0
9339,587,0,0,0
9340,587,0,0,0
9341,587,0,0,0
9342,587,0,0,0
9343,587,0,0,0
9344,587,0,0,0
9345,587,0,0,0
9346,587,0,0,0
9347,587,0,0,0
9348,587,0,0,0
9349,587,0,0,0
9350,587,0,0,0
9351,587,0,0,0
9352,587,0,0,0
9353,587,0,0,0
9354,587,0,0,0
9355,587,0,0,0
9356,587,0,0,0
9357,587,0,0,0
9358,587,0,0,0
9359,587,0,0,0
9360,587,0,0,0
9361,587,0,0,0
9362,587,0,0,0
9363,587,0,0,0
9364,587,0,0,0
9365,587,0,0,0
9366,587,0,0,0
9367,587,0,0,0
9368,587,0,0,0
9369,587,0,0,0
9370,587,0,0,0
9371,587,0,0,0
9372,587,0,0,0
9373,592,1,5,0
9374,592,0,0,0
9375,592,0,0,0
9376,592,0,0,0
9377,592,0,0,0
9378,592,0,0,0
9379,592,0,0,0
9380,592,0,0,0
9381,592,0,0,0
9382,592,0,0,0
9383,592,0,0,0
9384,592,0,0,0
9385,592,0,0,0
9386,592,0,0,0
9387,592,0,0,0
9388,592,0,0,0
9389,592,0,0,0
9390,592,0,0,0
9391,592,0,0,0
9392,592,0,0,0
9393,592,0,0,0
9394,592,0,0,0
9395,592,0,0,0
9396,592,0,0,0
9397,592,0,0,0
9398,592,0,0,0
9399,592,0,0,0
9400,592,0,0,0
9401,592,0,0,0
9402,592,0,0,0
9403,592,0,0,0
9404,592,0,0,0
9405,592,0,0,0
9406,592,0,0,0
9407,592,0,0,0
9408,592,0,0,0
9409,592,0,0,0
9410,592,0,0,0
9411,592,0,0,0
9412,592,0,0,0
9413,592,0,0,0
9414,592,0,0,0
9415,592,0,0,0
9416,592,0,0,0
9417,592,0,0,0
9418,592,0,0,0
9419,592,0,0,0
9420,592,0,0,0
9421,592,0,0,0
9422,592,0,0,0
9423,592,0,0,0
9424,592,0,0,0
9425,592,0,0,0
9426,592,0,0,0
9427,566,1,0,26
9428,566,0,0,0
9429,566,0,0,0
9430,566,0,0,0
9431,566,0,0,0
9432,566,0,0,0
9433,566,0,0,0
9434,566,0,0,0
9435,566,0,0,0
9436,566,0,0,0
9437,566,0,0,0
9438,566,0,0,0
9439,566,0,0,0
9440,566,0,0,0
9441,566,0,0,0
9442,566,0,0,0
9443,566,0,0,0
9444,566,0,0,0
9445,566,0,0,0
9446,566,0,0,0
9447,566,0,0,0
9448,566,0,0,0
9449,566,0,0,0
9450,566,0,0,0
9451,566,0,0,0
9452,566,0,0,0
9453,566,0,0,0
9454,566,0,0,0
9455,566,0,0,0
9456,566,0,0,0
9457,566,0,0,0
9458,566,0,0,0
9459,566,0,0,0
9460,566,0,0,0
9461,566,0,0,0
9462,566,0,0,0
9463,566,0,0,0
9464,566,0,0,0
9465,566,0,0,0
9466,566,0,0,0
9467,566,0,0,0
9468,566,0,0,0
9469,566,0,0,0
9470,566,0,0,0
9471,566,0,0,0
9472,566,0,0,0
9473,566,0,0,0
9474,566,0,0,0
9475,566,0,0,0
9476,566,0,0,0
9477,566,0,0,0
9478,566,0,0,0
9479,566,0,0,0
9480,566,0,0,0
9481,566,0,0,0
9482,566,0,0,0
9483,566,0,0,0
9484,566,0,0,0
9485,566,0,0,0
9486,566,0,0,0
9487,587,1,26,5
9488,587,0,0,0
9489,587,0,0,0
9490,587,0,0,0
9491,587,0,0,0
9492,587,0,0,0
9493,587,0,0,0
9494,587,0,0,0
9495,587,0,0,0
9496,587,0,0,0
9497,587,0,0,0
9498,587,0,0,0
9499,587,0,0,0
9500,587,0,0,0
9501,587,0,0,0
9502,587,0,0,0
9503,587,0,0,0
9504,587,0,0,0
9505,587,0,0,0
9506,587,0,0,0
9507,587,0,0,0
9508,587,0,0,0
9509,587,0,0,0
9510,587,0,0,0
9511,587,0,0,0
9512,587,0,0,0
9513,587,0,0,0
9514,587,0,0,0
9515,587,0,0,0
9516,587,0,0,0
9517,587,0,0,0
9518,587,0,0,0
9519,587,0,0,0
9520,587,0,0,0
9521,587,0,0,0
9522,587,0,0,0
9523,587,0,0,0
9524,587,0,0,0
9525,587,0,0,0
9526,587,0,0,0
9527,587,0,0,0
9528,587,0,0,0
9529,587,0,0,0
9530,587,0,0,0
9531,587,0,0,0
9532,587,0,0,0
9533,587,0,0,0
9534,587,0,0,0
9535,587,0,0,0
9536,587,0,0,0
9537,587,0,0,0
9538,587,0,0,0
9539,587,0,0,0
9540,587,0,0,0
9541,587,0,0,0
9542,587,0,0,0
9543,587,0,0,0
9544,587,0,0,0
9545,587,0,0,0
9546,587,0,0,0
9547,592,1,5,0
9548,592,0,0,0
9549,592,0,0,0
9550,592,0,0,0
9551,592,0,0,0
9552,592,0,0,0
9553,592,0,0,0
9554,592,0,0,0
9555,592,0,0,0
9556,592,0,0,0
9557,592,0,0,0
9558,592,0,0,0
9559,592,0,0,0
9560,592,0,0,0
9561,592,0,0,0
9562,592,0,0,0
9563,592,0,0,0
9564,592,0,0,0
9565,592,0,0,0
9566,592,0,0,0
9567,592,0,0,0
9568,592,0,0,0
9569,592,0,0,0
9570,592,0,0,0
9571,592,0,0,0
9572,592,0,0,0
9573,592,0,0,0
9574,592,0,0,0
9575,592,0,0,0
9576,592,0,0,0
9577,592,0,0,0
9578,592,0,0,0
9579,592,0,0,0
9580,592,0,0,0
9581,592,0,0,0
9582,592,0,0,0
9583,592,0,0,0
9584,592,0,0,0
9585,592,0,0,0
9586,592,0,0,0
9587,592,0,0,0
9588,592,0,0,0
9589,592,0,0,0
9590,592,0,0,0
9591,592,0,0,0
9592,592,0,0,0
9593,592,0,0,0
9594,592,0,0,0
9595,592,0,0,0
9596,592,0,0,0
9597,592,0,0,0
9598,592,0,0,0
9599,592,0,0,0
9600,592,0,0,0
9601,566,1,0,26
9602,566,0,0,0
9603,566,0,0,0
9604,566,0,0,0
9605,566,0,0,0
9606,566,0,0,0
9607,566,0,0,0
9608,566,0,0,0
9609,566,0,0,0
9610,566,0,0,0
9611,566,0,0,0
9612,566,0,0,0
9613,566,0,0,0
9614,566,0,0,0
9615,566,0,0,0
9616,566,0,0,0
9617,566,0,0,0
9618,566,0,0,0
9619,566,0,0,0
9620,566,0,0,0
9621,566,0,0,0
9622,566,0,0,0
9623,566,0,0,0
9624,566,0,0,0
9625,566,0,0,0
9626,566,0,0,0
9627,566,0,0,0
9628,566,0,0,0
9629,566,0,0,0
9630,566,0,0,0
9631,566,0,0,0
9632,566,0,0,0
9633,566,0,0,0
9634,566,0,0,0
9635,566,0,0,0
9636,566,0,0,0
9637,566,0,0,0
9638,566,0,0,0
9639,566,0,0,0
9640,566,0,0,0
9641,566,0,0,0
9642,566,0,0,0
9643,566,0,0,0
9644,566,0,0,0
9645,566,0,0,0
9646,566,0,0,0
9647,566,0,0,0
9648,566,0,0,0
9649,566,0,0,0
9650,566,0,0,0
9651,566,0,0,0
9652,566,0,0,0
9653,566,0,0,0
9654,566,0,0,0
9655,566,0,0,0
9656,566,0,0,0
9657,566,0,0,0
9658,566,0,0,0
9659,566,0,0,0
9660,566,0,0,0
9661,587,1,26,5
9662,587,0,0,0
9663,587,0,0,0
9664,587,0,0,0
9665,587,0,0,0
9666,587,0,0,0
9667,587,0,0,0
9668,587,0,0,0
9669,587,0,0,0
9670,587,0,0,0
9671,587,0,0,0
9672,587,0,0,0
9673,587,0,0,0
9674,587,0,0,0
9675,587,0,0,0
9676,587,0,0,0
9677,587,0,0,0
9678,587,0,0,0
9679,587,0,0,0
9680,587,0,0,0
9681,587,0,0,0
9682,587,0,0,0
9683,587,0,0,0
9684,587,0,0,0
9685,587,0,0,0
9686,587,0,0,0
9687,587,0,0,0
9688,587,0,0,0
9689,587,0,0,0
9690,587,0,0,0
9691,587,0,0,0
9692,587,0,0,0
9693,587,0,0,0
9694,587,0,0,0
9695,587,0,0,0
9696,587,0,0,0
9697,587,0,0,0
9698,587,0,0,0
9699,587,0,0,0
9700,587,0,0,0
9701,587,0,0,0
9702,587,0,0,0
9703,587,0,0,0
9704,587,0,0,0
9705,587,0,0,0
9706,587,0,0,0
9707,587,0,0,0
9708,587,0,0,0
9709,587,0,0,0
9710,587,0,0,0
9711,587,0,0,0
9712,587,0,0,0
9713,587,0,0,0
9714,587,0,0,0
9715,587,0,0,0
9716,587,0,0,0
9717,587,0,0,0
9718,587,0,0,0
9719,587,0,0,0
9720,587,0,0,0
9721,592,1,5,0
9722,592,0,0,0
9723,592,0,0,0
9724,592,0,0,0
9725,592,0,0,0
9726,592,0,0,0
9727,592,0,0,0
9728,592,0,0,0
9729,592,0,0,0
9730,592,0,0,0
9731,592,0,0,0
9732,592,0,0,0
9733,592,0,0,0
9734,592,0,0,0
9735,592,0,0,0
9736,592,0,0,0
9737,592,0,0,0
9738,592,0,0,0
9739,592,0,0,0
9740,592,0,0,0
9741,592,0,0,0
9742,592,0,0,0
9743,592,0,0,0
9744,592,0,0,0
9745,592,0,0,0
9746,592,0,0,0
9747,592,0,0,0
9748,592,0,0,0
9749,592,0,0,0
9750,592,0,0,0
9751,592,0,0,0
9752,592,0,0,0
9753,592,0,0,0
9754,592,0,0,0
9755,592,0,0,0
9756,592,0,0,0
9757,592,0,0,0
9758,592,0,0,0
9759,592,0,0,0
9760,592,0,0,0
9761,592,0,0,0
9762,592,0,0,0
9763,592,0,0,0
9764,592,0,0,0
9765,592,0,0,0
9766,592,0,0,0
9767,592,0,0,0
9768,592,0,0,0
9769,592,0,0,0
9770,592,0,0,0
9771,592,0,0,0
9772,592,0,0,0
9773,592,0,0,0
9774,566,1,0,26
9775,566,0,0,0
9776,566,0,0,0
9777,566,0,0,0
9778,566,0,0,0
9779,566,0,0,0
9780,566,0,0,0
9781,566,0,0,0
9782,566,0,0,0
9783,566,0,0,0
9784,566,0,0,0
9785,566,0,0,0
9786,566,0,0,0
9787,566,0,0,0
9788,566,0,0,0
9789,566,0,0,0
9790,566,0,0,0
9791,566,0,0,0
9792,566,0,0,0
9793,566,0,0,0
9794,566,0,0,0
9795,566,0,0,0
9796,566,0,0,0
9797,566,0,0,0
9798,566,0,0,0
9799,566,0,0,0
9800,566,0,0,0
9801,566,0,0,0
9802,566,0,0,0
9803,566,0,0,0
9804,566,0,0,0
9805,566,0,0,0
9806,566,0,0,0
9807,566,0,0,0
9808,566,0,0,0
9809,566,0,0,0
9810,566,0,0,0
9811,566,0,0,0
9812,566,0,0,0
9813,566,0,0,0
9814,566,0,0,0
9815,566,0,0,0
9816,566,0,0,0
9817,566,0,0,0
9818,566,0,0,0
9819,566,0,0,0
9820,566,0,0,0
9821,566,0,0,0
9822,566,0,0,0
9823,566,0,0,0
9824,566,0,0,0
9825,566,0,0,0
9826,566,0,0,0
9827,566,0,0,0
9828,566,0,0,0
9829,566,0,0,0
9830,566,0,0,0
9831,566,0,0,0
9832,566,0,0,0
9833,566,0,0,0
9834,587,1,26,5
9835,587,0,0,0
9836,587,0,0,0
9837,587,0,0,0
9838,587,0,0,0
9839,587,0,0,0
9840,587,0,0,0
9841,587,0,0,0
9842,587,0,0,0
9843,587,0,0,0
9844,587,0,0,0
9845,587,0,0,0
9846,587,0,0,0
9847,587,0,0,0
9848,587,0,0,0
9849,587,0,0,0
9850,587,0,0,0
9851,587,0,0,0
9852,587,0,0,0
9853,587,0,0,0
9854,587,0,0,0
9855,587,0,0,0
9856,587,0,0,0
9857,587,0,0,0
9858,587,0,0,0
9859,587,0,0,0
9860,587,0,0,0
9861,587,0,0,0
9862,587,0,0,0
9863,587,0,0,0
9864,587,0,0,0
9865,587,0,0,0
9866,587,0,0,0
9867,587,0,0,0
9868,587,0,0,0
9869,587,0,0,0
9870,587,0,0,0
9871,587,0,0,0
9872,587,0,0,0
9873,587,0,0,0
9874,587,0,0,0
9875,587,0,0,0
9876,587,0,0,0
9877,587,0,0,0
9878,587,0,0,0
9879,587,0,0,0
9880,587,0,0,0
9881,587,0,0,0
9882,587,0,0,0
9883,587,0,0,0
9884,587,0,0,0
9885,587,0,0,0
9886,587,0,0,0
9887,587,0,0,0
9888,587,0,0,0
9889,587,0,0,0
9890,587,0,0,0
9891,587,0,0,0
9892,587,0,0,0
9893,587,0,0,0
9894,592,1,5,0
9895,592,0,0,0
9896,592,0,0,0
9897,592,0,0,0
9898,592,0,0,0
9899,592,0,0,0
9900,592,0,0,0
9901,592,0,0,0
9902,592,0,0,0
9903,592,0,0,0
9904,592,0,0,0
9905,592,0,0,0
9906,592,0,0,0
9907,592,0,0,0
9908,592,0,0,0
9909,592,0,0,0
9910,592,0,0,0
9911,592,0,0,0
9912,592,0,0,0
9913,592,0,0,0
9914,592,0,0,0
9915,592,0,0,0
9916,592,0,0,0
9917,592,0,0,0
9918,592,0,0,0
9919,592,0,0,0
9920,592,0,0,0
9921,592,0,0,0
9922,592,0,0,0
9923,592,0,0,0
9924,592,0,0,0
9925,592,0,0,0
9926,592,0,0,0
9927,592,0,0,0
9928,592,0,0,0
9929,592,0,0,0
9930,592,0,0,0
9931,592,0,0,0
9932,592,0,0,0
9933,592,0,0,0
9934,592,0,0,0
9935,592,0,0,0
9936,592,0,0,0
9937,592,0,0,0
9938,592,0,0,0
9939,592,0,0,0
9940,592,0,0,0
9941,592,0,0,0
9942,592,0,0,0
9943,592,0,0,0
9944,592,0,0,0
9945,592,0,0,0
9946,566,1,0,26
9947,566,0,0,0
9948,566,0,0,0
9949,566,0,0,0
9950,566,0,0,0
9951,566,0,0,0
9952,566,0,0,0
9953,566,0,0,0
9954,566,0,0,0
9955,566,0,0,0
9956,566,0,0,0
9957,566,0,0,0
9958,566,0,0,0
9959,566,0,0,0
9960,566,0,0,0
9961,566,0,0,0
9962,566,0,0,0
9963,566,0,0,0
9964,566,0,0,0
9965,566,0,0,0
9966,566,0,0,0
9967,566,0,0,0
9968,566,0,0,0
9969,566,0,0,0
9970,566,0,0,0
9971,566,0,0,0
9972,566,0,0,0
9973,566,0,0,0
9974,566,0,0,0
9975,566,0,0,0
9976,566,0,0,0
9977,566,0,0,0
9978,566,0,0,0
9979,566,0,0,0
9980,566,0,0,0
9981,566,0,0,0
9982,566,0,0,0
9983,566,0,0,0
9984,566,0,0,0
9985,566,0,0,0
9986,566,0,0,0
9987,566,0,0,0
9988,566,0,0,0
9989,566,0,0,0
9990,566,0,0,0
9991,566,0,0,0
9992,566,0,0,0
9993,566,0,0,0
9994,566,0,0,0
9995,566,0,0,0
9996,566,0,0,0
9997,566,0,0,0
9998,566,0,0,0
9999,566,0,0,0
10000,566,0,0,0
10001,566,0,0,0
10002,566,0,0,0
10003,566,0,0,0
10004,566,0,0,0
10005,566,0,0,0
10006,587,1,26,5
10007,587,0,0,0
10008,587,0,0,0
10009,587,0,0,0
10010,587,0,0,0
10011,587,0,0,0
10012,587,0,0,0
10013,587,0,0,0
10014,587,0,0,0
10015,587,0,0,0
10016,587,0,0,0
10017,587,0,0,0
10018,587,0,0,0
10019,587,0,0,0
10020,587,0,0,0
10021,587,0,0,0
10022,587,0,0,0
10023,587,0,0,0
10024,587,0,0,0
10025,587,0,0,0
10026,587,0,0,0
10027,587,0,0,0
10028,587,0,0,0
10029,587,0,0,0
10030,587,0,0,0
10031,587,0,0,0
10032,587,0,0,0
10033,587,0,0,0
10034,587,0,0,0
10035,587,0,0,0
10036,587,0,0,0
10037,587,0,0,0
10038,587,0,0,0
10039,587,0,0,0
10040,587,0,0,0
10041,587,0,0,0
10042,587,0,0,0
10043,587,0,0,0
10044,587,0,0,0
10045,587,0,0,0
10046,587,0,0,0
10047,587,0,0,0
10048,587,0,0,0
10049,587,0,0,0
10050,587,0,0,0
10051,587,0,0,0
10052,587,0,0,0
10053,587,0,0,0
10054,587,0,0,0
10055,587,0,0,0
10056,587,0,0,0
10057,587,0,0,0
10058,587,0,0,0
10059,587,0,0,0
10060,587,0,0,0
10061,587,0,0,0
10062,587,0,0,0
10063,587,0,0,0
10064,587,0,0,0
10065,587,0,0,0
10066,592,1,5,0
10067,592,0,0,0
10068,592,0,0,0
10069,592,0,0,0
10070,592,0,0,0
10071,592,0,0,0
10072,592,0,0,0
10073,592,0,0,0
10074,592,0,0,0
10075,592,0,0,0
10076,592,0,0,0
10077,592,0,0,0
10078,592,0,0,0
10079,592,0,0,0
10080,592,0,0,0
10081,592,0,0,0
10082,592,0,0,0
10083,592,0,0,0
10084,592,0,0,0
10085,592,0,0,0
10086,592,0,0,0
10087,592,0,0,0
10088,592,0,0,0
10089,592,0,0,0
10090,592,0,0,0
10091,592,0,0,0
10092,592,0,0,0
10093,592,0,0,0
10094,592,0,0,0
10095,592,0,0,0
10096,592,0,0,0
10097,592,0,0,0
10098,592,0,0,0
10099,592,0,0,0
10100,592,0,0,0
10101,592,0,0,0
10102,592,0,0,0
10103,592,0,0,0
10104,592,0,0,0
10105,592,0,0,0
10106,592,0,0,0
10107,592,0,0,0
10108,592,0,0,0
10109,592,0,0,0
10110,592,0,0,0
10111,592,0,0,0
10112,592,0,0,0
10113,592,0,0,0
10114,592,0,0,0
10115,592,0,0,0
10116,592,0,0,0
10117,592,0,0,0
10118,566,1,0,26
10119,566,0,0,0
10120,566,0,0,0
10121,566,0,0,0
10122,566,0,0,0
10123,566,0,0,0
10124,566,0,0,0
10125,566,0,0,0
10126,566,0,0,0
10127,566,0,0,0
10128,566,0,0,0
10129,566,0,0,0
10130,566,0,0,0
10131,566,0,0,0
10132,566,0,0,0
10133,566,0,0,0
10134,566,0,0,0
10135,566,0,0,0
10136,566,0,0,0
10137,566,0,0,0
10138,566,0,0,0
10139,566,0,0,0
10140,566,0,0,0
10141,566,0,0,0
10142,566,0,0,0
10143,566,0,0,0
10144,566,0,0,0
10145,566,0,0,0
10146,566,0,0,0
10147,566,0,0,0
10148,566,0,0,0
10149,566,0,0,0
10150,566,0,0,0
10151,566,0,0,0
10152,566,0,0,0
10153,566,0,0,0
10154,566,0,0,0
10155,566,0,0,0
10156,566,0,0,0
10157,566,0,0,0
10158,566,0,0,0
10159,566,0,0,0
10160,566,0,0,0
10161,566,0,0,0
10162,566,0,0,0
10163,566,0,0,0
10164,566,0,0,0
10165,566,0,0,0
10166,566,0,0,0
10167,566,0,0,0
10168,566,0,0,0
10169,566,0,0,0
10170,566,0,0,0
10171,566,0,0,0
10172,566,0,0,0
10173,566,0,0,0
10174,566,0,0,0
10175,566,0,0,0
10176,566,0,0,0
10177,566,0,0,0
10178,587,1,26,5
10179,587,0,0,0
10180,587,0,0,0
10181,587,0,0,0
10182,587,0,0,0
10183,587,0,0,0
10184,587,0,0,0
10185,587,0,0,0
10186,587,0,0,0
10187,587,0,0,0
10188,587,0,0,0
10189,587,0,0,0
10190,587,0,0,0
10191,587,0,0,0
10192,587,0,0,0
10193,587,0,0,0
10194,587,0,0,0
10195,587,0,0,0
10196,587,0,0,0
10197,587,0,0,0
10198,587,0,0,0
10199,587,0,0,0
10200,587,0,0,0
10201,587,0,0,0
10202,587,0,0,0
10203,587,0,0,0
10204,587,0,0,0
10205,587,0,0,0
10206,587,0,0,0
10207,587,0,0,0
10208,587,0,0,0
10209,587,0,0,0
10210,587,0,0,0
10211,587,0,0,0
10212,587,0,0,0
10213,587,0,0,0
10214,587,0,0,0
10215,587,0,0,0
10216,587,0,0,0
10217,587,0,0,0
10218,587,0,0,0
10219,587,0,0,0
10220,587,0,0,0
10221,587,0,0,0
10222,587,0,0,0
10223,587,0,0,0
10224,587,0,0,0
10225,587,0,0,0
10226,587,0,0,0
10227,587,0,0,0
10228,587,0,0,0
10229,587,0,0,0
10230,587,0,0,0
10231,587,0,0,0
10232,587,0,0,0
10233,587,0,0,0
10234,587,0,0,0
10235,587,0,0,0
10236,587,0,0,0
10237,587,0,0,0
10238,592,1,5,0
10239,592,0,0,0
10240,592,0,0,0
10241,592,0,0,0
10242,592,0,0,0
10243,592,0,0,0
10244,592,0,0,0
10245,592,0,0,0
10246,592,0,0,0
10247,592,0,0,0
10248,592,0,0,0
10249,592,0,0,0
10250,592,0,0,0
10251,592,0,0,0
10252,592,0,0,0
10253,592,0,0,0
10254,592,0,0,0
10255,592,0,0,0
10256,592,0,0,0
10257,592,0,0,0
10258,592,0,0,0
10259,592,0,0,0
10260,592,0,0,0
10261,592,0,0,0
10262,592,0,0,0
10263,592,0,0,0
10264,592,0,0,0
10265,592,0,0,0
10266,592,0,0,0
10267,592,0,0,0
10268,592,0,0,0
10269,592,0,0,0
10270,592,0,0,0
10271,592,0,0,0
10272,592,0,0,0
10273,592,0,0,0
10274,592,0,0,0
10275,592,0,0,0
10276,592,0,0,0
10277,592,0,0,0
10278,592,0,0,0
10279,592,0,0,0
10280,592,0,0,0
10281,592,0,0,0
10282,592,0,0,0
10283,592,0,0,0
10284,592,0,0,0
10285,592,0,0,0
10286,592,0,0,0
10287,592,0,0,0
10288,592,0,0,0
10289,592,0,0,0
10290,566,1,0,26
10291,566,0,0,0
10292,566,0,0,0
10293,566,0,0,0
10294,566,0,0,0
10295,566,0,0,0
10296,566,0,0,0
10297,566,0,0,0
10298,566,0,0,0
10299,566,0,0,0
10300,566,0,0,0
10301,566,0,0,0
10302,566,0,0,0
10303,566,0,0,0
10304,566,0,0,0
10305,566,0,0,0
10306,566,0,0,0
10307,566,0,0,0
10308,566,0,0,0
10309,566,0,0,0
10310,566,0,0,0
10311,566,0,0,0
10312,566,0,0,0
10313,566,0,0,0
10314,566,0,0,0
10315,566,0,0,0
10316,566,0,0,0
10317,566,0,0,0
10318,566,0,0,0
10319,566,0,0,0
10320,566,0,0,0
10321,566,0,0,0
10322,566,0,0,0
10323,566,0,0,0
10324,566,0,0,0
10325,566,0,0,0
10326,566,0,0,0
10327,566,0,0,0
10328,566,0,0,0
10329,566,0,0,0
10330,566,0,0,0
10331,566,0,0,0
10332,566,0,0,0
10333,566,0,0,0
10334,566,0,0,0
10335,566,0,0,0
10336,566,0,0,0
10337,566,0,0,0
10338,566,0,0,0
10339,566,0,0,0
10340,566,0,0,0
10341,566,0,0,0
10342,566,0,0,0
10343,566,0,0,0
10344,566,0,0,0
10345,566,0,0,0
10346,566,0,0,0
10347,566,0,0,0
10348,566,0,0,0
10349,566,0,0,0
10350,587,1,26,5
10351,587,0,0,0
10352,587,0,0,0
10353,587,0,0,0
10354,587,0,0,0
10355,587,0,0,0
10356,587,0,0,0
10357,587,0,0,0
10358,587,0,0,0
10359,587,0,0,0
10360,587,0,0,0
10361,587,0,0,0
10362,587,0,0,0
10363,587,0,0,0
10364,587,0,0,0
10365,587,0,0,0
10366,587,0,0,0
10367,587,0,0,0
10368,587,0,0,0
10369,587,0,0,0
10370,587,0,0,0
10371,587,0,0,0
10372,587,0,0,0
10373,587,0,0,0
10374,587,0,0,0
10375,587,0,0,0
10376,587,0,0,0
10377,587,0,0,0
10378,587,0,0,0
10379,587,0,0,0
10380,587,0,0,0
10381,587,0,0,0
10382,587,0,0,0
10383,587,0,0,0
10384,587,0,0,0
10385,587,0,0,0
10386,587,0,0,0
10387,587,0,0,0
10388,587,0,0,0
10389,587,0,0,0
10390,587,0,0,0
10391,587,0,0,0
10392,587,0,0,0
10393,587,0,0,0
10394,587,0,0,0
10395,587,0,0,0
10396,587,0,0,0
10397,587,0,0,0
10398,587,0,0,0
10399,587,0,0,0
10400,587,0,0,0
10401,587,0,0,0
10402,587,0,0,0
10403,587,0,0,0
10404,587,0,0,0
10405,587,0,0,0
10406,587,0,0,0
10407,587,0,0,0
10408,587,0,0,0
10409,587,0,0,0
10410,592,1,5,0
10411,592,0,0,0
10412,592,0,0,0
10413,592,0,0,0
10414,592,0,0,0
10415,592,0,0,0
10416,592,0,0,0
10417,592,0,0,0
10418,592,0,0,0
10419,592,0,0,0
10420,592,0,0,0
10421,592,0,0,0
10422,592,0,0,0
10423,592,0,0,0
10424,592,0,0,0
10425,592,0,0,0
10426,592,0,0,0
10427,592,0,0,0
10428,592,0,0,0
10429,592,0,0,0
10430,592,0,0,0
10431,592,0,0,0
10432,592,0,0,0
10433,592,0,0,0
10434,592,0,0,0
10435,592,0,0,0
10436,592,0,0,0
10437,592,0,0,0
10438,592,0,0,0
10439,592,0,0,0
10440,592,0,0,0
10441,592,0,0,0
10442,592,0,0,0
10443,592,0,0,0
10444,592,0,0,0
10445,592,0,0,0
10446,592,0,0,0
10447,592,0,0,0
10448,592,0,0,0
10449,592,0,0,0
10450,592,0,0,0
10451,592,0,0,0
10452,592,0,0,0
10453,592,0,0,0
10454,592,0,0,0
10455,592,0,0,0
10456,592,0,0,0
10457,592,0,0,0
10458,592,0,0,0
10459,592,0,0,0
10460,592,0,0,0
10461,592,0,0,0
10462,566,1,0,26
10463,566,0,0,0
10464,566,0,0,0
10465,566,0,0,0
10466,566,0,0,0
10467,566,0,0,0
10468,566,0,0,0
10469,566,0,0,0
10470,566,0,0,0
10471,566,0,0,0
10472,566,0,0,0
10473,566,0,0,0
10474,566,0,0,0
10475,566,0,0,0
10476,566,0,0,0
10477,566,0,0,0
10478,566,0,0,0
10479,566,0,0,0
10480,566,0,0,0
10481,566,0,0,0
10482,566,0,0,0
10483,566,0,0,0
10484,566,0,0,0
10485,566,0,0,0
10486,566,0,0,0
10487,566,0,0,0
10488,566,0,0,0
10489,566,0,0,0
10490,566,0,0,0
10491,566,0,0,0
10492,566,0,0,0
10493,566,0,0,0
10494,566,0,0,0
10495,566,0,0,0
10496,566,0,0,0
10497,566,0,0,0
10498,566,0,0,0
10499,566,0,0,0
10500,566,0,0,0
10501,566,0,0,0
10502,566,0,0,0
10503,566,0,0,0
10504,566,0,0,0
10505,566,0,0,0
10506,566,0,0,0
10507,566,0,0,0
10508,566,0,0,0
10509,566,0,0,0
10510,566,0,0,0
10511,566,0,0,0
10512,566,0,0,0
10513,566,0,0,0
10514,566,0,0,0
10515,566,0,0,0
10516,566,0,0,0
10517,566,0,0,0
10518,566,0,0,0
10519,566,0,0,0
10520,566,0,0,0
10521,566,0,0,0
10522,587,1,26,5
10523,587,0,0,0
10524,587,0,0,0
10525,587,0,0,0
10526,587,0,0,0
10527,587,0,0,0
10528,587,0,0,0
10529,587,0,0,0
10530,587,0,0,0
10531,587,0,0,0
10532,587,0,0,0
10533,587,0,0,0
10534,587,0,0,0
10535,587,0,0,0
10536,587,0,0,0
10537,587,0,0,0
10538,587,0,0,0
10539,587,0,0,0
10540,587,0,0,0
10541,587,0,0,0
10542,587,0,0,0
10543,587,0,0,0
10544,587,0,0,0
10545,587,0,0,0
10546,587,0,0,0
10547,587,0,0,0
10548,587,0,0,0
10549,587,0,0,0
10550,587,0,0,0
10551,587,0,0,0
10552,587,0,0,0
10553,587,0,0,0
10554,587,0,0,0
10555,587,0,0,0
10556,587,0,0,0
10557,587,0,0,0
10558,587,0,0,0
10559,587,0,0,0
10560,587,0,0,0
10561,587,0,0,0
10562,587,0,0,0
10563,587,0,0,0
10564,587,0,0,0
10565,587,0,0,0
10566,587,0,0,0
10567,587,0,0,0
10568,587,0,0,0
10569,587,0,0,0
10570,587,0,0,0
10571,587,0,0,0
10572,587,0,0,0
10573,587,0,0,0
10574,587,0,0,0
10575,587,0,0,0
10576,587,0,0,0
10577,587,0,0,0
10578,587,0,0,0
10579,587,0,0,0
10580,587,0,0,0
10581,587,0,0,0
10582,592,1,5,0
10583,592,0,0,0
10584,592,0,0,0
10585,592,0,0,0
10586,592,0,0,0
10587,592,0,0,0
10588,592,0,0,0
10589,592,0,0,0
10590,592,0,0,0
10591,592,0,0,0
10592,592,0,0,0
10593,592,0,0,0
10594,592,0,0,0
10595,592,0,0,0
10596,592,0,0,0
10597,592,0,0,0
10598,592,0,0,0
10599,592,0,0,0
10600,592,0,0,0
10601,592,0,0,0
10602,592,0,0,0
10603,592,0,0,0
10604,592,0,0,0
10605,592,0,0,0
10606,592,0,0,0
10607,592,0,0,0
10608,592,0,0,0
10609,592,0,0,0
10610,592,0,0,0
10611,592,0,0,0
10612,592,0,0,0
10613,592,0,0,0
10614,592,0,0,0
10615,592,0,0,0
10616,592,0,0,0
10617,592,0,0,0
10618,592,0,0,0
10619,592,0,0,0
10620,592,0,0,0
10621,592,0,0,0
10622,592,0,0,0
10623,592,0,0,0
10624,592,0,0,0
10625,592,0,0,0
10626,592,0,0,0
10627,592,0,0,0
10628,592,0,0,0
10629,592,0,0,0
10630,592,0,0,0
10631,592,0,0,0
10632,592,0,0,0
10633,566,1,0,26
10634,566,0,0,0
10635,566,0,0,0
10636,566,0,0,0
10637,566,0,0,0
10638,566,0,0,0
10639,566,0,0,0
10640,566,0,0,0
10641,566,0,0,0
10642,566,0,0,0
10643,566,0,0,0
10644,566,0,0,0
10645,566,0,0,0
10646,566,0,0,0
10647,566,0,0,0
10648,566,0,0,0
10649,566,0,0,0
10650,566,0,0,0
10651,566,0,0,0
10652,566,0,0,0
10653,566,0,0,0
10654,566,0,0,0
10655,566,0,0,0
10656,566,0,0,0
10657,566,0,0,0
10658,566,0,0,0
10659,566,0,0,0
10660,566,0,0,0
10661,566,0,0,0
10662,566,0,0,0
10663,566,0,0,0
10664,566,0,0,0
10665,566,0,0,0
10666,566,0,0,0
10667,566,0,0,0
10668,566,0,0,0
10669,566,0,0,0
10670,566,0,0,0
10671,566,0,0,0
10672,566,0,0,0
10673,566,0,0,0
10674,566,0,0,0
10675,566,0,0,0
10676,566,0,0,0
10677,566,0,0,0
10678,566,0,0,0
10679,566,0,0,0
10680,566,0,0,0
10681,566,0,0,0
10682,566,0,0,0
10683,566,0,0,0
10684,566,0,0,0
10685,566,0,0,0
10686,566,0,0,0
10687,566,0,0,0
10688,566,0,0,0
10689,566,0,0,0
10690,566,0,0,0
10691,566,0,0,0
10692,566,0,0,0
10693,587,1,26,5
10694,587,0,0,0
10695,587,0,0,0
10696,587,0,0,0
10697,587,0,0,0
10698,587,0,0,0
10699,587,0,0,0
10700,587,0,0,0
10701,587,0,0,0
10702,587,0,0,0
10703,587,0,0,0
10704,587,0,0,0
10705,587,0,0,0
10706,587,0,0,0
10707,587,0,0,0
10708,587,0,0,0
10709,587,0,0,0
10710,587,0,0,0
10711,587,0,0,0
10712,587,0,0,0
10713,587,0,0,0
10714,587,0,0,0
10715,587,0,0,0
10716,587,0,0,0
10717,587,0,0,0
10718,587,0,0,0
10719,587,0,0,0
10720,587,0,0,0
10721,587,0,0,0
10722,587,0,0,0
10723,587,0,0,0
10724,587,0,0,0
10725,587,0,0,0
10726,587,0,0,0
10727,587,0,0,0
10728,587,0,0,0
10729,587,0,0,0
10730,587,0,0,0
10731,587,0,0,0
10732,587,0,0,0
10733,587,0,0,0
10734,587,0,0,0
10735,587,0,0,0
10736,587,0,0,0
10737,587,0,0,0
10738,587,0,0,0
10739,587,0,0,0
10740,587,0,0,0
10741,587,0,0,0
10742,587,0,0,0
10743,587,0,0,0
10744,587,0,0,0
10745,587,0,0,0
10746,587,0,0,0
10747,587,0,0,0
10748,587,0,0,0
10749,587,0,0,0
10750,587,0,0,0
10751,587,0,0,0
10752,587,0,0,0
10753,592,1,5,0
10754,592,0,0,0
10755,592,0,0,0
10756,592,0,0,0
10757,592,0,0,0
10758,592,0,0,0
10759,592,0,0,0
10760,592,0,0,0
10761,592,0,0,0
10762,592,0,0,0
10763,592,0,0,0
10764,592,0,0,0
10765,592,0,0,0
10766,592,0,0,0
10767,592,0,0,0
10768,592,0,0,0
10769,592,0,0,0
10770,592,0,0,0
10771,592,0,0,0
10772,592,0,0,0
10773,592,0,0,0
10774,592,0,0,0
10775,592,0,0,0
10776,592,0,0,0
10777,592,0,0,0
10778,592,0,0,0
10779,592,0,0,0
10780,592,0,0,0
10781,592,0,0,0
10782,592,0,0,0
10783,592,0,0,0
10784,592,0,0,0
10785,592,0,0,0
10786,592,0,0,0
10787,592,0,0,0
10788,592,0,0,0
10789,592,0,0,0
10790,592,0,0,0
10791,592,0,0,0
10792,592,0,0,0
10793,592,0,0,0
10794,592,0,0,0
10795,592,0,0,0
10796,592,0,0,0
10797,592,0,0,0
10798,592,0,0,0
10799,592,0,0,0
10800,592,0,0,0
10801,592,0,0,0
10802,566,1,0,26
10803,566,0,0,0
10804,566,0,0,0
10805,566,0,0,0
10806,566,0,0,0
10807,566,0,0,0
10808,566,0,0,0
10809,566,0,0,0
10810,566,0,0,0
10811,566,0,0,0
10812,566,0,0,0
10813,566,0,0,0
10814,566,0,0,0
10815,566,0,0,0
10816,566,0,0,0
10817,566,0,0,0
10818,566,0,0,0
10819,566,0,0,0
10820,566,0,0,0
10821,566,0,0,0
10822,566,0,0,0
10823,566,0,0,0
10824,566,0,0,0
10825,566,0,0,0
10826,566,0,0,0
10827,566,0,0,0
10828,566,0,0,0
10829,566,0,0,0
10830,566,0,0,0
10831,566,0,0,0
10832,566,0,0,0
10833,566,0,0,0
10834,566,0,0,0
10835,566,0,0,0
10836,566,0,0,0
10837,566,0,0,0
10838,566,0,0,0
10839,566,0,0,0
10840,566,0,0,0
10841,566,0,0,0
10842,566,0,0,0
10843,566,0,0,0
10844,566,0,0,0
10845,566,0,0,0
10846,566,0,0,0
10847,566,0,0,0
10848,566,0,0,0
10849,566,0,0,0
10850,566,0,0,0
10851,566,0,0,0
10852,566,0,0,0
10853,566,0,0,0
10854,566,0,0,0
10855,566,0,0,0
10856,566,0,0,0
10857,566,0,0,0
10858,566,0,0,0
10859,566,0,0,0
10860,566,0,0,0
10861,566,0,0,0
10862,587,1,26,5
10863,587,0,0,0
10864,587,0,0,0
10865,587,0,0,0
10866,587,0,0,0
10867,587,0,0,0
10868,587,0,0,0
10869,587,0,0,0
10870,587,0,0,0
10871,587,0,0,0
10872,587,0,0,0
10873,587,0,0,0
10874,587,0,0,0
10875,587,0,0,0
10876,587,0,0,0
10877,587,0,0,0
10878,587,0,0,0
10879,587,0,0,0
10880,587,0,0,0
10881,587,0,0,0
10882,587,0,0,0
10883,587,0,0,0
10884,587,0,0,0
10885,587,0,0,0
10886,587,0,0,0
10887,587,0,0,0
10888,587,0,0,0
10889,587,0,0,0
10890,587,0,0,0
10891,587,0,0,0
10892,587,0,0,0
10893,587,0,0,0
10894,587,0,0,0
10895,587,0,0,0
10896,587,0,0,0
10897,587,0,0,0
10898,587,0,0,0
10899,587,0,0,0
10900,587,0,0,0
10901,587,0,0,0
10902,587,0,0,0
10903,587,0,0,0
10904,587,0,0,0
10905,587,0,0,0
10906,587,0,0,0
10907,587,0,0,0
10908,587,0,0,0
10909,587,0,0,0
10910,587,0,0,0
10911,587,0,0,0
10912,587,0,0,0
10913,587,0,0,0
10914,587,0,0,0
10915,587,0,0,0
10916,587,0,0,0
10917,587,0,0,0
10918,587,0,0,0
10919,587,0,0,0
10920,587,0,0,0
10921,587,0,0,0
10922,592,1,5,0
10923,592,0,0,0
10924,592,0,0,0
10925,592,0,0,0
10926,592,0,0,0
10927,592,0,0,0
10928,592,0,0,0
10929,592,0,0,0
10930,592,0,0,0
10931,592,0,0,0
10932,592,0,0,0
10933,592,0,0,0
10934,592,0,0,0
10935,592,0,0,0
10936,592,0,0,0
10937,592,0,0,0
10938,592,0,0,0
10939,592,0,0,0
10940,592,0,0,0
10941,592,0,0,0
10942,592,0,0,0
10943,592,0,0,0
10944,592,0,0,0
10945,592,0,0,0
10946,592,0,0,0
10947,592,0,0,0
10948,592,0,0,0
10949,592,0,0,0
10950,592,0,0,0
10951,592,0,0,0
10952,592,0,0,0
10953,592,0,0,0
10954,592,0,0,0
10955,592,0,0,0
10956,592,0,0,0
10957,592,0,0,0
10958,592,0,0,0
10959,592,0,0,0
10960,592,0,0,0
10961,592,0,0,0
10962,592,0,0,0
10963,592,0,0,0
10964,592,0,0,0
10965,592,0,0,0
10966,592,0,0,0
10967,592,0,0,0
10968,592,0,0,0
10969,592,0,0,0
10970,592,0,0,0
10971,566,1,0,26
10972,566,0,0,0
10973,566,0,0,0
10974,566,0,0,0
10975,566,0,0,0
10976,566,0,0,0
10977,566,0,0,0
10978,566,0,0,0
10979,566,0,0,0
10980,566,0,0,0
10981,566,0,0,0
10982,566,0,0,0
10983,566,0,0,0
10984,566,0,0,0
10985,566,0,0,0
10986,566,0,0,0
10987,566,0,0,0
10988,566,0,0,0
10989,566,0,0,0
10990,566,0,0,0
10991,566,0,0,0
10992,566,0,0,0
10993,566,0,0,0
10994,566,0,0,0
10995,566,0,0,0
10996,566,0,0,0
10997,566,0,0,0
10998,566,0,0,0
10999,566,0,0,0
11000,566,0,0,0
11001,566,0,0,0
11002,566,0,0,0
11003,566,0,0,0
11004,566,0,0,0
11005,566,0,0,0
11006,566,0,0,0
11007,566,0,0,0
11008,566,0,0,0
11009,566,0,0,0
11010,566,0,0,0
11011,566,0,0,0
11012,566,0,0,0
11013,566,0,0,0
11014,566,0,0,0
11015,566,0,0,0
11016,566,0,0,0
11017,566,0,0,0
11018,566,0,0,0
11019,566,0,0,0
11020,566,0,0,0
11021,566,0,0,0
11022,566,0,0,0
11023,566,0,0,0
11024,566,0,0,0
11025,566,0,0,0
11026,566,0,0,0
11027,566,0,0,0
11028,566,0,0,0
11029,566,0,0,0
11030,566,0,0,0
11031,587,1,26,5
11032,587,0,0,0
11033,587,0,0,0
11034,587,0,0,0
11035,587,0,0,0
11036,587,0,0,0
11037,587,0,0,0
11038,587,0,0,0
11039,587,0,0,0
11040,587,0,0,0
11041,587,0,0,0
11042,587,0,0,0
11043,587,0,0,0
11044,587,0,0,0
11045,587,0,0,0
11046,587,0,0,0
11047,587,0,0,0
11048,587,0,0,0
11049,587,0,0,0
11050,587,0,0,0
11051,587,0,0,0
11052,587,0,0,0
11053,587,0,0,0
11054,587,0,0,0
11055,587,0,0,0
11056,587,0,0,0
11057,587,0,0,0
11058,587,0,0,0
11059,587,0,0,0
11060,587,0,0,0
11061,587,0,0,0
11062,587,0,0,0
11063,587,0,0,0
11064,587,0,0,0
11065,587,0,0,0
11066,587,0,0,0
11067,587,0,0,0
11068,587,0,0,0
11069,587,0,0,0
11070,587,0,0,0
11071,587,0,0,0
11072,587,0,0,0
11073,587,0,0,0
11074,587,0,0,0
11075,587,0,0,0
11076,587,0,0,0
11077,587,0,0,0
11078,587,0,0,0
11079,587,0,0,0
11080,587,0,0,0
11081,587,0,0,0
11082,587,0,0,0
11083,587,0,0,0
11084,587,0,0,0
11085,587,0,0,0
11086,587,0,0,0
11087,587,0,0,0
11088,587,0,0,0
11089,587,0,0,0
11090,587,0,0,0
11091,592,1,5,0
11092,592,0,0,0
11093,592,0,0,0
11094,592,0,0,0
11095,592,0,0,0
11096,592,0,0,0
11097,592,0,0,0
11098,592,0,0,0
11099,592,0,0,0
11100,592,0,0,0
11101,592,0,0,0
11102,592,0,0,0
11103,592,0,0,0
11104,592,0,0,0
11105,592,0,0,0
11106,592,0,0,0
11107,592,0,0,0
11108,592,0,0,0
11109,592,0,0,0
11110,592,0,0,0
11111,592,0,0,0
11112,592,0,0,0
11113,592,0,0,0
11114,592,0,0,0
11115,592,0,0,0
11116,592,0,0,0
11117,592,0,0,0
11118,592,0,0,0
11119,592,0,0,0
11120,592,0,0,0
11121,592,0,0,0
11122,592,0,0,0
11123,592,0,0,0
11124,592,0,0,0
11125,592,0,0,0
11126,592,0,0,0
11127,592,0,0,0
11128,592,0,0,0
11129,592,0,0,0
11130,592,0,0,0
11131,592,0,0,0
11132,592,0,0,0
11133,592,0,0,0
11134,592,0,0,0
11135,592,0,0,0
11136,592,0,0,0
11137,592,0,0,0
11138,566,1,0,26
11139,566,0,0,0
11140,566,0,0,0
11141,566,0,0,0
11142,566,0,0,0
11143,566,0,0,0
11144,566,0,0,0
11145,566,0,0,0
11146,566,0,0,0
11147,566,0,0,0
11148,566,0,0,0
11149,566,0,0,0
11150,566,0,0,0
11151,566,0,0,0
11152,566,0,0,0
11153,566,0,0,0
11154,566,0,0,0
11155,566,0,0,0
11156,566,0,0,0
11157,566,0,0,0
11158,566,0,0,0
11159,566,0,0,0
11160,566,0,0,0
11161,566,0,0,0
11162,566,0,0,0
11163,566,0,0,0
11164,566,0,0,0
11165,566,0,0,0
11166,566,0,0,0
11167,566,0,0,0
11168,566,0,0,0
11169,566,0,0,0
11170,566,0,0,0
11171,566,0,0,0
11172,566,0,0,0
11173,566,0,0,0
11174,566,0,0,0
11175,566,0,0,0
11176,566,0,0,0
11177,566,0,0,0
11178,566,0,0,0
11179,566,0,0,0
11180,566,0,0,0
11181,566,0,0,0
11182,566,0,0,0
11183,566,0,0,0
11184,566,0,0,0
11185,566,0,0,0
11186,566,0,0,0
11187,566,0,0,0
11188,566,0,0,0
11189,566,0,0,0
11190,566,0,0,0
11191,566,0,0,0
11192,566,0,0,0
11193,566,0,0,0
11194,566,0,0,0
11195,566,0,0,0
11196,566,0,0,0
11197,566,0,0,0
11198,587,1,26,5
11199,587,0,0,0
11200,587,0,0,0
11201,587,0,0,0
11202,587,0,0,0
11203,587,0,0,0
11204,587,0,0,0
11205,587,0,0,0
11206,587,0,0,0
11207,587,0,0,0
11208,587,0,0,0
11209,587,0,0,0
11210,587,0,0,0
11211,587,0,0,0
11212,587,0,0,0
11213,587,0,0,0
11214,587,0,0,0
11215,587,0,0,0
11216,587,0,0,0
11217,587,0,0,0
11218,587,0,0,0
11219,587,0,0,0
11220,587,0,0,0
11221,587,0,0,0
11222,587,0,0,0
11223,587,0,0,0
11224,587,0,0,0
11225,587,0,0,0
11226,587,0,0,0
11227,587,0,0,0
11228,587,0,0,0
11229,587,0,0,0
11230,587,0,0,0
11231,587,0,0,0
11232,587,0,0,0
11233,587,0,0,0
11234,587,0,0,0
11235,587,0,0,0
11236,587,0,0,0
11237,587,0,0,0
11238,587,0,0,0
11239,587,0,0,0
11240,587,0,0,0
11241,587,0,0,0
11242,587,0,0,0
11243,587,0,0,0
11244,587,0,0,0
11245,587,0,0,0
11246,587,0,0,0
11247,587,0,0,0
11248,587,0,0,0
11249,587,0,0,0
11250,587,0,0,0
11251,587,0,0,0
11252,587,0,0,0
11253,587,0,0,0
11254,587,0,0,0
11255,587,0,0,0
11256,587,0,0,0
11257,587,0,0,0
11258,592,1,5,0
11259,592,0,0,0
11260,592,0,0,0
11261,592,0,0,0
11262,592,0,0,0
11263,592,0,0,0
11264,592,0,0,0
11265,592,0,0,0
11266,592,0,0,0
11267,592,0,0,0
11268,592,0,0,0
11269,592,0,0,0
11270,592,0,0,0
11271,592,0,0,0
11272,592,0,0,0
11273,592,0,0,0
11274,592,0,0,0
11275,592,0,0,0
11276,592,0,0,0
11277,592,0,0,0
11278,592,0,0,0
11279,592,0,0,0
11280,592,0,0,0
11281,592,0,0,0
11282,592,0,0,0
11283,592,0,0,0
11284,592,0,0,0
11285,592,0,0,0
11286,592,0,0,0
11287,592,0,0,0
11288,592,0,0,0
11289,592,0,0,0
11290,592,0,0,0
11291,592,0,0,0
11292,592,0,0,0
11293,592,0,0,0
11294,592,0,0,0
11295,592,0,0,0
11296,592,0,0,0
11297,592,0,0,0
11298,592,0,0,0
11299,592,0,0,0
11300,592,0,0,0
11301,592,0,0,0
11302,592,0,0,0
11303,592,0,0,0
11304,592,0,0,0
11305,592,0,0,0
11306,592,0,0,0
11307,592,0,0,0
11308,592,0,0,0
11309,592,0,0,0
11310,566,1,0,26
11311,566,0,0,0
11312,566,0,0,0
11313,566,0,0,0
11314,566,0,0,0
11315,566,0,0,0
11316,566,0,0,0
11317,566,0,0,0
11318,566,0,0,0
11319,566,0,0,0
11320,566,0,0,0
11321,566,0,0,0
11322,566,0,0,0
11323,566,0,0,0
11324,566,0,0,0
11325,566,0,0,0
11326,566,0,0,0
11327,566,0,0,0
11328,566,0,0,0
11329,566,0,0,0
11330,566,0,0,0
11331,566,0,0,0
11332,566,0,0,0
11333,566,0,0,0
11334,566,0,0,0
11335,566,0,0,0
11336,566,0,0,0
11337,566,0,0,0
11338,566,0,0,0
11339,566,0,0,0
11340,566,0,0,0
11341,566,0,0,0
11342,566,0,0,0
11343,566,0,0,0
11344,566,0,0,0
11345,566,0,0,0
11346,566,0,0,0
11347,566,0,0,0
11348,566,0,0,0
11349,566,0,0,0
11350,566,0,0,0
11351,566,0,0,0
11352,566,0,0,0
11353,566,0,0,0
11354,566,0,0,0
11355,566,0,0,0
11356,566,0,0,0
11357,566,0,0,0
11358,566,0,0,0
11359,566,0,0,0
11360,566,0,0,0
11361,566,0,0,0
11362,566,0,0,0
11363,566,0,0,0
11364,566,0,0,0
11365,566,0,0,0
11366,566,0,0,0
11367,566,0,0,0
11368,566,0,0,0
11369,566,0,0,0
11370,587,1,26,5
11371,587,0,0,0
11372,587,0,0,0
11373,587,0,0,0
11374,587,0,0,0
11375,587,0,0,0
11376,587,0,0,0
11377,587,0,0,0
11378,587,0,0,0
11379,587,0,0,0
11380,587,0,0,0
11381,587,0,0,0
11382,587,0,0,0
11383,587,0,0,0
11384,587,0,0,0
11385,587,0,0,0
11386,587,0,0,0
11387,587,0,0,0
11388,587,0,0,0
11389,587,0,0,0
11390,587,0,0,0
11391,587,0,0,0
11392,587,0,0,0
11393,587,0,0,0
11394,587,0,0,0
11395,587,0,0,0
11396,587,0,0,0
11397,587,0,0,0
11398,587,0,0,0
11399,587,0,0,0
11400,587,0,0,0
11401,587,0,0,0
11402,587,0,0,0
11403,587,0,0,0
11404,587,0,0,0
11405,587,0,0,0
11406,587,0,0,0
11407,587,0,0,0
11408,587,0,0,0
11409,587,0,0,0
11410,587,0,0,0
11411,587,0,0,0
11412,587,0,0,0
11413,587,0,0,0
11414,587,0,0,0
11415,587,0,0,0
11416,587,0,0,0
11417,587,0,0,0
11418,587,0,0,0
11419,587,0,0,0
11420,587,0,0,0
11421,587,0,0,0
11422,587,0,0,0
11423,587,0,0,0
11424,587,0,0,0
11425,587,0,0,0
11426,587,0,0,0
11427,587,0,0,0
11428,587,0,0,0
11429,587,0,0,0
11430,592,1,5,0
11431,592,0,0,0
11432,592,0,0,0
11433,592,0,0,0
11434,592,0,0,0
11435,592,0,0,0
11436,592,0,0,0
11437,592,0,0,0
11438,592,0,0,0
11439,592,0,0,0
11440,592,0,0,0
11441,592,0,0,0
11442,592,0,0,0
11443,592,0,0,0
11444,592,0,0,0
11445,592,0,0,0
11446,592,0,0,0
11447,592,0,0,0
11448,592,0,0,0
11449,592,0,0,0
11450,592,0,0,0
11451,592,0,0,0
11452,592,0,0,0
11453,592,0,0,0
11454,592,0,0,0
11455,592,0,0,0
11456,592,0,0,0
11457,592,0,0,0
11458,592,0,0,0
11459,592,0,0,0
11460,592,0,0,0
11461,592,0,0,0
11462,592,0,0,0
11463,592,0,0,0
11464,592,0,0,0
11465,592,0,0,0
11466,592,0,0,0
11467,592,0,0,0
11468,592,0,0,0
11469,592,0,0,0
11470,592,0,0,0
11471,592,0,0,0
11472,592,0,0,0
11473,592,0,0,0
11474,592,0,0,0
11475,592,0,0,0
11476,592,0,0,0
11477,592,0,0,0
11478,592,0,0,0
11479,592,0,0,0
11480,592,0,0,0
11481,592,0,0,0
11482,592,0,0,0
11483,592,0,0,0
11484,592,0,0,0
11485,566,1,0,26
11486,566,0,0,0
11487,566,0,0,0
11488,566,0,0,0
11489,566,0,0,0
11490,566,0,0,0
11491,566,0,0,0
11492,566,0,0,0
11493,566,0,0,0
11494,566,0,0,0
11495,566,0,0,0
11496,566,0,0,0
11497,566,0,0,0
11498,566,0,0,0
11499,566,0,0,0
11500,566,0,0,0
11501,566,0,0,0
11502,566,0,0,0
11503,566,0,0,0
11504,566,0,0,0
11505,566,0,0,0
11506,566,0,0,0
11507,566,0,0,0
11508,566,0,0,0
11509,566,0,0,0
11510,566,0,0,0
11511,566,0,0,0
11512,566,0,0,0
11513,566,0,0,0
11514,566,0,0,0
11515,566,0,0,0
11516,566,0,0,0
11517,566,0,0,0
11518,566,0,0,0
11519,566,0,0,0
11520,566,0,0,0
11521,566,0,0,0
11522,566,0,0,0
11523,566,0,0,0
11524,566,0,0,0
11525,566,0,0,0
11526,566,0,0,0
11527,566,0,0,0
11528,566,0,0,0
11529,566,0,0,0
11530,566,0,0,0
11531,566,0,0,0
11532,566,0,0,0
11533,566,0,0,0
11534,566,0,0,0
11535,566,0,0,0
11536,566,0,0,0
11537,566,0,0,0
11538,566,0,0,0
11539,566,0,0,0
11540,566,0,0,0
11541,566,0,0,0
11542,566,0,0,0
11543,566,0,0,0
11544,566,0,0,0
11545,587,1,26,5
11546,587,0,0,0
11547,587,0,0,0
11548,587,0,0,0
11549,587,0,0,0
11550,587,0,0,0
11551,587,0,0,0
11552,587,0,0,0
11553,587,0,0,0
11554,587,0,0,0
11555,587,0,0,0
11556,587,0,0,0
11557,587,0,0,0
11558,587,0,0,0
11559,587,0,0,0
11560,587,0,0,0
11561,587,0,0,0
11562,587,0,0,0
11563,587,0,0,0
11564,587,0,0,0
11565,587,0,0,0
11566,587,0,0,0
11567,587,0,0,0
11568,587,0,0,0
11569,587,0,0,0
11570,587,0,0,0
11571,587,0,0,0
11572,587,0,0,0
11573,587,0,0,0
11574,587,0,0,0
11575,587,0,0,0
11576,587,0,0,0
11577,587,0,0,0
11578,587,0,0,0
11579,587,0,0,0
11580,576,1,0,11
11581,576,0,0,0
11582,576,0,0,0
11583,576,0,0,0
11584,576,0,0,0
11585,576,0,0,0
11586,576,0,0,0
11587,576,0,0,0
11588,576,0,0,0
11589,576,0,0,0
11590,576,0,0,0
11591,576,0,0,0
11592,576,0,0,0
11593,576,0,0,0
11594,576,0,0,0
11595,576,0,0,0
11596,576,0,0,0
11597,576,0,0,0
11598,576,0,0,0
11599,576,0,0,0
11600,576,0,0,0
11601,576,0,0,0
11602,576,0,0,0
11603,576,0,0,0
11604,576,0,0,0
11605,581,1,5,0
11606,581,0,0,0
11607,581,0,0,0
11608,581,0,0,0
11609,581,0,0,0
11610,581,0,0,0
11611,581,0,0,0
11612,581,0,0,0
11613,581,0,0,0
11614,581,0,0,0
11615,581,0,0,0
11616,581,0,0,0
11617,581,0,0,0
11618,581,0,0,0
11619,581,0,0,0
11620,581,0,0,0
11621,581,0,0,0
11622,581,0,0,0
11623,581,0,0,0
11624,581,0,0,0
11625,581,0,0,0
11626,581,0,0,0
11627,581,0,0,0
11628,581,0,0,0
11629,581,0,0,0
11630,581,0,0,0
11631,581,0,0,0
11632,581,0,0,0
11633,581,0,0,0
11634,581,0,0,0
11635,581,0,0,0
11636,581,0,0,0
11637,581,0,0,0
11638,581,0,0,0
11639,581,0,0,0
11640,593,1,13,1
11641,593,0,0,0
11642,593,0,0,0
11643,593,0,0,0
11644,593,0,0,0
11645,593,0,0,0
11646,593,0,0,0
11647,593,0,0,0
11648,593,0,0,0
11649,593,0,0,0
11650,593,0,0,0
11651,593,0,0,0
11652,593,0,0,0
11653,593,0,0,0
11654,593,0,0,0
11655,593,0,0,0
11656,593,0,0,0
11657,593,0,0,0
11658,593,0,0,0
11659,593,0,0,0
11660,566,1,0,27
11661,566,0,0,0
11662,566,0,0,0
11663,566,0,0,0
11664,566,0,0,0
11665,566,0,0,0
11666,566,0,0,0
11667,566,0,0,0
11668,566,0,0,0
11669,566,0,0,0
11670,566,0,0,0
11671,566,0,0,0
11672,566,0,0,0
11673,566,0,0,0
11674,566,0,0,0
11675,566,0,0,0
11676,566,0,0,0
11677,566,0,0,0
11678,566,0,0,0
11679,566,0,0,0
11680,566,0,0,0
11681,566,0,0,0
11682,566,0,0,0
11683,566,0,0,0
11684,566,0,0,0
11685,566,0,0,0
11686,566,0,0,0
11687,566,0,0,0
11688,566,0,0,0
11689,566,0,0,0
11690,566,0,0,0
11691,566,0,0,0
11692,566,0,0,0
11693,566,0,0,0
11694,566,0,0,0
11695,566,0,0,0
11696,566,0,0,0
11697,566,0,0,0
11698,566,0,0,0
11699,566,0,0,0
11700,566,0,0,0
11701,566,0,0,0
11702,566,0,0,0
11703,566,0,0,0
11704,566,0,0,0
11705,566,0,0,0
11706,566,0,0,0
11707,566,0,0,0
11708,566,0,0,0
11709,566,0,0,0
11710,566,0,0,0
11711,566,0,0,0
11712,566,0,0,0
11713,566,0,0,0
11714,566,0,0,0
11715,566,0,0,0
11716,566,0,0,0
11717,566,0,0,0
11718,566,0,0,0
11719,566,0,0,0
11720,590,1,27,3
11721,590,0,0,0
11722,590,0,0,0
11723,590,0,0,0
11724,590,0,0,0
11725,590,0,0,0
11726,590,0,0,0
11727,590,0,0,0
11728,590,0,0,0
11729,590,0,0,0
11730,590,0,0,0
11731,590,0,0,0
11732,590,0,0,0
11733,590,0,0,0
11734,590,0,0,0
11735,590,0,0,0
11736,590,0,0,0
11737,590,0,0,0
11738,590,0,0,0
11739,590,0,0,0
11740,590,0,0,0
11741,590,0,0,0
11742,590,0,0,0
11743,590,0,0,0
11744,590,0,0,0
11745,590,0,0,0
11746,590,0,0,0
11747,590,0,0,0
11748,590,0,0,0
11749,590,0,0,0
11750,590,0,0,0
11751,590,0,0,0
11752,590,0,0,0
11753,590,0,0,0
11754,590,0,0,0
11755,590,0,0,0
11756,590,0,0,0
11757,590,0,0,0
11758,590,0,0,0
11759,590,0,0,0
11760,590,1,1,1
11761,590,0,0,0
11762,590,0,0,0
11763,590,0,0,0
11764,590,0,0,0
11765,590,0,0,0
11766,590,0,0,0
11767,590,0,0,0
11768,590,0,0,0
11769,590,0,0,0
11770,590,0,0,0
11771,590,0,0,0
11772,590,0,0,0
11773,590,0,0,0
11774,590,0,0,0
11775,590,0,0,0
11776,590,0,0,0
11777,590,0,0,0
11778,590,0,0,0
11779,590,0,0,0
11780,593,1,3,0
11781,593,0,0,0
11782,593,0,0,0
11783,593,0,0,0
11784,593,0,0,0
11785,593,0,0,0
11786,593,0,0,0
11787,593,0,0,0
11788,593,0,0,0
11789,593,0,0,0
11790,593,0,0,0
11791,593,0,0,0
11792,593,0,0,0
11793,593,0,0,0
11794,593,0,0,0
11795,593,0,0,0
11796,593,0,0,0
11797,593,0,0,0
11798,593,0,0,0
11799,593,0,0,0
11800,593,0,0,0
11801,593,0,0,0
11802,593,0,0,0
11803,593,0,0,0
11804,593,0,0,0
11805,593,0,0,0
11806,593,0,0,0
11807,593,0,0,0
11808,593,0,0,0
11809,593,0,0,0
11810,593,0,0,0
11811,593,0,0,0
11812,593,0,0,0
11813,593,0,0,0
11814,593,0,0,0
11815,593,0,0,0
11816,593,0,0,0
11817,593,0,0,0
11818,593,0,0,0
11819,593,0,0,0
11820,593,1,1,1
11821,593,0,0,0
11822,593,0,0,0
11823,593,0,0,0
11824,593,0,0,0
11825,593,0,0,0
11826,593,0,0,0
11827,593,0,0,0
11828,593,0,0,0
11829,593,0,0,0
11830,593,0,0,0
11831,593,0,0,0
11832,593,0,0,0
11833,593,0,0,0
11834,566,1,0,27
11835,566,0,0,0
11836,566,0,0,0
11837,566,0,0,0
11838,566,0,0,0
11839,566,0,0,0
11840,566,0,0,0
11841,566,0,0,0
11842,566,0,0,0
11843,566,0,0,0
11844,566,0,0,0
11845,566,0,0,0
11846,566,0,0,0
11847,566,0,0,0
11848,566,0,0,0
11849,566,0,0,0
11850,566,0,0,0
11851,566,0,0,0
11852,566,0,0,0
11853,566,0,0,0
11854,566,0,0,0
11855,566,0,0,0
11856,566,0,0,0
11857,566,0,0,0
11858,566,0,0,0
11859,566,0,0,0
11860,566,0,0,0
11861,566,0,0,0
11862,566,0,0,0
11863,566,0,0,0
11864,566,0,0,0
11865,566,0,0,0
11866,566,0,0,0
11867,566,0,0,0
11868,566,0,0,0
11869,566,0,0,0
11870,566,0,0,0
11871,566,0,0,0
11872,566,0,0,0
11873,566,0,0,0
11874,566,0,0,0
11875,566,0,0,0
11876,566,0,0,0
11877,566,0,0,0
11878,566,0,0,0
11879,566,0,0,0
11880,566,0,0,0
11881,566,0,0,0
11882,566,0,0,0
11883,566,0,0,0
11884,566,0,0,0
11885,566,0,0,0
11886,566,0,0,0
11887,566,0,0,0
11888,566,0,0,0
11889,566,0,0,0
11890,566,0,0,0
11891,566,0,0,0
11892,566,0,0,0
11893,566,0,0,0
11894,590,1,27,3
11895,590,0,0,0
11896,590,0,0,0
11897,590,0,0,0
11898,590,0,0,0
11899,590,0,0,0
11900,590,0,0,0
11901,590,0,0,0
11902,590,0,0,0
11903,590,0,0,0
11904,590,0,0,0
11905,590,0,0,0
11906,590,0,0,0
11907,590,0,0,0
11908,590,0,0,0
11909,590,0,0,0
11910,590,0,0,0
11911,590,0,0,0
11912,590,0,0,0
11913,590,0,0,0
11914,590,0,0,0
11915,590,0,0,0
11916,590,0,0,0
11917,590,0,0,0
11918,590,0,0,0
11919,590,0,0,0
11920,590,0,0,0
11921,590,0,0,0
11922,590,0,0,0
11923,590,0,0,0
11924,590,0,0,0
11925,590,0,0,0
11926,590,0,0,0
11927,590,0,0,0
11928,590,0,0,0
11929,590,0,0,0
11930,590,0,0,0
11931,590,0,0,0
11932,590,0,0,0
11933,590,0,0,0
11934,590,0,0,0
11935,590,0,0,0
11936,590,0,0,0
11937,590,0,0,0
11938,590,0,0,0
11939,590,0,0,0
11940,590,1,1,1
11941,590,0,0,0
11942,590,0,0,0
11943,590,0,0,0
11944,590,0,0,0
11945,590,0,0,0
11946,590,0,0,0
11947,590,0,0,0
11948,590,0,0,0
11949,590,0,0,0
11950,590,0,0,0
11951,590,0,0,0
11952,590,0,0,0
11953,590,0,0,0
11954,593,1,3,0
11955,593,0,0,0
11956,593,0,0,0
11957,593,0,0,0
11958,593,0,0,0
11959,593,0,0,0
11960,593,0,0,0
11961,593,0,0,0
11962,593,0,0,0
11963,593,0,0,0
11964,593,0,0,0
11965,593,0,0,0
11966,593,0,0,0
11967,593,0,0,0
11968,593,0,0,0
11969,593,0,0,0
11970,593,0,0,0
11971,593,0,0,0
11972,593,0,0,0
11973,593,0,0,0
11974,593,0,0,0
11975,593,0,0,0
11976,593,0,0,0
11977,593,0,0,0
11978,593,0,0,0
11979,593,0,0,0
11980,593,0,0,0
11981,593,0,0,0
11982,593,0,0,0
11983,593,0,0,0
11984,593,0,0,0
11985,593,0,0,0
11986,593,0,0,0
11987,593,0,0,0
11988,593,0,0,0
11989,593,0,0,0
11990,593,0,0,0
11991,593,0,0,0
11992,593,0,0,0
11993,593,0,0,0
11994,593,0,0,0
11995,593,0,0,0
11996,593,0,0,0
11997,593,0,0,0
11998,593,0,0,0
11999,593,0,0,0
12000,593,1,1,1
12001,593,0,0,0
12002,593,0,0,0
12003,593,0,0,0
12004,593,0,0,0
12005,593,0,0,0
12006,593,0,0,0
12007,593,0,0,0
12008,566,1,0,27
12009,566,0,0,0
12010,566,0,0,0
12011,566,0,0,0
12012,566,0,0,0
12013,566,0,0,0
12014,566,0,0,0
12015,566,0,0,0
12016,566,0,0,0
12017,566,0,0,0
12018,566,0,0,0
12019,566,0,0,0
12020,566,0,0,0
12021,566,0,0,0
12022,566,0,0,0
12023,566,0,0,0
12024,566,0,0,0
12025,566,0,0,0
12026,566,0,0,0
12027,566,0,0,0
12028,566,0,0,0
12029,566,0,0,0
12030,566,0,0,0
12031,566,0,0,0
12032,566,0,0,0
12033,566,0,0,0
12034,566,0,0,0
12035,566,0,0,0
12036,566,0,0,0
12037,566,0,0,0
12038,566,0,0,0
12039,566,0,0,0
12040,566,0,0,0
12041,566,0,0,0
12042,566,0,0,0
12043,566,0,0,0
12044,566,0,0,0
12045,566,0,0,0
12046,566,0,0,0
12047,566,0,0,0
12048,566,0,0,0
12049,566,0,0,0
12050,566,0,0,0
12051,566,0,0,0
12052,566,0,0,0
12053,566,0,0,0
12054,566,0,0,0
12055,566,0,0,0
12056,566,0,0,0
12057,566,0,0,0
12058,566,0,0,0
12059,566,0,0,0
12060,566,0,0,0
12061,566,0,0,0
12062,566,0,0,0
12063,566,0,0,0
12064,566,0,0,0
12065,566,0,0,0
12066,566,0,0,0
12067,566,0,0,0
12068,590,1,27,3
12069,590,0,0,0
12070,590,0,0,0
12071,590,0,0,0
12072,590,0,0,0
12073,590,0,0,0
12074,590,0,0,0
12075,590,0,0,0
12076,590,0,0,0
12077,590,0,0,0
12078,590,0,0,0
12079,590,0,0,0
12080,590,0,0,0
12081,590,0,0,0
12082,590,0,0,0
12083,590,0,0,0
12084,590,0,0,0
12085,590,0,0,0
12086,590,0,0,0
12087,590,0,0,0
12088,590,0,0,0
12089,590,0,0,0
12090,590,0,0,0
12091,590,0,0,0
12092,590,0,0,0
12093,590,0,0,0
12094,590,0,0,0
12095,590,0,0,0
12096,590,0,0,0
12097,590,0,0,0
12098,590,0,0,0
12099,590,0,0,0
12100,590,0,0,0
12101,590,0,0,0
12102,590,0,0,0
12103,590,0,0,0
12104,590,0,0,0
12105,590,0,0,0
12106,590,0,0,0
12107,590,0,0,0
12108,590,0,0,0
12109,590,0,0,0
12110,590,0,0,0
12111,590,0,0,0
12112,590,0,0,0
12113,590,0,0,0
12114,590,0,0,0
12115,590,0,0,0
12116,590,0,0,0
12117,590,0,0,0
12118,590,0,0,0
12119,590,0,0,0
12120,591,1,1,0
12121,591,0,0,0
12122,591,0,0,0
12123,591,0,0,0
12124,591,0,0,0
12125,591,0,0,0
12126,591,0,0,0
12127,591,0,0,0
12128,594,1,3,0
12129,594,0,0,0
12130,594,0,0,0
12131,594,0,0,0
12132,594,0,0,0
12133,594,0,0,0
12134,594,0,0,0
12135,594,0,0,0
12136,594,0,0,0
12137,594,0,0,0
12138,594,0,0,0
12139,594,0,0,0
12140,594,0,0,0
12141,594,0,0,0
12142,594,0,0,0
12143,594,0,0,0
12144,594,0,0,0
12145,594,0,0,0
12146,594,0,0,0
12147,594,0,0,0
12148,594,0,0,0
12149,594,0,0,0
12150,594,0,0,0
12151,594,0,0,0
12152,594,0,0,0
12153,594,0,0,0
12154,594,0,0,0
12155,594,0,0,0
12156,594,0,0,0
12157,594,0,0,0
12158,594,0,0,0
12159,594,0,0,0
12160,594,0,0,0
12161,594,0,0,0
12162,594,0,0,0
12163,594,0,0,0
12164,594,0,0,0
12165,594,0,0,0
12166,594,0,0,0
12167,594,0,0,0
12168,594,0,0,0
12169,594,0,0,0
12170,594,0,0,0
12171,594,0,0,0
12172,594,0,0,0
12173,594,0,0,0
12174,594,0,0,0
12175,594,0,0,0
12176,594,0,0,0
12177,594,0,0,0
12178,594,0,0,0
12179,594,0,0,0
12180,595,1,1,0
12181,569,1,0,26
12182,569,0,0,0
12183,569,0,0,0
12184,569,0,0,0
12185,569,0,0,0
12186,569,0,0,0
12187,569,0,0,0
12188,569,0,0,0
12189,569,0,0,0
12190,569,0,0,0
12191,569,0,0,0
12192,569,0,0,0
12193,569,0,0,0
12194,569,0,0,0
12195,569,0,0,0
12196,569,0,0,0
12197,569,0,0,0
12198,569,0,0,0
12199,569,0,0,0
12200,569,0,0,0
12201,569,0,0,0
12202,569,0,0,0
12203,569,0,0,0
12204,569,0,0,0
12205,569,0,0,0
12206,569,0,0,0
12207,569,0,0,0
12208,569,0,0,0
12209,569,0,0,0
12210,569,0,0,0
12211,569,0,0,0
12212,569,0,0,0
12213,569,0,0,0
12214,569,0,0,0
12215,569,0,0,0
12216,569,0,0,0
12217,569,0,0,0
12218,569,0,0,0
12219,569,0,0,0
12220,569,0,0,0
12221,569,0,0,0
12222,569,0,0,0
12223,569,0,0,0
12224,569,0,0,0
12225,569,0,0,0
12226,569,0,0,0
12227,569,0,0,0
12228,569,0,0,0
12229,569,0,0,0
12230,569,0,0,0
12231,569,0,0,0
12232,569,0,0,0
12233,569,0,0,0
12234,569,0,0,0
12235,569,0,0,0
12236,569,0,0,0
12237,569,0,0,0
12238,569,0,0,0
12239,569,0,0,0
12240,569,0,0,0
12241,592,1,26,3
12242,592,0,0,0
12243,592,0,0,0
12244,592,0,0,0
12245,592,0,0,0
12246,592,0,0,0
12247,592,0,0,0
12248,592,0,0,0
12249,592,0,0,0
12250,592,0,0,0
12251,592,0,0,0
12252,592,0,0,0
12253,592,0,0,0
12254,592,0,0,0
12255,592,0,0,0
12256,592,0,0,0
12257,592,0,0,0
12258,592,0,0,0
12259,592,0,0,0
12260,592,0,0,0
12261,592,0,0,0
12262,592,0,0,0
12263,592,0,0,0
12264,592,0,0,0
12265,592,0,0,0
12266,592,0,0,0
12267,592,0,0,0
12268,592,0,0,0
12269,592,0,0,0
12270,592,0,0,0
12271,592,0,0,0
12272,592,0,0,0
12273,592,0,0,0
12274,592,0,0,0
12275,592,0,0,0
12276,592,0,0,0
12277,592,0,0,0
12278,592,0,0,0
12279,592,0,0,0
12280,592,0,0,0
12281,592,0,0,0
12282,592,0,0,0
12283,592,0,0,0
12284,592,0,0,0
12285,592,0,0,0
12286,592,0,0,0
12287,592,0,0,0
12288,592,0,0,0
12289,592,0,0,0
12290,592,0,0,0
12291,592,0,0,0
12292,592,0,0,0
12293,592,0,0,0
12294,592,0,0,0
12295,592,0,0,0
12296,592,0,0,0
12297,592,0,0,0
12298,592,0,0,0
12299,592,0,0,0
12300,592,0,0,0
12301,595,1,3,0
12302,595,0,0,0
12303,595,0,0,0
12304,595,0,0,0
12305,595,0,0,0
12306,595,0,0,0
12307,595,0,0,0
12308,595,0,0,0
12309,595,0,0,0
12310,595,0,0,0
12311,595,0,0,0
12312,595,0,0,0
12313,595,0,0,0
12314,595,0,0,0
12315,595,0,0,0
12316,595,0,0,0
12317,595,0,0,0
12318,595,0,0,0
12319,595,0,0,0
12320,595,0,0,0
12321,595,0,0,0
12322,595,0,0,0
12323,595,0,0,0
12324,595,0,0,0
12325,595,0,0,0
12326,595,0,0,0
12327,595,0,0,0
12328,595,0,0,0
12329,595,0,0,0
12330,595,0,0,0
12331,595,0,0,0
12332,595,0,0,0
12333,595,0,0,0
12334,595,0,0,0
12335,595,0,0,0
12336,595,0,0,0
12337,595,0,0,0
12338,595,0,0,0
12339,595,0,0,0
12340,595,0,0,0
12341,595,0,0,0
12342,595,0,0,0
12343,595,0,0,0
12344,595,0,0,0
12345,595,0,0,0
12346,595,0,0,0
12347,595,0,0,0
12348,595,0,0,0
12349,595,0,0,0
12350,595,0,0,0
12351,595,0,0,0
12352,595,0,0,0
12353,569,1,0,26
12354,569,0,0,0
12355,569,0,0,0
12356,569,0,0,0
12357,569,0,0,0
12358,569,0,0,0
12359,569,0,0,0
12360,569,0,0,0
12361,569,0,0,0
12362,569,0,0,0
12363,569,0,0,0
12364,569,0,0,0
12365,569,0,0,0
12366,569,0,0,0
12367,569,0,0,0
12368,569,0,0,0
12369,569,0,0,0
12370,569,0,0,0
12371,569,0,0,0
12372,569,0,0,0
12373,569,0,0,0
12374,569,0,0,0
12375,569,0,0,0
12376,569,0,0,0
12377,569,0,0,0
12378,569,0,0,0
12379,569,0,0,0
12380,569,0,0,0
12381,569,0,0,0
12382,569,0,0,0
12383,569,0,0,0
12384,569,0,0,0
12385,569,0,0,0
12386,569,0,0,0
12387,569,0,0,0
12388,569,0,0,0
12389,569,0,0,0
12390,569,0,0,0
12391,569,0,0,0
12392,569,0,0,0
12393,569,0,0,0
12394,569,0,0,0
12395,569,0,0,0
12396,569,0,0,0
12397,569,0,0,0
12398,569,0,0,0
12399,569,0,0,0
12400,569,0,0,0
12401,569,0,0,0
12402,569,0,0,0
12403,569,0,0,0
12404,569,0,0,0
12405,569,0,0,0
12406,569,0,0,0
12407,569,0,0,0
12408,569,0,0,0
12409,569,0,0,0
12410,569,0,0,0
12411,569,0,0,0
12412,569,0,0,0
12413,592,1,26,3
12414,592,0,0,0
12415,592,0,0,0
12416,592,0,0,0
12417,592,0,0,0
12418,592,0,0,0
12419,592,0,0,0
12420,592,0,0,0
12421,592,0,0,0
12422,592,0,0,0
12423,592,0,0,0
12424,592,0,0,0
12425,592,0,0,0
12426,592,0,0,0
12427,592,0,0,0
12428,592,0,0,0
12429,592,0,0,0
12430,592,0,0,0
12431,592,0,0,0
12432,592,0,0,0
12433,592,0,0,0
12434,592,0,0,0
12435,592,0,0,0
12436,592,0,0,0
12437,592,0,0,0
12438,592,0,0,0
12439,592,0,0,0
12440,592,0,0,0
12441,592,0,0,0
12442,592,0,0,0
12443,592,0,0,0
12444,592,0,0,0
12445,592,0,0,0
12446,592,0,0,0
12447,592,0,0,0
12448,592,0,0,0
12449,592,0,0,0
12450,592,0,0,0
12451,592,0,0,0
12452,592,0,0,0
12453,592,0,0,0
12454,592,0,0,0
12455,592,0,0,0
12456,592,0,0,0
12457,592,0,0,0
12458,592,0,0,0
12459,592,0,0,0
12460,592,0,0,0
12461,592,0,0,0
12462,592,0,0,0
12463,592,0,0,0
12464,592,0,0,0
12465,592,0,0,0
12466,592,0,0,0
12467,592,0,0,0
12468,592,0,0,0
12469,592,0,0,0
12470,592,0,0,0
12471,592,0,0,0
12472,592,0,0,0
12473,595,1,3,0
12474,595,0,0,0
12475,595,0,0,0
12476,595,0,0,0
12477,595,0,0,0
12478,595,0,0,0
12479,595,0,0,0
12480,595,0,0,0
12481,595,0,0,0
12482,595,0,0,0
12483,595,0,0,0
12484,595,0,0,0
12485,595,0,0,0
12486,595,0,0,0
12487,595,0,0,0
12488,595,0,0,0
12489,595,0,0,0
12490,595,0,0,0
12491,595,0,0,0
12492,595,0,0,0
12493,595,0,0,0
12494,595,0,0,0
12495,595,0,0,0
12496,595,0,0,0
12497,595,0,0,0
12498,595,0,0,0
12499,595,0,0,0
12500,595,0,0,0
12501,595,0,0,0
12502,595,0,0,0
12503,595,0,0,0
12504,595,0,0,0
12505,595,0,0,0
12506,595,0,0,0
12507,595,0,0,0
12508,595,0,0,0
12509,595,0,0,0
12510,595,0,0,0
12511,595,0,0,0
12512,595,0,0,0
12513,595,0,0,0
12514,595,0,0,0
12515,595,0,0,0
12516,595,0,0,0
12517,595,0,0,0
12518,595,0,0,0
12519,595,0,0,0
12520,595,0,0,0
12521,595,0,0,0
12522,595,0,0,0
12523,595,0,0,0
12524,595,0,0,0
12525,569,1,0,26
12526,569,0,0,0
12527,569,0,0,0
12528,569,0,0,0
12529,569,0,0,0
12530,569,0,0,0
12531,569,0,0,0
12532,569,0,0,0
12533,569,0,0,0
12534,569,0,0,0
12535,569,0,0,0
12536,569,0,0,0
12537,569,0,0,0
12538,569,0,0,0
12539,569,0,0,0
12540,569,0,0,0
12541,569,0,0,0
12542,569,0,0,0
12543,569,0,0,0
12544,569,0,0,0
12545,569,0,0,0
12546,569,0,0,0
12547,569,0,0,0
12548,569,0,0,0
12549,569,0,0,0
12550,569,0,0,0
12551,569,0,0,0
12552,569,0,0,0
12553,569,0,0,0
12554,569,0,0,0
12555,569,0,0,0
12556,569,0,0,0
12557,569,0,0,0
12558,569,0,0,0
12559,569,0,0,0
12560,569,0,0,0
12561,569,0,0,0
12562,569,0,0,0
12563,569,0,0,0
12564,569,0,0,0
12565,569,0,0,0
12566,569,0,0,0
12567,569,0,0,0
12568,569,0,0,0
12569,569,0,0,0
12570,569,0,0,0
12571,569,0,0,0
12572,569,0,0,0
12573,569,0,0,0
12574,569,0,0,0
12575,569,0,0,0
12576,569,0,0,0
12577,569,0,0,0
12578,569,0,0,0
12579,569,0,0,0
12580,569,0,0,0
12581,569,0,0,0
12582,569,0,0,0
12583,569,0,0,0
12584,569,0,0,0
12585,592,1,26,3
12586,592,0,0,0
12587,592,0,0,0
12588,592,0,0,0
12589,592,0,0,0
12590,592,0,0,0
12591,592,0,0,0
12592,592,0,0,0
12593,592,0,0,0
12594,592,0,0,0
12595,592,0,0,0
12596,592,0,0,0
12597,592,0,0,0
12598,592,0,0,0
12599,592,0,0,0
12600,592,0,0,0
12601,592,0,0,0
12602,592,0,0,0
12603,592,0,0,0
12604,592,0,0,0
12605,592,0,0,0
12606,592,0,0,0
12607,592,0,0,0
12608,592,0,0,0
12609,592,0,0,0
12610,592,0,0,0
12611,592,0,0,0
12612,592,0,0,0
12613,592,0,0,0
12614,592,0,0,0
12615,592,0,0,0
12616,592,0,0,0
12617,592,0,0,0
12618,592,0,0,0
12619,592,0,0,0
12620,592,0,0,0
12621,592,0,0,0
12622,592,0,0,0
12623,592,0,0,0
12624,592,0,0,0
12625,592,0,0,0
12626,592,0,0,0
12627,592,0,0,0
12628,592,0,0,0
12629,592,0,0,0
12630,592,0,0,0
12631,592,0,0,0
12632,592,0,0,0
12633,592,0,0,0
12634,592,0,0,0
12635,592,0,0,0
12636,592,0,0,0
12637,592,0,0,0
12638,592,0,0,0
12639,592,0,0,0
12640,592,0,0,0
12641,592,0,0,0
12642,592,0,0,0
12643,592,0,0,0
12644,592,0,0,0
12645,595,1,3,0
12646,595,0,0,0
12647,595,0,0,0
12648,595,0,0,0
12649,595,0,0,0
12650,595,0,0,0
12651,595,0,0,0
12652,595,0,0,0
12653,595,0,0,0
12654,595,0,0,0
12655,595,0,0,0
12656,595,0,0,0
12657,595,0,0,0
12658,595,0,0,0
12659,595,0,0,0
12660,595,0,0,0
12661,595,0,0,0
12662,595,0,0,0
12663,595,0,0,0
12664,595,0,0,0
12665,595,0,0,0
12666,595,0,0,0
12667,595,0,0,0
12668,595,0,0,0
12669,595,0,0,0
12670,595,0,0,0
12671,595,0,0,0
12672,595,0,0,0
12673,595,0,0,0
12674,595,0,0,0
12675,595,0,0,0
12676,595,0,0,0
12677,595,0,0,0
12678,595,0,0,0
12679,595,0,0,0
12680,595,0,0,0
12681,595,0,0,0
12682,595,0,0,0
12683,595,0,0,0
12684,595,0,0,0
12685,595,0,0,0
12686,595,0,0,0
12687,595,0,0,0
12688,595,0,0,0
12689,595,0,0,0
12690,595,0,0,0
12691,595,0,0,0
12692,595,0,0,0
12693,595,0,0,0
12694,595,0,0,0
12695,595,0,0,0
12696,595,0,0,0
12697,569,1,0,26
12698,569,0,0,0
12699,569,0,0,0
12700,569,0,0,0
12701,569,0,0,0
12702,569,0,0,0
12703,569,0,0,0
12704,569,0,0,0
12705,569,0,0,0
12706,569,0,0,0
12707,569,0,0,0
12708,569,0,0,0
12709,569,0,0,0
12710,569,0,0,0
12711,569,0,0,0
12712,569,0,0,0
12713,569,0,0,0
12714,569,0,0,0
12715,569,0,0,0
12716,569,0,0,0
12717,569,0,0,0
12718,569,0,0,0
12719,569,0,0,0
12720,569,0,0,0
12721,569,0,0,0
12722,569,0,0,0
12723,569,0,0,0
12724,569,0,0,0
12725,569,0,0,0
12726,569,0,0,0
12727,569,0,0,0
12728,569,0,0,0
12729,569,0,0,0
12730,569,0,0,0
12731,569,0,0,0
12732,569,0,0,0
12733,569,0,0,0
12734,569,0,0,0
12735,569,0,0,0
12736,569,0,0,0
12737,569,0,0,0
12738,569,0,0,0
12739,569,0,0,0
12740,569,0,0,0
12741,569,0,0,0
12742,569,0,0,0
12743,569,0,0,0
12744,569,0,0,0
12745,569,0,0,0
12746,569,0,0,0
12747,569,0,0,0
12748,569,0,0,0
12749,569,0,0,0
12750,569,0,0,0
12751,569,0,0,0
12752,569,0,0,0
12753,569,0,0,0
12754,569,0,0,0
12755,569,0,0,0
12756,569,0,0,0
12757,592,1,26,3
12758,592,0,0,0
12759,592,0,0,0
12760,592,0,0,0
12761,592,0,0,0
12762,592,0,0,0
12763,592,0,0,0
12764,592,0,0,0
12765,592,0,0,0
12766,592,0,0,0
12767,592,0,0,0
12768,592,0,0,0
12769,592,0,0,0
12770,592,0,0,0
12771,592,0,0,0
12772,592,0,0,0
12773,592,0,0,0
12774,592,0,0,0
12775,592,0,0,0
12776,592,0,0,0
12777,592,0,0,0
12778,592,0,0,0
12779,592,0,0,0
12780,592,0,0,0
12781,592,0,0,0
12782,592,0,0,0
12783,592,0,0,0
12784,592,0,0,0
12785,592,0,0,0
12786,592,0,0,0
12787,592,0,0,0
12788,592,0,0,0
12789,592,0,0,0
12790,592,0,0,0
12791,592,0,0,0
12792,592,0,0,0
12793,592,0,0,0
12794,592,0,0,0
12795,592,0,0,0
12796,592,0,0,0
12797,592,0,0,0
12798,592,0,0,0
12799,592,0,0,0
12800,592,0,0,0
12801,592,0,0,0
12802,592,0,0,0
12803,592,0,0,0
12804,592,0,0,0
12805,592,0,0,0
12806,592,0,0,0
12807,592,0,0,0
12808,592,0,0,0
12809,592,0,0,0
12810,592,0,0,0
12811,592,0,0,0
12812,592,0,0,0
12813,592,0,0,0
12814,592,0,0,0
12815,592,0,0,0
12816,592,0,0,0
12817,595,1,3,0
12818,595,0,0,0
12819,595,0,0,0
12820,595,0,0,0
12821,595,0,0,0
12822,595,0,0,0
12823,595,0,0,0
12824,595,0,0,0
12825,595,0,0,0
12826,595,0,0,0
12827,595,0,0,0
12828,595,0,0,0
12829,595,0,0,0
12830,595,0,0,0
12831,595,0,0,0
12832,595,0,0,0
12833,595,0,0,0
12834,595,0,0,0
12835,595,0,0,0
12836,595,0,0,0
12837,595,0,0,0
12838,595,0,0,0
12839,595,0,0,0
12840,595,0,0,0
12841,595,0,0,0
12842,595,0,0,0
12843,595,0,0,0
12844,595,0,0,0
12845,595,0,0,0
12846,595,0,0,0
12847,595,0,0,0
12848,595,0,0,0
12849,595,0,0,0
12850,595,0,0,0
12851,595,0,0,0
12852,595,0,0,0
12853,595,0,0,0
12854,595,0,0,0
12855,595,0,0,0
12856,595,0,0,0
12857,595,0,0,0
12858,595,0,0,0
12859,595,0,0,0
12860,595,0,0,0
12861,595,0,0,0
12862,595,0,0,0
12863,595,0,0,0
12864,595,0,0,0
12865,595,0,0,0
12866,595,0,0,0
12867,595,0,0,0
12868,595,0,0,0
12869,569,1,0,26
12870,569,0,0,0
12871,569,0,0,0
12872,569,0,0,0
12873,569,0,0,0
12874,569,0,0,0
12875,569,0,0,0
12876,569,0,0,0
12877,569,0,0,0
12878,569,0,0,0
12879,569,0,0,0
12880,569,0,0,0
12881,569,0,0,0
12882,569,0,0,0
12883,569,0,0,0
12884,569,0,0,0
12885,569,0,0,0
12886,569,0,0,0
12887,569,0,0,0
12888,569,0,0,0
12889,569,0,0,0
12890,569,0,0,0
12891,569,0,0,0
12892,569,0,0,0
12893,569,0,0,0
12894,569,0,0,0
12895,569,0,0,0
12896,569,0,0,0
12897,569,0,0,0
12898,569,0,0,0
12899,569,0,0,0
12900,569,0,0,0
12901,569,0,0,0
12902,569,0,0,0
12903,569,0,0,0
12904,569,0,0,0
12905,569,0,0,0
12906,569,0,0,0
12907,569,0,0,0
12908,569,0,0,0
12909,569,0,0,0
12910,569,0,0,0
12911,569,0,0,0
12912,569,0,0,0
12913,569,0,0,0
12914,569,0,0,0
12915,569,0,0,0
12916,569,0,0,0
12917,569,0,0,0
12918,569,0,0,0
12919,569,0,0,0
12920,569,0,0,0
12921,569,0,0,0
12922,569,0,0,0
12923,569,0,0,0
12924,569,0,0,0
12925,569,0,0,0
12926,569,0,0,0
12927,569,0,0,0
12928,569,0,0,0
12929,592,1,26,3
12930,592,0,0,0
12931,592,0,0,0
12932,592,0,0,0
12933,592,0,0,0
12934,592,0,0,0
12935,592,0,0,0
12936,592,0,0,0
12937,592,0,0,0
12938,592,0,0,0
12939,592,0,0,0
12940,592,0,0,0
12941,592,0,0,0
12942,592,0,0,0
12943,592,0,0,0
12944,592,0,0,0
12945,592,0,0,0
12946,592,0,0,0
12947,592,0,0,0
12948,592,0,0,0
12949,592,0,0,0
12950,592,0,0,0
12951,592,0,0,0
12952,592,0,0,0
12953,592,0,0,0
12954,592,0,0,0
12955,592,0,0,0
12956,592,0,0,0
12957,592,0,0,0
12958,592,0,0,0
12959,592,0,0,0
12960,592,0,0,0
12961,592,0,0,0
12962,592,0,0,0
12963,592,0,0,0
12964,592,0,0,0
12965,592,0,0,0
12966,592,0,0,0
12967,592,0,0,0
12968,592,0,0,0
12969,592,0,0,0
12970,592,0,0,0
12971,592,0,0,0
12972,592,0,0,0
12973,592,0,0,0
12974,592,0,0,0
12975,592,0,0,0
12976,592,0,0,0
12977,592,0,0,0
12978,592,0,0,0
12979,592,0,0,0
12980,592,0,0,0
12981,592,0,0,0
12982,592,0,0,0
12983,592,0,0,0
12984,592,0,0,0
12985,592,0,0,0
12986,592,0,0,0
12987,592,0,0,0
12988,592,0,0,0
12989,595,1,3,0
12990,595,0,0,0
12991,595,0,0,0
12992,595,0,0,0
12993,595,0,0,0
12994,595,0,0,0
12995,595,0,0,0
12996,595,0,0,0
12997,591,1,0,4
12998,591,0,0,0
12999,591,0,0,0
13000,591,0,0,0
13001,591,0,0,0
13002,591,0,0,0
13003,591,0,0,0
13004,591,0,0,0
13005,591,0,0,0
13006,591,0,0,0
13007,591,0,0,0
13008,591,0,0,0
13009,591,0,0,0
13010,591,0,0,0
13011,591,0,0,0
13012,591,0,0,0
13013,591,0,0,0
13014,591,0,0,0
13015,591,0,0,0
13016,591,0,0,0
13017,591,0,0,0
13018,591,0,0,0
13019,591,0,0,0
13020,591,0,0,0
13021,591,0,0,0
13022,591,0,0,0
13023,591,0,0,0
13024,591,0,0,0
13025,591,0,0,0
13026,591,0,0,0
13027,591,0,0,0
13028,591,0,0,0
13029,591,0,0,0
13030,591,0,0,0
13031,591,0,0,0
13032,591,0,0,0
13033,591,0,0,0
13034,591,0,0,0
13035,591,0,0,0
13036,591,0,0,0
13037,591,0,0,0
13038,591,0,0,0
13039,591,0,0,0
13040,573,1,0,18
13041,573,0,0,0
13042,573,0,0,0
13043,573,0,0,0
13044,573,0,0,0
13045,573,0,0,0
13046,573,0,0,0
13047,573,0,0,0
13048,573,0,0,0
13049,573,0,0,0
13050,573,0,0,0
13051,573,0,0,0
13052,573,0,0,0
13053,573,0,0,0
13054,573,0,0,0
13055,573,0,0,0
13056,573,0,0,0
13057,566,1,4,11
13058,566,0,0,0
13059,566,0,0,0
13060,566,0,0,0
13061,566,0,0,0
13062,566,0,0,0
13063,566,0,0,0
13064,566,0,0,0
13065,566,0,0,0
13066,566,0,0,0
13067,566,0,0,0
13068,566,0,0,0
13069,566,0,0,0
13070,566,0,0,0
13071,566,0,0,0
13072,566,0,0,0
13073,566,0,0,0
13074,566,0,0,0
13075,566,0,0,0
13076,566,0,0,0
13077,566,0,0,0
13078,566,0,0,0
13079,566,0,0,0
13080,566,0,0,0
13081,566,0,0,0
13082,566,0,0,0
13083,566,0,0,0
13084,566,0,0,0
13085,566,0,0,0
13086,566,0,0,0
13087,566,0,0,0
13088,566,0,0,0
13089,566,0,0,0
13090,566,0,0,0
13091,566,0,0,0
13092,566,0,0,0
13093,566,0,0,0
13094,566,0,0,0
13095,566,0,0,0
13096,566,0,0,0
13097,566,0,0,0
13098,566,0,0,0
13099,566,0,0,0
13100,590,1,27,3
13101,590,0,0,0
13102,590,0,0,0
13103,590,0,0,0
13104,590,0,0,0
13105,590,0,0,0
13106,590,0,0,0
13107,590,0,0,0
13108,590,0,0,0
13109,590,0,0,0
13110,590,0,0,0
13111,590,0,0,0
13112,590,0,0,0
13113,590,0,0,0
13114,590,0,0,0
13115,590,0,0,0
13116,590,0,0,0
13117,590,1,1,1
13118,590,0,0,0
13119,590,0,0,0
13120,590,0,0,0
13121,590,0,0,0
13122,590,0,0,0
13123,590,0,0,0
13124,590,0,0,0
13125,590,0,0,0
13126,590,0,0,0
13127,590,0,0,0
13128,590,0,0,0
13129,590,0,0,0
13130,590,0,0,0
13131,590,0,0,0
13132,590,0,0,0
13133,590,0,0,0
13134,590,0,0,0
13135,590,0,0,0
13136,590,0,0,0
13137,590,0,0,0
13138,590,0,0,0
13139,590,0,0,0
13140,590,0,0,0
13141,590,0,0,0
13142,590,0,0,0
13143,590,0,0,0
13144,590,0,0,0
13145,590,0,0,0
13146,590,0,0,0
13147,590,0,0,0
13148,590,0,0,0
13149,590,0,0,0
13150,590,0,0,0
13151,590,0,0,0
13152,590,0,0,0
13153,590,0,0,0
13154,590,0,0,0
13155,590,0,0,0
13156,590,0,0,0
13157,590,0,0,0
13158,590,0,0,0
13159,590,0,0,0
13160,593,1,3,0
13161,593,0,0,0
13162,593,0,0,0
13163,593,0,0,0
13164,593,0,0,0
13165,593,0,0,0
13166,593,0,0,0
13167,593,0,0,0
13168,593,0,0,0
13169,593,0,0,0
13170,593,0,0,0
13171,593,0,0,0
13172,593,0,0,0
13173,593,0,0,0
13174,593,0,0,0
13175,593,0,0,0
13176,593,0,0,0
13177,593,1,1,1
13178,593,0,0,0
13179,593,0,0,0
13180,593,0,0,0
13181,593,0,0,0
13182,593,0,0,0
13183,593,0,0,0
13184,593,0,0,0
13185,593,0,0,0
13186,593,0,0,0
13187,593,0,0,0
13188,593,0,0,0
13189,593,0,0,0
13190,593,0,0,0
13191,593,0,0,0
13192,593,0,0,0
13193,593,0,0,0
13194,593,0,0,0
13195,593,0,0,0
13196,593,0,0,0
13197,593,0,0,0
13198,593,0,0,0
13199,593,0,0,0
13200,593,0,0,0
13201,593,0,0,0
13202,593,0,0,0
13203,593,0,0,0
13204,593,0,0,0
13205,593,0,0,0
13206,593,0,0,0
13207,593,0,0,0
13208,593,0,0,0
13209,593,0,0,0
13210,566,1,0,27
13211,566,0,0,0
13212,566,0,0,0
13213,566,0,0,0
13214,566,0,0,0
13215,566,0,0,0
13216,566,0,0,0
13217,566,0,0,0
13218,566,0,0,0
13219,566,0,0,0
13220,566,0,0,0
13221,566,0,0,0
13222,566,0,0,0
13223,566,0,0,0
13224,566,0,0,0
13225,566,0,0,0
13226,566,0,0,0
13227,566,0,0,0
13228,566,0,0,0
13229,566,0,0,0
13230,566,0,0,0
13231,566,0,0,0
13232,566,0,0,0
13233,566,0,0,0
13234,566,0,0,0
13235,566,0,0,0
13236,566,0,0,0
13237,566,0,0,0
13238,566,0,0,0
13239,566,0,0,0
13240,566,0,0,0
13241,566,0,0,0
13242,566,0,0,0
13243,566,0,0,0
13244,566,0,0,0
13245,566,0,0,0
13246,566,0,0,0
13247,566,0,0,0
13248,566,0,0,0
13249,566,0,0,0
13250,566,0,0,0
13251,566,0,0,0
13252,566,0,0,0
13253,566,0,0,0
13254,566,0,0,0
13255,566,0,0,0
13256,566,0,0,0
13257,566,0,0,0
13258,566,0,0,0
13259,566,0,0,0
13260,566,0,0,0
13261,566,0,0,0
13262,566,0,0,0
13263,566,0,0,0
13264,566,0,0,0
13265,566,0,0,0
13266,566,0,0,0
13267,566,0,0,0
13268,566,0,0,0
13269,566,0,0,0
13270,590,1,27,3
13271,590,0,0,0
13272,590,0,0,0
13273,590,0,0,0
13274,590,0,0,0
13275,590,0,0,0
13276,590,0,0,0
13277,590,0,0,0
13278,590,0,0,0
13279,590,0,0,0
13280,590,0,0,0
13281,590,0,0,0
13282,590,0,0,0
13283,590,0,0,0
13284,590,0,0,0
13285,590,0,0,0
13286,590,0,0,0
13287,590,0,0,0
13288,590,0,0,0
13289,590,0,0,0
13290,590,0,0,0
13291,590,0,0,0
13292,590,0,0,0
13293,590,0,0,0
13294,590,0,0,0
13295,590,0,0,0
13296,590,0,0,0
13297,590,1,1,1
13298,590,0,0,0
13299,590,0,0,0
13300,590,0,0,0
13301,590,0,0,0
13302,590,0,0,0
13303,590,0,0,0
13304,590,0,0,0
13305,590,0,0,0
13306,590,0,0,0
13307,590,0,0,0
13308,590,0,0,0
13309,590,0,0,0
13310,590,0,0,0
13311,590,0,0,0
13312,590,0,0,0
13313,590,0,0,0
13314,590,0,0,0
13315,590,0,0,0
13316,590,0,0,0
13317,590,0,0,0
13318,590,0,0,0
13319,590,0,0,0
13320,590,0,0,0
13321,590,0,0,0
13322,590,0,0,0
13323,590,0,0,0
13324,590,0,0,0
13325,590,0,0,0
13326,590,0,0,0
13327,590,0,0,0
13328,590,0,0,0
13329,590,0,0,0
13330,593,1,3,0
13331,593,0,0,0
13332,593,0,0,0
13333,593,0,0,0
13334,593,0,0,0
13335,593,0,0,0
13336,593,0,0,0
13337,593,0,0,0
13338,593,0,0,0
13339,593,0,0,0
13340,593,0,0,0
13341,593,0,0,0
13342,593,0,0,0
13343,593,0,0,0
13344,593,0,0,0
13345,593,0,0,0
13346,593,0,0,0
13347,593,0,0,0
13348,593,0,0,0
13349,593,0,0,0
13350,593,0,0,0
13351,593,0,0,0
13352,593,0,0,0
13353,593,0,0,0
13354,593,0,0,0
13355,593,0,0,0
13356,593,0,0,0
13357,593,1,1,1
13358,593,0,0,0
13359,593,0,0,0
13360,593,0,0,0
13361,593,0,0,0
13362,593,0,0,0
13363,593,0,0,0
13364,593,0,0,0
13365,593,0,0,0
13366,593,0,0,0
13367,593,0,0,0
13368,593,0,0,0
13369,593,0,0,0
13370,593,0,0,0
13371,593,0,0,0
13372,593,0,0,0
13373,593,0,0,0
13374,593,0,0,0
13375,593,0,0,0
13376,593,0,0,0
13377,593,0,0,0
13378,593,0,0,0
13379,566,1,0,27
13380,566,0,0,0
13381,566,0,0,0
13382,566,0,0,0
13383,566,0,0,0
13384,566,0,0,0
13385,566,0,0,0
13386,566,0,0,0
13387,566,0,0,0
13388,566,0,0,0
13389,566,0,0,0
13390,566,0,0,0
13391,566,0,0,0
13392,566,0,0,0
13393,566,0,0,0
13394,566,0,0,0
13395,566,0,0,0
13396,566,0,0,0
13397,566,0,0,0
13398,566,0,0,0
13399,566,0,0,0
13400,566,0,0,0
13401,566,0,0,0
13402,566,0,0,0
13403,566,0,0,0
13404,566,0,0,0
13405,566,0,0,0
13406,566,0,0,0
13407,566,0,0,0
13408,566,0,0,0
13409,566,0,0,0
13410,566,0,0,0
13411,566,0,0,0
13412,566,0,0,0
13413,566,0,0,0
13414,566,0,0,0
13415,566,0,0,0
13416,566,0,0,0
13417,566,0,0,0
13418,566,0,0,0
13419,566,0,0,0
13420,566,0,0,0
13421,566,0,0,0
13422,566,0,0,0
13423,566,0,0,0
13424,566,0,0,0
13425,566,0,0,0
13426,566,0,0,0
13427,566,0,0,0
13428,566,0,0,0
13429,566,0,0,0
13430,566,0,0,0
13431,566,0,0,0
13432,566,0,0,0
13433,566,0,0,0
13434,566,0,0,0
13435,566,0,0,0
13436,566,0,0,0
13437,566,0,0,0
13438,566,0,0,0
13439,590,1,27,3
13440,590,0,0,0
13441,590,0,0,0
13442,590,0,0,0
13443,590,0,0,0
13444,590,0,0,0
13445,590,0,0,0
13446,590,0,0,0
13447,590,0,0,0
13448,590,0,0,0
13449,590,0,0,0
13450,590,0,0,0
13451,590,0,0,0
13452,590,0,0,0
13453,590,0,0,0
13454,590,0,0,0
13455,590,0,0,0
13456,590,0,0,0
13457,590,0,0,0
13458,590,0,0,0
13459,590,0,0,0
13460,590,0,0,0
13461,590,0,0,0
13462,590,0,0,0
13463,590,0,0,0
13464,590,0,0,0
13465,590,0,0,0
13466,590,0,0,0
13467,590,0,0,0
13468,590,0,0,0
13469,590,0,0,0
13470,590,0,0,0
13471,590,0,0,0
13472,590,0,0,0
13473,590,0,0,0
13474,590,0,0,0
13475,590,0,0,0
13476,590,0,0,0
13477,590,1,1,1
13478,590,0,0,0
13479,590,0,0,0
13480,590,0,0,0
13481,590,0,0,0
13482,590,0,0,0
13483,590,0,0,0
13484,590,0,0,0
13485,590,0,0,0
13486,590,0,0,0
13487,590,0,0,0
13488,590,0,0,0
13489,590,0,0,0
13490,590,0,0,0
13491,590,0,0,0
13492,590,0,0,0
13493,590,0,0,0
13494,590,0,0,0
13495,590,0,0,0
13496,590,0,0,0
13497,590,0,0,0
13498,590,0,0,0
13499,593,1,3,0
13500,593,0,0,0
13501,593,0,0,0
13502,593,0,0,0
13503,593,0,0,0
13504,593,0,0,0
13505,593,0,0,0
13506,593,0,0,0
13507,593,0,0,0
13508,593,0,0,0
13509,593,0,0,0
13510,593,0,0,0
13511,593,0,0,0
13512,593,0,0,0
13513,593,0,0,0
13514,593,0,0,0
13515,593,0,0,0
13516,593,0,0,0
13517,593,0,0,0
13518,593,0,0,0
13519,593,0,0,0
13520,593,0,0,0
13521,593,0,0,0
13522,593,0,0,0
13523,593,0,0,0
13524,593,0,0,0
13525,593,0,0,0
13526,593,0,0,0
13527,593,0,0,0
13528,593,0,0,0
13529,593,0,0,0
13530,593,0,0,0
13531,593,0,0,0
13532,593,0,0,0
13533,593,0,0,0
13534,593,0,0,0
13535,593,0,0,0
13536,593,0,0,0
13537,594,1,1,0
13538,594,0,0,0
13539,594,0,0,0
13540,594,0,0,0
13541,594,0,0,0
13542,594,0,0,0
13543,594,0,0,0
13544,594,0,0,0
13545,594,0,0,0
13546,568,1,0,26
13547,568,0,0,0
13548,568,0,0,0
13549,568,0,0,0
13550,568,0,0,0
13551,568,0,0,0
13552,568,0,0,0
13553,568,0,0,0
13554,568,0,0,0
13555,568,0,0,0
13556,568,0,0,0
13557,568,0,0,0
13558,568,0,0,0
13559,568,0,0,0
13560,568,0,0,0
13561,568,0,0,0
13562,568,0,0,0
13563,568,0,0,0
13564,568,0,0,0
13565,568,0,0,0
13566,568,0,0,0
13567,568,0,0,0
13568,568,0,0,0
13569,568,0,0,0
13570,568,0,0,0
13571,568,0,0,0
13572,568,0,0,0
13573,568,0,0,0
13574,568,0,0,0
13575,568,0,0,0
13576,568,0,0,0
13577,568,0,0,0
13578,568,0,0,0
13579,568,0,0,0
13580,568,0,0,0
13581,568,0,0,0
13582,568,0,0,0
13583,568,0,0,0
13584,568,0,0,0
13585,568,0,0,0
13586,568,0,0,0
13587,568,0,0,0
13588,568,0,0,0
13589,568,0,0,0
13590,568,0,0,0
13591,568,0,0,0
13592,568,0,0,0
13593,568,0,0,0
13594,568,0,0,0
13595,568,0,0,0
13596,568,0,0,0
13597,569,1,1,0
13598,569,0,0,0
13599,569,0,0,0
13600,569,0,0,0
13601,569,0,0,0
13602,569,0,0,0
13603,569,0,0,0
13604,569,0,0,0
13605,569,0,0,0
13606,592,1,26,3
13607,592,0,0,0
13608,592,0,0,0
13609,592,0,0,0
13610,592,0,0,0
13611,592,0,0,0
13612,592,0,0,0
13613,592,0,0,0
13614,592,0,0,0
13615,592,0,0,0
13616,592,0,0,0
13617,592,0,0,0
13618,592,0,0,0
13619,592,0,0,0
13620,592,0,0,0
13621,592,0,0,0
13622,592,0,0,0
13623,592,0,0,0
13624,592,0,0,0
13625,592,0,0,0
13626,592,0,0,0
13627,592,0,0,0
13628,592,0,0,0
13629,592,0,0,0
13630,592,0,0,0
13631,592,0,0,0
13632,592,0,0,0
13633,592,0,0,0
13634,592,0,0,0
13635,592,0,0,0
13636,592,0,0,0
13637,592,0,0,0
13638,592,0,0,0
13639,592,0,0,0
13640,592,0,0,0
13641,592,0,0,0
13642,592,0,0,0
13643,592,0,0,0
13644,592,0,0,0
13645,592,0,0,0
13646,592,0,0,0
13647,592,0,0,0
13648,592,0,0,0
13649,592,0,0,0
13650,592,0,0,0
13651,592,0,0,0
13652,592,0,0,0
13653,592,0,0,0
13654,592,0,0,0
13655,592,0,0,0
13656,592,0,0,0
13657,592,0,0,0
13658,592,0,0,0
13659,592,0,0,0
13660,592,0,0,0
13661,592,0,0,0
13662,592,0,0,0
13663,592,0,0,0
13664,592,0,0,0
13665,592,0,0,0
13666,595,1,3,0
13667,595,0,0,0
13668,595,0,0,0
13669,595,0,0,0
13670,595,0,0,0
13671,595,0,0,0
13672,595,0,0,0
13673,595,0,0,0
13674,595,0,0,0
13675,595,0,0,0
13676,595,0,0,0
13677,595,0,0,0
13678,595,0,0,0
13679,595,0,0,0
13680,595,0,0,0
13681,595,0,0,0
13682,595,0,0,0
13683,595,0,0,0
13684,595,0,0,0
13685,595,0,0,0
13686,595,0,0,0
13687,595,0,0,0
13688,595,0,0,0
13689,595,0,0,0
13690,595,0,0,0
13691,595,0,0,0
13692,595,0,0,0
13693,595,0,0,0
13694,595,0,0,0
13695,595,0,0,0
13696,595,0,0,0
13697,595,0,0,0
13698,595,0,0,0
13699,595,0,0,0
13700,595,0,0,0
13701,595,0,0,0
13702,595,0,0,0
13703,595,0,0,0
13704,595,0,0,0
13705,595,0,0,0
13706,595,0,0,0
13707,595,0,0,0
13708,595,0,0,0
13709,595,0,0,0
13710,595,0,0,0
13711,595,0,0,0
13712,595,0,0,0
13713,595,0,0,0
13714,595,0,0,0
13715,595,0,0,0
13716,569,1,0,26
13717,569,0,0,0
13718,569,0,0,0
13719,569,0,0,0
13720,569,0,0,0
13721,569,0,0,0
13722,569,0,0,0
13723,569,0,0,0
13724,569,0,0,0
13725,569,0,0,0
13726,569,0,0,0
13727,569,0,0,0
13728,569,0,0,0
13729,569,0,0,0
13730,569,0,0,0
13731,569,0,0,0
13732,569,0,0,0
13733,569,0,0,0
13734,569,0,0,0
13735,569,0,0,0
13736,569,0,0,0
13737,569,0,0,0
13738,569,0,0,0
13739,569,0,0,0
13740,569,0,0,0
13741,569,0,0,0
13742,569,0,0,0
13743,569,0,0,0
13744,569,0,0,0
13745,569,0,0,0
13746,569,0,0,0
13747,569,0,0,0
13748,569,0,0,0
13749,569,0,0,0
13750,569,0,0,0
13751,569,0,0,0
13752,569,0,0,0
13753,569,0,0,0
13754,569,0,0,0
13755,569,0,0,0
13756,569,0,0,0
13757,569,0,0,0
13758,569,0,0,0
13759,569,0,0,0
13760,569,0,0,0
13761,569,0,0,0
13762,569,0,0,0
13763,569,0,0,0
13764,569,0,0,0
13765,569,0,0,0
13766,569,0,0,0
13767,569,0,0,0
13768,569,0,0,0
13769,569,0,0,0
13770,569,0,0,0
13771,569,0,0,0
13772,569,0,0,0
13773,569,0,0,0
13774,569,0,0,0
13775,569,0,0,0
13776,592,1,26,3
13777,592,0,0,0
13778,592,0,0,0
13779,592,0,0,0
13780,592,0,0,0
13781,592,0,0,0
13782,592,0,0,0
13783,592,0,0,0
13784,592,0,0,0
13785,592,0,0,0
13786,592,0,0,0
13787,592,0,0,0
13788,592,0,0,0
13789,592,0,0,0
13790,592,0,0,0
13791,592,0,0,0
13792,592,0,0,0
13793,592,0,0,0
13794,592,0,0,0
13795,592,0,0,0
13796,592,0,0,0
13797,592,0,0,0
13798,592,0,0,0
13799,592,0,0,0
13800,592,0,0,0
13801,592,0,0,0
13802,592,0,0,0
13803,592,0,0,0
13804,592,0,0,0
13805,592,0,0,0
13806,592,0,0,0
13807,592,0,0,0
13808,592,0,0,0
13809,592,0,0,0
13810,592,0,0,0
13811,592,0,0,0
13812,592,0,0,0
13813,592,0,0,0
13814,592,0,0,0
13815,592,0,0,0
13816,592,0,0,0
13817,592,0,0,0
13818,592,0,0,0
13819,592,0,0,0
13820,592,0,0,0
13821,592,0,0,0
13822,592,0,0,0
13823,592,0,0,0
13824,592,0,0,0
13825,592,0,0,0
13826,592,0,0,0
13827,592,0,0,0
13828,592,0,0,0
13829,592,0,0,0
13830,592,0,0,0
13831,592,0,0,0
13832,592,0,0,0
13833,592,0,0,0
13834,592,0,0,0
13835,592,0,0,0
13836,595,1,3,0
13837,595,0,0,0
13838,595,0,0,0
13839,595,0,0,0
13840,595,0,0,0
13841,595,0,0,0
13842,595,0,0,0
13843,595,0,0,0
13844,595,0,0,0
13845,595,0,0,0
13846,595,0,0,0
13847,595,0,0,0
13848,595,0,0,0
13849,595,0,0,0
13850,595,0,0,0
13851,595,0,0,0
13852,595,0,0,0
13853,595,0,0,0
13854,595,0,0,0
13855,595,0,0,0
13856,595,0,0,0
13857,595,0,0,0
13858,595,0,0,0
13859,595,0,0,0
13860,595,0,0,0
13861,595,0,0,0
13862,595,0,0,0
13863,595,0,0,0
13864,595,0,0,0
13865,595,0,0,0
13866,595,0,0,0
13867,595,0,0,0
13868,595,0,0,0
13869,595,0,0,0
13870,595,0,0,0
13871,595,0,0,0
13872,595,0,0,0
13873,595,0,0,0
13874,595,0,0,0
13875,595,0,0,0
13876,595,0,0,0
13877,595,0,0,0
13878,595,0,0,0
13879,595,0,0,0
13880,595,0,0,0
13881,595,0,0,0
13882,595,0,0,0
13883,595,0,0,0
13884,595,0,0,0
13885,595,0,0,0
13886,595,0,0,0
13887,595,0,0,0
13888,595,0,0,0
13889,595,0,0,0
13890,595,0,0,0
13891,595,0,0,0
13892,569,1,0,26
13893,569,0,0,0
13894,569,0,0,0
13895,569,0,0,0
13896,569,0,0,0
13897,569,0,0,0
13898,569,0,0,0
13899,569,0,0,0
13900,569,0,0,0
13901,569,0,0,0
13902,569,0,0,0
13903,569,0,0,0
13904,569,0,0,0
13905,569,0,0,0
13906,569,0,0,0
13907,569,0,0,0
13908,569,0,0,0
13909,569,0,0,0
13910,569,0,0,0
13911,569,0,0,0
13912,569,0,0,0
13913,569,0,0,0
13914,569,0,0,0
13915,569,0,0,0
13916,569,0,0,0
13917,569,0,0,0
13918,569,0,0,0
13919,569,0,0,0
13920,569,0,0,0
13921,569,0,0,0
13922,569,0,0,0
13923,569,0,0,0
13924,569,0,0,0
13925,569,0,0,0
13926,569,0,0,0
13927,569,0,0,0
13928,569,0,0,0
13929,569,0,0,0
13930,569,0,0,0
13931,569,0,0,0
13932,569,0,0,0
13933,569,0,0,0
13934,569,0,0,0
13935,569,0,0,0
13936,569,0,0,0
13937,569,0,0,0
13938,569,0,0,0
13939,569,0,0,0
13940,569,0,0,0
13941,569,0,0,0
13942,569,0,0,0
13943,569,0,0,0
13944,569,0,0,0
13945,569,0,0,0
13946,569,0,0,0
13947,569,0,0,0
13948,569,0,0,0
13949,569,0,0,0
13950,569,0,0,0
13951,569,0,0,0
13952,593,1,26,2
13953,593,0,0,0
13954,593,0,0,0
13955,593,0,0,0
13956,593,0,0,0
13957,593,0,0,0
13958,593,0,0,0
13959,593,0,0,0
13960,593,0,0,0
13961,593,0,0,0
13962,593,0,0,0
13963,593,0,0,0
13964,593,0,0,0
13965,593,0,0,0
13966,593,0,0,0
13967,593,0,0,0
13968,593,0,0,0
13969,593,0,0,0
13970,593,0,0,0
13971,593,0,0,0
13972,593,0,0,0
13973,593,0,0,0
13974,593,0,0,0
13975,593,0,0,0
13976,593,0,0,0
13977,593,0,0,0
13978,593,0,0,0
13979,593,0,0,0
13980,593,0,0,0
13981,593,0,0,0
13982,593,0,0,0
13983,593,0,0,0
13984,593,0,0,0
13985,593,0,0,0
13986,593,0,0,0
13987,593,0,0,0
13988,593,0,0,0
13989,593,0,0,0
13990,593,0,0,0
13991,593,0,0,0
13992,593,0,0,0
13993,593,0,0,0
13994,593,0,0,0
13995,593,0,0,0
13996,593,0,0,0
13997,593,0,0,0
13998,593,0,0,0
13999,593,0,0,0
14000,593,0,0,0
14001,593,0,0,0
14002,593,0,0,0
14003,593,0,0,0
14004,593,0,0,0
14005,575,1,0,18
14006,575,0,0,0
14007,575,0,0,0
14008,575,0,0,0
14009,575,0,0,0
14010,575,0,0,0
14011,575,0,0,0
14012,575,0,0,0
14013,575,0,0,0
14014,575,0,0,0
14015,575,0,0,0
14016,575,0,0,0
14017,575,0,0,0
14018,575,0,0,0
14019,575,0,0,0
14020,575,0,0,0
14021,575,0,0,0
14022,575,0,0,0
14023,575,0,0,0
14024,575,0,0,0
14025,575,0,0,0
14026,575,0,0,0
14027,575,0,0,0
14028,575,0,0,0
14029,575,0,0,0
14030,575,0,0,0
14031,575,0,0,0
14032,575,0,0,0
14033,575,0,0,0
14034,575,0,0,0
14035,575,0,0,0
14036,575,0,0,0
14037,575,0,0,0
14038,575,0,0,0
14039,575,0,0,0
14040,575,0,0,0
14041,575,0,0,0
14042,575,0,0,0
14043,575,0,0,0
14044,575,0,0,0
14045,575,0,0,0
14046,575,0,0,0
14047,575,0,0,0
14048,575,0,0,0
14049,575,0,0,0
14050,575,0,0,0
14051,575,0,0,0
14052,575,0,0,0
14053,575,0,0,0
14054,575,0,0,0
14055,575,0,0,0
14056,575,0,0,0
14057,575,0,0,0
14058,575,0,0,0
14059,575,0,0,0
14060,575,0,0,0
14061,575,0,0,0
14062,575,0,0,0
14063,575,0,0,0
14064,575,0,0,0
14065,595,1,20,0
14066,595,0,0,0
14067,595,0,0,0
14068,595,0,0,0
14069,595,0,0,0
14070,595,0,0,0
14071,595,0,0,0
14072,595,0,0,0
14073,570,1,0,25
14074,570,0,0,0
14075,570,0,0,0
14076,570,0,0,0
14077,570,0,0,0
14078,570,0,0,0
14079,570,0,0,0
14080,570,0,0,0
14081,570,0,0,0
14082,570,0,0,0
14083,570,0,0,0
14084,570,0,0,0
14085,570,0,0,0
14086,570,0,0,0
14087,570,0,0,0
14088,570,0,0,0
14089,570,0,0,0
14090,570,0,0,0
14091,570,0,0,0
14092,570,0,0,0
14093,570,0,0,0
14094,570,0,0,0
14095,570,0,0,0
14096,570,0,0,0
14097,570,0,0,0
14098,570,0,0,0
14099,570,0,0,0
14100,570,0,0,0
14101,570,0,0,0
14102,570,0,0,0
14103,570,0,0,0
14104,570,0,0,0
14105,570,0,0,0
14106,570,0,0,0
14107,570,0,0,0
14108,570,0,0,0
14109,570,0,0,0
14110,570,0,0,0
14111,570,0,0,0
14112,570,0,0,0
14113,570,0,0,0
14114,570,0,0,0
14115,570,0,0,0
14116,570,0,0,0
14117,570,0,0,0
14118,570,0,0,0
14119,570,0,0,0
14120,570,0,0,0
14121,570,0,0,0
14122,570,0,0,0
14123,570,0,0,0
14124,570,0,0,0
14125,570,0,0,0
14126,570,0,0,0
14127,570,0,0,0
14128,570,0,0,0
14129,570,0,0,0
14130,570,0,0,0
14131,570,0,0,0
14132,570,0,0,0
14133,593,1,25,2
14134,593,0,0,0
14135,593,0,0,0
14136,593,0,0,0
14137,593,0,0,0
14138,593,0,0,0
14139,593,0,0,0
14140,593,0,0,0
14141,593,0,0,0
14142,593,0,0,0
14143,593,0,0,0
14144,593,0,0,0
14145,593,0,0,0
14146,593,0,0,0
14147,593,0,0,0
14148,593,0,0,0
14149,593,0,0,0
14150,593,0,0,0
14151,593,0,0,0
14152,593,0,0,0
14153,593,0,0,0
14154,593,0,0,0
14155,593,0,0,0
14156,593,0,0,0
14157,593,0,0,0
14158,593,0,0,0
14159,593,0,0,0
14160,593,0,0,0
14161,593,0,0,0
14162,593,0,0,0
14163,593,0,0,0
14164,593,0,0,0
14165,593,0,0,0
14166,593,0,0,0
14167,593,0,0,0
14168,593,0,0,0
14169,593,0,0,0
14170,593,0,0,0
14171,593,0,0,0
14172,593,0,0,0
14173,593,0,0,0
14174,593,0,0,0
14175,593,0,0,0
14176,593,0,0,0
14177,593,0,0,0
14178,593,0,0,0
14179,593,0,0,0
14180,593,0,0,0
14181,593,0,0,0
14182,593,0,0,0
14183,593,0,0,0
14184,593,0,0,0
14185,593,0,0,0
14186,593,0,0,0
14187,593,0,0,0
14188,593,0,0,0
14189,593,0,0,0
14190,593,0,0,0
14191,593,0,0,0
14192,593,0,0,0
14193,595,1,2,0
14194,595,0,0,0
14195,595,0,0,0
14196,595,0,0,0
14197,595,0,0,0
14198,595,0,0,0
14199,595,0,0,0
14200,595,0,0,0
14201,595,0,0,0
14202,595,0,0,0
14203,595,0,0,0
14204,595,0,0,0
14205,595,0,0,0
14206,595,0,0,0
14207,595,0,0,0
14208,595,0,0,0
14209,595,0,0,0
14210,595,0,0,0
14211,595,0,0,0
14212,595,0,0,0
14213,595,0,0,0
14214,595,0,0,0
14215,595,0,0,0
14216,595,0,0,0
14217,595,0,0,0
14218,595,0,0,0
14219,595,0,0,0
14220,595,0,0,0
14221,595,0,0,0
14222,595,0,0,0
14223,595,0,0,0
14224,595,0,0,0
14225,595,0,0,0
14226,595,0,0,0
14227,595,0,0,0
14228,595,0,0,0
14229,595,0,0,0
14230,595,0,0,0
14231,595,0,0,0
14232,595,0,0,0
14233,595,0,0,0
14234,595,0,0,0
14235,595,0,0,0
14236,595,0,0,0
14237,595,0,0,0
14238,595,0,0,0
14239,595,0,0,0
14240,595,0,0,0
14241,595,0,0,0
14242,595,0,0,0
14243,595,0,0,0
14244,595,0,0,0
14245,595,0,0,0
14246,570,1,0,25
14247,570,0,0,0
14248,570,0,0,0
14249,570,0,0,0
14250,570,0,0,0
14251,570,0,0,0
14252,570,0,0,0
14253,570,0,0,0
14254,570,0,0,0
14255,570,0,0,0
14256,570,0,0,0
14257,570,0,0,0
14258,570,0,0,0
14259,570,0,0,0
14260,570,0,0,0
14261,570,0,0,0
14262,570,0,0,0
14263,570,0,0,0
14264,570,0,0,0
14265,570,0,0,0
14266,570,0,0,0
14267,570,0,0,0
14268,570,0,0,0
14269,570,0,0,0
14270,570,0,0,0
14271,570,0,0,0
14272,570,0,0,0
14273,570,0,0,0
14274,570,0,0,0
14275,570,0,0,0
14276,570,0,0,0
14277,570,0,0,0
14278,570,0,0,0
14279,570,0,0,0
14280,570,0,0,0
14281,570,0,0,0
14282,570,0,0,0
14283,570,0,0,0
14284,570,0,0,0
14285,570,0,0,0
14286,570,0,0,0
14287,570,0,0,0
14288,570,0,0,0
14289,570,0,0,0
14290,570,0,0,0
14291,570,0,0,0
14292,570,0,0,0
14293,570,0,0,0
14294,570,0,0,0
14295,570,0,0,0
14296,570,0,0,0
14297,570,0,0,0
14298,570,0,0,0
14299,570,0,0,0
14300,570,0,0,0
14301,570,0,0,0
14302,570,0,0,0
14303,570,0,0,0
14304,570,0,0,0
14305,570,0,0,0
14306,593,1,25,2
14307,593,0,0,0
14308,593,0,0,0
14309,593,0,0,0
14310,593,0,0,0
14311,593,0,0,0
14312,593,0,0,0
14313,593,0,0,0
14314,593,0,0,0
14315,593,0,0,0
14316,593,0,0,0
14317,593,0,0,0
14318,593,0,0,0
14319,593,0,0,0
14320,593,0,0,0
14321,593,0,0,0
14322,593,0,0,0
14323,593,0,0,0
14324,593,0,0,0
14325,593,0,0,0
14326,593,0,0,0
14327,593,0,0,0
14328,593,0,0,0
14329,593,0,0,0
14330,593,0,0,0
14331,593,0,0,0
14332,593,0,0,0
14333,593,0,0,0
14334,593,0,0,0
14335,593,0,0,0
14336,593,0,0,0
14337,593,0,0,0
14338,593,0,0,0
14339,593,0,0,0
14340,593,0,0,0
14341,593,0,0,0
14342,593,0,0,0
14343,593,0,0,0
14344,593,0,0,0
14345,593,0,0,0
14346,593,0,0,0
14347,593,0,0,0
14348,593,0,0,0
14349,593,0,0,0
14350,593,0,0,0
14351,593,0,0,0
14352,593,0,0,0
14353,593,0,0,0
14354,593,0,0,0
14355,593,0,0,0
14356,593,0,0,0
14357,593,0,0,0
14358,593,0,0,0
14359,593,0,0,0
14360,593,0,0,0
14361,593,0,0,0
14362,593,0,0,0
14363,593,0,0,0
14364,593,0,0,0
14365,593,0,0,0
14366,595,1,2,0
14367,595,0,0,0
14368,595,0,0,0
14369,595,0,0,0
14370,595,0,0,0
14371,595,0,0,0
14372,595,0,0,0
14373,595,0,0,0
14374,595,0,0,0
14375,595,0,0,0
14376,595,0,0,0
14377,595,0,0,0
14378,595,0,0,0
14379,595,0,0,0
14380,595,0,0,0
14381,595,0,0,0
14382,595,0,0,0
14383,595,0,0,0
14384,595,0,0,0
14385,595,0,0,0
14386,595,0,0,0
14387,595,0,0,0
14388,595,0,0,0
14389,595,0,0,0
14390,595,0,0,0
14391,595,0,0,0
14392,595,0,0,0
14393,595,0,0,0
14394,595,0,0,0
14395,595,0,0,0
14396,595,0,0,0
14397,595,0,0,0
14398,595,0,0,0
14399,595,0,0,0
14400,595,0,0,0
14401,595,0,0,0
14402,595,0,0,0
14403,595,0,0,0
14404,595,0,0,0
14405,595,0,0,0
14406,595,0,0,0
14407,595,0,0,0
14408,595,0,0,0
14409,595,0,0,0
14410,595,0,0,0
14411,595,0,0,0
14412,595,0,0,0
14413,595,0,0,0
14414,595,0,0,0
14415,595,0,0,0
14416,595,0,0,0
14417,595,0,0,0
14418,570,1,0,25
14419,570,0,0,0
14420,570,0,0,0
14421,570,0,0,0
14422,570,0,0,0
14423,570,0,0,0
14424,570,0,0,0
14425,570,0,0,0
14426,570,0,0,0
14427,570,0,0,0
14428,570,0,0,0
14429,570,0,0,0
14430,570,0,0,0
14431,570,0,0,0
14432,570,0,0,0
14433,570,0,0,0
14434,570,0,0,0
14435,570,0,0,0
14436,570,0,0,0
14437,570,0,0,0
14438,570,0,0,0
14439,570,0,0,0
14440,570,0,0,0
14441,570,0,0,0
14442,570,0,0,0
14443,570,0,0,0
14444,570,0,0,0
14445,570,0,0,0
14446,570,0,0,0
14447,570,0,0,0
14448,570,0,0,0
14449,570,0,0,0
14450,570,0,0,0
14451,570,0,0,0
14452,570,0,0,0
14453,570,0,0,0
14454,570,0,0,0
14455,570,0,0,0
14456,570,0,0,0
14457,570,0,0,0
14458,570,0,0,0
14459,570,0,0,0
14460,570,0,0,0
14461,570,0,0,0
14462,570,0,0,0
14463,570,0,0,0
14464,570,0,0,0
14465,570,0,0,0
14466,570,0,0,0
14467,570,0,0,0
14468,570,0,0,0
14469,570,0,0,0
14470,570,0,0,0
14471,570,0,0,0
14472,570,0,0,0
14473,570,0,0,0
14474,570,0,0,0
14475,570,0,0,0
14476,570,0,0,0
14477,570,0,0,0
14478,593,1,25,2
14479,593,0,0,0
14480,593,0,0,0
14481,593,0,0,0
14482,593,0,0,0
14483,593,0,0,0
14484,593,0,0,0
14485,593,0,0,0
14486,593,0,0,0
14487,593,0,0,0
14488,593,0,0,0
14489,593,0,0,0
14490,593,0,0,0
14491,593,0,0,0
14492,593,0,0,0
14493,593,0,0,0
14494,593,0,0,0
14495,593,0,0,0
14496,593,0,0,0
14497,593,0,0,0
14498,593,0,0,0
14499,593,0,0,0
14500,593,0,0,0
14501,593,0,0,0
14502,593,0,0,0
14503,593,0,0,0
14504,593,0,0,0
14505,593,0,0,0
14506,593,0,0,0
14507,593,0,0,0
14508,593,0,0,0
14509,593,0,0,0
14510,593,0,0,0
14511,593,0,0,0
14512,593,0,0,0
14513,593,0,0,0
14514,593,0,0,0
14515,593,0,0,0
14516,593,0,0,0
14517,593,0,0,0
14518,593,0,0,0
14519,593,0,0,0
14520,593,0,0,0
14521,593,0,0,0
14522,593,0,0,0
14523,593,0,0,0
14524,593,0,0,0
14525,593,0,0,0
14526,593,0,0,0
14527,593,0,0,0
14528,592,1,0,1
14529,592,0,0,0
14530,592,0,0,0
14531,592,0,0,0
14532,592,0,0,0
14533,592,0,0,0
14534,592,0,0,0
14535,592,0,0,0
14536,592,0,0,0
14537,592,0,0,0
14538,594,1,2,0
14539,594,0,0,0
14540,594,0,0,0
14541,594,0,0,0
14542,594,0,0,0
14543,594,0,0,0
14544,594,0,0,0
14545,594,0,0,0
14546,594,0,0,0
14547,594,0,0,0
14548,594,0,0,0
14549,594,0,0,0
14550,594,0,0,0
14551,594,0,0,0
14552,594,0,0,0
14553,594,0,0,0
14554,594,0,0,0
14555,594,0,0,0
14556,594,0,0,0
14557,594,0,0,0
14558,594,0,0,0
14559,594,0,0,0
14560,594,0,0,0
14561,594,0,0,0
14562,594,0,0,0
14563,594,0,0,0
14564,594,0,0,0
14565,594,0,0,0
14566,594,0,0,0
14567,594,0,0,0
14568,594,0,0,0
14569,594,0,0,0
14570,594,0,0,0
14571,594,0,0,0
14572,594,0,0,0
14573,594,0,0,0
14574,594,0,0,0
14575,594,0,0,0
14576,594,0,0,0
14577,594,0,0,0
14578,594,0,0,0
14579,594,0,0,0
14580,594,0,0,0
14581,594,0,0,0
14582,594,0,0,0
14583,594,0,0,0
14584,594,0,0,0
14585,594,0,0,0
14586,594,0,0,0
14587,594,0,0,0
14588,594,1,1,1
14589,594,0,0,0
14590,570,1,0,24
14591,570,0,0,0
14592,570,0,0,0
14593,570,0,0,0
14594,570,0,0,0
14595,570,0,0,0
14596,570,0,0,0
14597,570,0,0,0
14598,570,0,0,0
14599,570,0,0,0
14600,570,0,0,0
14601,570,0,0,0
14602,570,0,0,0
14603,570,0,0,0
14604,570,0,0,0
14605,570,0,0,0
14606,570,0,0,0
14607,570,0,0,0
14608,570,0,0,0
14609,570,0,0,0
14610,570,0,0,0
14611,570,0,0,0
14612,570,0,0,0
14613,570,0,0,0
14614,570,0,0,0
14615,570,0,0,0
14616,570,0,0,0
14617,570,0,0,0
14618,570,0,0,0
14619,570,0,0,0
14620,570,0,0,0
14621,570,0,0,0
14622,570,0,0,0
14623,570,0,0,0
14624,570,0,0,0
14625,570,0,0,0
14626,570,0,0,0
14627,570,0,0,0
14628,570,0,0,0
14629,570,0,0,0
14630,570,0,0,0
14631,570,0,0,0
14632,570,0,0,0
14633,570,0,0,0
14634,570,0,0,0
14635,570,0,0,0
14636,570,0,0,0
14637,570,0,0,0
14638,570,0,0,0
14639,570,0,0,0
14640,570,0,0,0
14641,570,0,0,0
14642,570,0,0,0
14643,570,0,0,0
14644,570,0,0,0
14645,570,0,0,0
14646,570,0,0,0
14647,570,0,0,0
14648,570,0,0,0
14649,570,0,0,0
14650,592,1,24,2
14651,592,0,0,0
14652,592,0,0,0
14653,592,0,0,0
14654,592,0,0,0
14655,592,0,0,0
14656,592,0,0,0
14657,592,0,0,0
14658,592,0,0,0
14659,592,0,0,0
14660,592,0,0,0
14661,592,0,0,0
14662,592,0,0,0
14663,592,0,0,0
14664,592,0,0,0
14665,592,0,0,0
14666,592,0,0,0
14667,592,0,0,0
14668,592,0,0,0
14669,592,0,0,0
14670,592,0,0,0
14671,592,0,0,0
14672,592,0,0,0
14673,592,0,0,0
14674,592,0,0,0
14675,592,0,0,0
14676,592,0,0,0
14677,592,0,0,0
14678,592,0,0,0
14679,592,0,0,0
14680,592,0,0,0
14681,592,0,0,0
14682,592,0,0,0
14683,592,0,0,0
14684,592,0,0,0
14685,592,0,0,0
14686,592,0,0,0
14687,592,0,0,0
14688,592,0,0,0
14689,592,0,0,0
14690,592,0,0,0
14691,592,0,0,0
14692,592,0,0,0
14693,592,0,0,0
14694,592,0,0,0
14695,592,0,0,0
14696,592,0,0,0
14697,592,0,0,0
14698,592,0,0,0
14699,592,0,0,0
14700,592,0,0,0
14701,592,0,0,0
14702,592,0,0,0
14703,592,0,0,0
14704,592,0,0,0
14705,592,0,0,0
14706,592,0,0,0
14707,592,0,0,0
14708,592,1,1,1
14709,592,0,0,0
14710,594,1,2,0
14711,594,0,0,0
14712,594,0,0,0
14713,594,0,0,0
14714,594,0,0,0
14715,594,0,0,0
14716,594,0,0,0
14717,594,0,0,0
14718,594,0,0,0
14719,594,0,0,0
14720,594,0,0,0
14721,594,0,0,0
14722,594,0,0,0
14723,594,0,0,0
14724,594,0,0,0
14725,594,0,0,0
14726,594,0,0,0
14727,594,0,0,0
14728,594,0,0,0
14729,594,0,0,0
14730,594,0,0,0
14731,594,0,0,0
14732,594,0,0,0
14733,594,0,0,0
14734,594,0,0,0
14735,594,0,0,0
14736,594,0,0,0
14737,594,0,0,0
14738,594,0,0,0
14739,594,0,0,0
14740,594,0,0,0
14741,594,0,0,0
14742,594,0,0,0
14743,594,0,0,0
14744,594,0,0,0
14745,594,0,0,0
14746,594,0,0,0
14747,594,0,0,0
14748,594,0,0,0
14749,594,0,0,0
14750,594,0,0,0
14751,594,0,0,0
14752,594,0,0,0
14753,594,0,0,0
14754,594,0,0,0
14755,594,0,0,0
14756,594,0,0,0
14757,594,0,0,0
14758,594,0,0,0
14759,594,0,0,0
14760,594,0,0,0
14761,570,1,0,24
14762,570,0,0,0
14763,570,0,0,0
14764,570,0,0,0
14765,570,0,0,0
14766,570,0,0,0
14767,570,0,0,0
14768,570,0,0,0
14769,570,0,0,0
14770,570,0,0,0
14771,570,0,0,0
14772,570,0,0,0
14773,570,0,0,0
14774,570,0,0,0
14775,570,0,0,0
14776,570,0,0,0
14777,570,0,0,0
14778,570,0,0,0
14779,570,0,0,0
14780,570,0,0,0
14781,570,0,0,0
14782,570,0,0,0
14783,570,0,0,0
14784,570,0,0,0
14785,570,0,0,0
14786,570,0,0,0
14787,570,0,0,0
14788,570,0,0,0
14789,570,0,0,0
14790,570,0,0,0
14791,570,0,0,0
14792,570,0,0,0
14793,570,0,0,0
14794,570,0,0,0
14795,570,0,0,0
14796,570,0,0,0
14797,570,0,0,0
14798,570,0,0,0
14799,570,0,0,0
14800,570,0,0,0
14801,570,0,0,0
14802,570,0,0,0
14803,570,0,0,0
14804,570,0,0,0
14805,570,0,0,0
14806,570,0,0,0
14807,570,0,0,0
14808,570,0,0,0
14809,570,0,0,0
14810,570,0,0,0
14811,570,0,0,0
14812,570,0,0,0
14813,570,0,0,0
14814,570,0,0,0
14815,570,0,0,0
14816,570,0,0,0
14817,570,0,0,0
14818,570,0,0,0
14819,570,0,0,0
14820,570,0,0,0
14821,592,1,24,2
14822,592,0,0,0
14823,592,0,0,0
14824,592,0,0,0
14825,592,0,0,0
14826,592,0,0,0
14827,592,0,0,0
14828,592,1,1,1
14829,592,0,0,0
14830,592,0,0,0
14831,592,0,0,0
14832,592,0,0,0
14833,592,0,0,0
14834,592,0,0,0
14835,592,0,0,0
14836,592,0,0,0
14837,592,0,0,0
14838,592,0,0,0
14839,592,0,0,0
14840,592,0,0,0
14841,592,0,0,0
14842,592,0,0,0
14843,592,0,0,0
14844,592,0,0,0
14845,592,0,0,0
14846,592,0,0,0
14847,592,0,0,0
14848,592,0,0,0
14849,592,0,0,0
14850,592,0,0,0
14851,592,0,0,0
14852,592,0,0,0
14853,592,0,0,0
14854,592,0,0,0
14855,592,0,0,0
14856,592,0,0,0
14857,592,0,0,0
14858,592,0,0,0
14859,592,0,0,0
14860,592,0,0,0
14861,592,0,0,0
14862,592,0,0,0
14863,592,0,0,0
14864,592,0,0,0
14865,592,0,0,0
14866,592,0,0,0
14867,592,0,0,0
14868,592,0,0,0
14869,592,0,0,0
14870,592,0,0,0
14871,592,0,0,0
14872,592,0,0,0
14873,592,0,0,0
14874,592,0,0,0
14875,592,0,0,0
14876,592,0,0,0
14877,592,0,0,0
14878,592,0,0,0
14879,592,0,0,0
14880,592,0,0,0
14881,594,1,2,0
14882,594,0,0,0
14883,594,0,0,0
14884,594,0,0,0
14885,594,0,0,0
14886,594,0,0,0
14887,594,0,0,0
14888,594,1,1,1
14889,594,0,0,0
14890,594,0,0,0
14891,594,0,0,0
14892,594,0,0,0
14893,594,0,0,0
14894,594,0,0,0
14895,594,0,0,0
14896,594,0,0,0
14897,594,0,0,0
14898,594,0,0,0
14899,594,0,0,0
14900,594,0,0,0
14901,594,0,0,0
14902,594,0,0,0
14903,594,0,0,0
14904,594,0,0,0
14905,594,0,0,0
14906,594,0,0,0
14907,594,0,0,0
14908,594,0,0,0
14909,594,0,0,0
14910,594,0,0,0
14911,594,0,0,0
14912,594,0,0,0
14913,594,0,0,0
14914,594,0,0,0
14915,594,0,0,0
14916,594,0,0,0
14917,594,0,0,0
14918,594,0,0,0
14919,594,0,0,0
14920,594,0,0,0
14921,594,0,0,0
14922,594,0,0,0
14923,594,0,0,0
14924,594,0,0,0
14925,594,0,0,0
14926,594,0,0,0
14927,594,0,0,0
14928,594,0,0,0
14929,594,0,0,0
14930,594,0,0,0
14931,571,1,0,23
14932,571,0,0,0
14933,571,0,0,0
14934,571,0,0,0
14935,571,0,0,0
14936,571,0,0,0
14937,571,0,0,0
14938,571,0,0,0
14939,571,0,0,0
14940,571,0,0,0
14941,571,0,0,0
14942,571,0,0,0
14943,571,0,0,0
14944,571,0,0,0
14945,571,0,0,0
14946,571,0,0,0
14947,571,0,0,0
14948,571,0,0,0
14949,571,0,0,0
14950,571,0,0,0
14951,571,0,0,0
14952,571,0,0,0
14953,571,0,0,0
14954,571,0,0,0
14955,571,0,0,0
14956,571,0,0,0
14957,571,0,0,0
14958,571,0,0,0
14959,571,0,0,0
14960,571,0,0,0
14961,571,0,0,0
14962,571,0,0,0
14963,571,0,0,0
14964,571,0,0,0
14965,571,0,0,0
14966,571,0,0,0
14967,571,0,0,0
14968,571,0,0,0
14969,571,0,0,0
14970,571,0,0,0
14971,571,0,0,0
14972,571,0,0,0
14973,571,0,0,0
14974,571,0,0,0
14975,571,0,0,0
14976,571,0,0,0
14977,571,0,0,0
14978,571,0,0,0
14979,571,0,0,0
14980,571,0,0,0
14981,571,0,0,0
14982,571,0,0,0
14983,571,0,0,0
14984,571,0,0,0
14985,571,0,0,0
14986,571,0,0,0
14987,571,0,0,0
14988,571,0,0,0
14989,571,0,0,0
14990,571,0,0,0
14991,593,1,24,2
14992,593,0,0,0
14993,593,0,0,0
14994,593,0,0,0
14995,593,0,0,0
14996,593,0,0,0
14997,593,0,0,0
14998,593,0,0,0
14999,593,0,0,0
15000,593,0,0,0
15001,593,0,0,0
15002,593,0,0,0
15003,593,0,0,0
15004,593,0,0,0
15005,593,0,0,0
15006,593,0,0,0
15007,593,0,0,0
15008,594,1,1,0
15009,594,0,0,0
15010,594,0,0,0
15011,594,0,0,0
15012,594,0,0,0
15013,594,0,0,0
15014,594,0,0,0
15015,594,0,0,0
15016,594,0,0,0
15017,594,0,0,0
15018,594,0,0,0
15019,594,0,0,0
15020,594,0,0,0
15021,594,0,0,0
15022,594,0,0,0
15023,594,0,0,0
15024,594,0,0,0
15025,594,0,0,0
15026,594,0,0,0
15027,594,0,0,0
15028,594,0,0,0
15029,594,0,0,0
15030,594,0,0,0
15031,594,0,0,0
15032,594,0,0,0
15033,594,0,0,0
15034,594,0,0,0
15035,594,0,0,0
15036,594,0,0,0
15037,594,0,0,0
15038,594,0,0,0
15039,594,0,0,0
15040,594,0,0,0
15041,594,0,0,0
15042,594,0,0,0
15043,594,0,0,0
15044,594,0,0,0
15045,594,0,0,0
15046,594,0,0,0
15047,594,0,0,0
15048,594,0,0,0
15049,594,0,0,0
15050,594,0,0,0
15051,596,1,2,0
15052,596,0,0,0
15053,596,0,0,0
15054,596,0,0,0
15055,596,0,0,0
15056,596,0,0,0
15057,596,0,0,0
15058,596,0,0,0
15059,596,0,0,0
15060,596,0,0,0
15061,596,0,0,0
15062,596,0,0,0
15063,596,0,0,0
15064,596,0,0,0
15065,596,0,0,0
15066,596,0,0,0
15067,596,0,0,0
15068,596,0,0,0
15069,596,0,0,0
15070,596,0,0,0
15071,596,0,0,0
15072,596,0,0,0
15073,596,0,0,0
15074,596,0,0,0
15075,596,0,0,0
15076,596,0,0,0
15077,596,0,0,0
15078,596,0,0,0
15079,596,0,0,0
15080,596,0,0,0
15081,596,0,0,0
15082,596,0,0,0
15083,596,0,0,0
15084,596,0,0,0
15085,596,0,0,0
15086,596,0,0,0
15087,596,0,0,0
15088,596,0,0,0
15089,596,0,0,0
15090,596,0,0,0
15091,596,0,0,0
15092,596,0,0,0
15093,596,0,0,0
15094,596,0,0,0
15095,596,0,0,0
15096,596,0,0,0
15097,596,0,0,0
15098,596,0,0,0
15099,596,0,0,0
15100,596,0,0,0
15101,573,1,0,23
15102,573,0,0,0
15103,573,0,0,0
15104,573,0,0,0
15105,573,0,0,0
15106,573,0,0,0
15107,573,0,0,0
15108,573,0,0,0
15109,573,0,0,0
15110,573,0,0,0
15111,573,0,0,0
15112,573,0,0,0
15113,573,0,0,0
15114,573,0,0,0
15115,573,0,0,0
15116,573,0,0,0
15117,573,0,0,0
15118,573,0,0,0
15119,573,0,0,0
15120,573,0,0,0
15121,573,0,0,0
15122,573,0,0,0
15123,573,0,0,0
15124,573,0,0,0
15125,573,0,0,0
15126,573,0,0,0
15127,573,0,0,0
15128,573,0,0,0
15129,573,0,0,0
15130,573,0,0,0
15131,573,0,0,0
15132,573,0,0,0
15133,573,0,0,0
15134,573,0,0,0
15135,573,0,0,0
15136,573,0,0,0
15137,573,0,0,0
15138,573,0,0,0
15139,573,0,0,0
15140,573,0,0,0
15141,573,0,0,0
15142,573,0,0,0
15143,573,0,0,0
15144,573,0,0,0
15145,573,0,0,0
15146,573,0,0,0
15147,573,0,0,0
15148,573,0,0,0
15149,573,0,0,0
15150,573,0,0,0
15151,573,0,0,0
15152,573,0,0,0
15153,573,0,0,0
15154,573,0,0,0
15155,573,0,0,0
15156,573,0,0,0
15157,573,0,0,0
15158,573,0,0,0
15159,573,0,0,0
15160,573,0,0,0
15161,594,1,23,2
15162,594,0,0,0
15163,594,0,0,0
15164,594,0,0,0
15165,594,0,0,0
15166,594,0,0,0
15167,594,0,0,0
15168,594,0,0,0
15169,594,0,0,0
15170,594,0,0,0
15171,594,0,0,0
15172,594,0,0,0
15173,594,0,0,0
15174,594,0,0,0
15175,594,0,0,0
15176,594,0,0,0
15177,594,0,0,0
15178,594,0,0,0
15179,594,0,0,0
15180,594,0,0,0
15181,594,0,0,0
15182,594,0,0,0
15183,594,0,0,0
15184,594,0,0,0
15185,594,0,0,0
15186,594,0,0,0
15187,594,0,0,0
15188,594,0,0,0
15189,594,0,0,0
15190,594,0,0,0
15191,594,0,0,0
15192,594,0,0,0
15193,594,0,0,0
15194,594,0,0,0
15195,594,0,0,0
15196,594,0,0,0
15197,594,0,0,0
15198,594,0,0,0
15199,594,0,0,0
15200,594,0,0,0
15201,594,0,0,0
15202,594,0,0,0
15203,594,0,0,0
15204,594,0,0,0
15205,594,0,0,0
15206,594,0,0,0
15207,594,0,0,0
15208,594,0,0,0
15209,594,0,0,0
15210,594,0,0,0
15211,594,0,0,0
15212,594,0,0,0
15213,594,0,0,0
15214,594,0,0,0
15215,594,0,0,0
15216,594,0,0,0
15217,594,0,0,0
15218,594,0,0,0
15219,594,0,0,0
15220,594,0,0,0
15221,596,1,2,0
15222,596,0,0,0
15223,596,0,0,0
15224,596,0,0,0
15225,596,0,0,0
15226,596,0,0,0
15227,596,0,0,0
15228,596,0,0,0
15229,596,0,0,0
15230,596,0,0,0
15231,596,0,0,0
15232,596,0,0,0
15233,596,0,0,0
15234,596,0,0,0
15235,596,0,0,0
15236,596,0,0,0
15237,596,0,0,0
15238,596,0,0,0
15239,596,0,0,0
15240,596,0,0,0
15241,596,0,0,0
15242,596,0,0,0
15243,596,0,0,0
15244,596,0,0,0
15245,596,0,0,0
15246,596,0,0,0
15247,596,0,0,0
15248,596,0,0,0
15249,596,0,0,0
15250,596,0,0,0
15251,596,0,0,0
15252,596,0,0,0
15253,596,0,0,0
15254,596,0,0,0
15255,596,0,0,0
15256,596,0,0,0
15257,596,0,0,0
15258,596,0,0,0
15259,596,0,0,0
15260,596,0,0,0
15261,596,0,0,0
15262,596,0,0,0
15263,596,0,0,0
15264,596,0,0,0
15265,596,0,0,0
15266,596,0,0,0
15267,596,0,0,0
15268,596,0,0,0
15269,573,1,0,23
15270,573,0,0,0
15271,573,0,0,0
15272,573,0,0,0
15273,573,0,0,0
15274,573,0,0,0
15275,573,0,0,0
15276,573,0,0,0
15277,573,0,0,0
15278,573,0,0,0
15279,573,0,0,0
15280,573,0,0,0
15281,573,0,0,0
15282,573,0,0,0
15283,573,0,0,0
15284,573,0,0,0
15285,573,0,0,0
15286,573,0,0,0
15287,573,0,0,0
15288,573,0,0,0
15289,573,0,0,0
15290,573,0,0,0
15291,573,0,0,0
15292,573,0,0,0
15293,573,0,0,0
15294,573,0,0,0
15295,573,0,0,0
15296,573,0,0,0
15297,573,0,0,0
15298,573,0,0,0
15299,573,0,0,0
15300,573,0,0,0
15301,573,0,0,0
15302,573,0,0,0
15303,573,0,0,0
15304,573,0,0,0
15305,573,0,0,0
15306,573,0,0,0
15307,573,0,0,0
15308,573,0,0,0
15309,573,0,0,0
15310,573,0,0,0
15311,573,0,0,0
15312,573,0,0,0
15313,573,0,0,0
15314,573,0,0,0
15315,573,0,0,0
15316,573,0,0,0
15317,573,0,0,0
15318,573,0,0,0
15319,573,0,0,0
15320,573,0,0,0
15321,573,0,0,0
15322,573,0,0,0
15323,573,0,0,0
15324,573,0,0,0
15325,573,0,0,0
15326,573,0,0,0
15327,573,0,0,0
15328,573,0,0,0
15329,594,1,23,2
15330,594,0,0,0
15331,594,0,0,0
15332,594,0,0,0
15333,594,0,0,0
15334,594,0,0,0
15335,594,0,0,0
15336,594,0,0,0
15337,594,0,0,0
15338,594,0,0,0
15339,594,0,0,0
15340,594,0,0,0
15341,594,0,0,0
15342,594,0,0,0
15343,594,0,0,0
15344,594,0,0,0
15345,594,0,0,0
15346,594,0,0,0
15347,594,0,0,0
15348,594,0,0,0
15349,594,0,0,0
15350,594,0,0,0
15351,594,0,0,0
15352,594,0,0,0
15353,594,0,0,0
15354,594,0,0,0
15355,594,0,0,0
15356,594,0,0,0
15357,594,0,0,0
15358,594,0,0,0
15359,594,0,0,0
15360,594,0,0,0
15361,594,0,0,0
15362,594,0,0,0
15363,594,0,0,0
15364,594,0,0,0
15365,594,0,0,0
15366,594,0,0,0
15367,594,0,0,0
15368,594,0,0,0
15369,594,0,0,0
15370,594,0,0,0
15371,594,0,0,0
15372,594,0,0,0
15373,594,0,0,0
15374,594,0,0,0
15375,594,0,0,0
15376,594,0,0,0
15377,594,0,0,0
15378,594,0,0,0
15379,594,0,0,0
15380,594,0,0,0
15381,594,0,0,0
15382,594,0,0,0
15383,594,0,0,0
15384,594,0,0,0
15385,594,0,0,0
15386,594,0,0,0
15387,594,0,0,0
15388,594,0,0,0
15389,596,1,2,0
15390,596,0,0,0
15391,596,0,0,0
15392,596,0,0,0
15393,596,0,0,0
15394,596,0,0,0
15395,596,0,0,0
15396,596,0,0,0
15397,596,0,0,0
15398,596,0,0,0
15399,596,0,0,0
15400,596,0,0,0
15401,596,0,0,0
15402,596,0,0,0
15403,596,0,0,0
15404,596,0,0,0
15405,596,0,0,0
15406,596,0,0,0
15407,596,0,0,0
15408,596,0,0,0
15409,596,0,0,0
15410,596,0,0,0
15411,596,0,0,0
15412,596,0,0,0
15413,596,0,0,0
15414,596,0,0,0
15415,596,0,0,0
15416,596,0,0,0
15417,596,0,0,0
15418,596,0,0,0
15419,596,0,0,0
15420,596,0,0,0
15421,596,0,0,0
15422,596,0,0,0
15423,596,0,0,0
15424,596,0,0,0
15425,596,0,0,0
15426,596,0,0,0
15427,596,0,0,0
15428,596,0,0,0
15429,596,0,0,0
15430,596,0,0,0
15431,596,0,0,0
15432,596,0,0,0
15433,596,0,0,0
15434,596,0,0,0
15435,596,0,0,0
15436,596,0,0,0
15437,596,0,0,0
15438,596,0,0,0
15439,596,0,0,0
15440,596,0,0,0
15441,596,0,0,0
15442,596,0,0,0
15443,596,0,0,0
15444,596,0,0,0
15445,596,0,0,0
15446,596,0,0,0
15447,573,1,0,23
15448,573,0,0,0
15449,573,0,0,0
15450,573,0,0,0
15451,573,0,0,0
15452,573,0,0,0
15453,573,0,0,0
15454,573,0,0,0
15455,573,0,0,0
15456,573,0,0,0
15457,573,0,0,0
15458,573,0,0,0
15459,573,0,0,0
15460,573,0,0,0
15461,573,0,0,0
15462,573,0,0,0
15463,573,0,0,0
15464,573,0,0,0
15465,573,0,0,0
15466,573,0,0,0
15467,573,0,0,0
15468,573,0,0,0
15469,573,0,0,0
15470,573,0,0,0
15471,573,0,0,0
15472,573,0,0,0
15473,573,0,0,0
15474,573,0,0,0
15475,573,0,0,0
15476,573,0,0,0
15477,573,0,0,0
15478,573,0,0,0
15479,573,0,0,0
15480,573,0,0,0
15481,573,0,0,0
15482,573,0,0,0
15483,573,0,0,0
15484,573,0,0,0
15485,573,0,0,0
15486,573,0,0,0
15487,573,0,0,0
15488,573,0,0,0
15489,573,0,0,0
15490,573,0,0,0
15491,573,0,0,0
15492,573,0,0,0
15493,573,0,0,0
15494,573,0,0,0
15495,573,0,0,0
15496,573,0,0,0
15497,573,0,0,0
15498,573,0,0,0
15499,573,0,0,0
15500,573,0,0,0
15501,573,0,0,0
15502,573,0,0,0
15503,573,0,0,0
15504,573,0,0,0
15505,573,0,0,0
15506,573,0,0,0
15507,594,1,23,2
15508,594,0,0,0
15509,594,0,0,0
15510,594,0,0,0
15511,594,0,0,0
15512,594,0,0,0
15513,594,0,0,0
15514,594,0,0,0
15515,594,0,0,0
15516,594,0,0,0
15517,594,0,0,0
15518,594,0,0,0
15519,594,0,0,0
15520,594,0,0,0
15521,594,0,0,0
15522,594,0,0,0
15523,594,0,0,0
15524,594,0,0,0
15525,594,0,0,0
15526,594,0,0,0
15527,594,0,0,0
15528,594,0,0,0
15529,594,0,0,0
15530,594,0,0,0
15531,594,0,0,0
15532,594,0,0,0
15533,594,0,0,0
15534,594,0,0,0
15535,594,0,0,0
15536,594,0,0,0
15537,594,0,0,0
15538,594,0,0,0
15539,594,0,0,0
15540,594,0,0,0
15541,594,0,0,0
15542,594,0,0,0
15543,594,0,0,0
15544,594,0,0,0
15545,594,0,0,0
15546,594,0,0,0
15547,594,0,0,0
15548,594,0,0,0
15549,594,0,0,0
15550,594,0,0,0
15551,594,0,0,0
15552,594,0,0,0
15553,594,0,0,0
15554,594,0,0,0
15555,594,0,0,0
15556,594,0,0,0
15557,594,0,0,0
15558,594,0,0,0
15559,594,0,0,0
15560,594,0,0,0
15561,594,0,0,0
15562,594,0,0,0
15563,594,0,0,0
15564,594,0,0,0
15565,594,0,0,0
15566,594,0,0,0
15567,596,1,2,0
15568,596,0,0,0
15569,596,0,0,0
15570,596,0,0,0
15571,596,0,0,0
15572,596,0,0,0
15573,596,0,0,0
15574,596,0,0,0
15575,596,0,0,0
15576,596,0,0,0
15577,596,0,0,0
15578,596,0,0,0
15579,596,0,0,0
15580,596,0,0,0
15581,596,0,0,0
15582,596,0,0,0
15583,596,0,0,0
15584,596,0,0,0
15585,596,0,0,0
15586,596,0,0,0
15587,596,0,0,0
15588,596,0,0,0
15589,596,0,0,0
15590,596,0,0,0
15591,596,0,0,0
15592,596,0,0,0
15593,596,0,0,0
15594,596,0,0,0
15595,596,0,0,0
15596,596,0,0,0
15597,596,0,0,0
15598,596,0,0,0
15599,596,0,0,0
15600,596,0,0,0
15601,596,0,0,0
15602,596,0,0,0
15603,596,0,0,0
15604,596,0,0,0
15605,596,0,0,0
15606,596,0,0,0
15607,596,0,0,0
15608,596,0,0,0
15609,596,0,0,0
15610,596,0,0,0
15611,596,0,0,0
15612,596,0,0,0
15613,596,0,0,0
15614,596,0,0,0
15615,596,0,0,0
15616,596,0,0,0
15617,596,0,0,0
15618,596,0,0,0
15619,596,0,0,0
15620,596,0,0,0
15621,596,0,0,0
15622,596,0,0,0
15623,596,0,0,0
15624,596,0,0,0
15625,596,0,0,0
15626,596,0,0,0
15627,573,1,0,23
15628,573,0,0,0
15629,573,0,0,0
15630,573,0,0,0
15631,573,0,0,0
15632,573,0,0,0
15633,573,0,0,0
15634,573,0,0,0
15635,573,0,0,0
15636,573,0,0,0
15637,573,0,0,0
15638,573,0,0,0
15639,573,0,0,0
15640,573,0,0,0
15641,573,0,0,0
15642,573,0,0,0
15643,573,0,0,0
15644,573,0,0,0
15645,573,0,0,0
15646,573,0,0,0
15647,573,0,0,0
15648,573,0,0,0
15649,573,0,0,0
15650,573,0,0,0
15651,573,0,0,0
15652,573,0,0,0
15653,573,0,0,0
15654,573,0,0,0
15655,573,0,0,0
15656,573,0,0,0
15657,573,0,0,0
15658,573,0,0,0
15659,573,0,0,0
15660,573,0,0,0
15661,573,0,0,0
15662,573,0,0,0
15663,573,0,0,0
15664,573,0,0,0
15665,573,0,0,0
15666,573,0,0,0
15667,573,0,0,0
15668,573,0,0,0
15669,573,0,0,0
15670,573,0,0,0
15671,573,0,0,0
15672,573,0,0,0
15673,573,0,0,0
15674,573,0,0,0
15675,573,0,0,0
15676,573,0,0,0
15677,573,0,0,0
15678,573,0,0,0
15679,573,0,0,0
15680,573,0,0,0
15681,573,0,0,0
15682,573,0,0,0
15683,573,0,0,0
15684,573,0,0,0
15685,573,0,0,0
15686,573,0,0,0
15687,594,1,23,2
15688,594,0,0,0
15689,594,0,0,0
15690,594,0,0,0
15691,594,0,0,0
15692,594,0,0,0
15693,594,0,0,0
15694,594,0,0,0
15695,594,0,0,0
15696,594,0,0,0
15697,594,0,0,0
15698,594,0,0,0
15699,594,0,0,0
15700,594,0,0,0
15701,594,0,0,0
15702,594,0,0,0
15703,594,0,0,0
15704,594,0,0,0
15705,594,0,0,0
15706,594,0,0,0
15707,594,0,0,0
15708,594,0,0,0
15709,594,0,0,0
15710,594,0,0,0
15711,594,0,0,0
15712,594,0,0,0
15713,594,0,0,0
15714,594,0,0,0
15715,594,0,0,0
15716,594,0,0,0
15717,594,0,0,0
15718,594,0,0,0
15719,594,0,0,0
15720,594,0,0,0
15721,594,0,0,0
15722,594,0,0,0
15723,594,0,0,0
15724,594,0,0,0
15725,594,0,0,0
15726,594,0,0,0
15727,594,0,0,0
15728,594,0,0,0
15729,594,0,0,0
15730,594,0,0,0
15731,594,0,0,0
15732,594,0,0,0
15733,594,0,0,0
15734,594,0,0,0
15735,594,0,0,0
15736,594,0,0,0
15737,594,0,0,0
15738,594,0,0,0
15739,594,0,0,0
15740,594,0,0,0
15741,594,0,0,0
15742,594,0,0,0
15743,594,0,0,0
15744,594,0,0,0
15745,594,0,0,0
15746,594,0,0,0
15747,596,1,2,0
15748,596,0,0,0
15749,596,0,0,0
15750,596,0,0,0
15751,596,0,0,0
15752,596,0,0,0
15753,596,0,0,0
15754,596,0,0,0
15755,596,0,0,0
15756,596,0,0,0
15757,596,0,0,0
15758,596,0,0,0
15759,596,0,0,0
15760,596,0,0,0
15761,596,0,0,0
15762,596,0,0,0
15763,596,0,0,0
15764,596,0,0,0
15765,596,0,0,0
15766,596,0,0,0
15767,596,0,0,0
15768,596,0,0,0
15769,596,0,0,0
15770,596,0,0,0
15771,596,0,0,0
15772,596,0,0,0
15773,596,0,0,0
15774,596,0,0,0
15775,596,0,0,0
15776,596,0,0,0
15777,596,0,0,0
15778,596,0,0,0
15779,596,0,0,0
15780,596,0,0,0
15781,596,0,0,0
15782,596,0,0,0
15783,596,0,0,0
15784,596,0,0,0
15785,596,0,0,0
15786,596,0,0,0
15787,596,0,0,0
15788,596,0,0,0
15789,596,0,0,0
15790,596,0,0,0
15791,596,0,0,0
15792,596,0,0,0
15793,596,0,0,0
15794,596,0,0,0
15795,596,0,0,0
15796,596,0,0,0
15797,596,0,0,0
15798,596,0,0,0
15799,596,0,0,0
15800,596,0,0,0
15801,596,0,0,0
15802,596,0,0,0
15803,596,0,0,0
15804,596,0,0,0
15805,596,0,0,0
15806,573,1,0,23
15807,573,0,0,0
15808,573,0,0,0
15809,573,0,0,0
15810,573,0,0,0
15811,573,0,0,0
15812,573,0,0,0
15813,573,0,0,0
15814,573,0,0,0
15815,573,0,0,0
15816,573,0,0,0
15817,573,0,0,0
15818,573,0,0,0
15819,573,0,0,0
15820,573,0,0,0
15821,573,0,0,0
15822,573,0,0,0
15823,573,0,0,0
15824,573,0,0,0
15825,573,0,0,0
15826,573,0,0,0
15827,573,0,0,0
15828,573,0,0,0
15829,573,0,0,0
15830,573,0,0,0
15831,573,0,0,0
15832,573,0,0,0
15833,573,0,0,0
15834,573,0,0,0
15835,573,0,0,0
15836,573,0,0,0
15837,573,0,0,0
15838,573,0,0,0
15839,573,0,0,0
15840,573,0,0,0
15841,573,0,0,0
15842,573,0,0,0
15843,573,0,0,0
15844,573,0,0,0
15845,573,0,0,0
15846,573,0,0,0
15847,573,0,0,0
15848,573,0,0,0
15849,573,0,0,0
15850,573,0,0,0
15851,573,0,0,0
15852,573,0,0,0
15853,573,0,0,0
15854,573,0,0,0
15855,573,0,0,0
15856,573,0,0,0
15857,573,0,0,0
15858,573,0,0,0
15859,573,0,0,0
15860,573,0,0,0
15861,573,0,0,0
15862,573,0,0,0
15863,573,0,0,0
15864,573,0,0,0
15865,573,0,0,0
15866,594,1,23,2
15867,594,0,0,0
15868,594,0,0,0
15869,594,0,0,0
15870,594,0,0,0
15871,594,0,0,0
15872,594,0,0,0
15873,594,0,0,0
15874,594,0,0,0
15875,594,0,0,0
15876,594,0,0,0
15877,594,0,0,0
15878,594,0,0,0
15879,594,0,0,0
15880,594,0,0,0
15881,594,0,0,0
15882,594,0,0,0
15883,594,0,0,0
15884,594,0,0,0
15885,594,0,0,0
15886,594,0,0,0
15887,594,0,0,0
15888,594,0,0,0
15889,594,0,0,0
15890,594,0,0,0
15891,594,0,0,0
15892,594,0,0,0
15893,594,0,0,0
15894,594,0,0,0
15895,594,0,0,0
15896,594,0,0,0
15897,594,0,0,0
15898,594,0,0,0
15899,594,0,0,0
15900,594,0,0,0
15901,594,0,0,0
15902,594,0,0,0
15903,594,0,0,0
15904,594,0,0,0
15905,594,0,0,0
15906,594,0,0,0
15907,594,0,0,0
15908,594,0,0,0
15909,594,0,0,0
15910,594,0,0,0
15911,594,0,0,0
15912,594,0,0,0
15913,594,0,0,0
15914,594,0,0,0
15915,594,0,0,0
15916,594,0,0,0
15917,594,0,0,0
15918,594,0,0,0
15919,594,0,0,0
15920,594,0,0,0
15921,594,0,0,0
15922,594,0,0,0
15923,594,0,0,0
15924,594,0,0,0
15925,594,0,0,0
15926,596,1,2,0
15927,596,0,0,0
15928,596,0,0,0
15929,596,0,0,0
15930,596,0,0,0
15931,596,0,0,0
15932,596,0,0,0
15933,596,0,0,0
15934,596,0,0,0
15935,596,0,0,0
15936,596,0,0,0
15937,596,0,0,0
15938,596,0,0,0
15939,596,0,0,0
15940,596,0,0,0
15941,596,0,0,0
15942,596,0,0,0
15943,596,0,0,0
15944,596,0,0,0
15945,596,0,0,0
15946,596,0,0,0
15947,596,0,0,0
15948,596,0,0,0
15949,596,0,0,0
15950,596,0,0,0
15951,596,0,0,0
15952,596,0,0,0
15953,596,0,0,0
15954,596,0,0,0
15955,596,0,0,0
15956,596,0,0,0
15957,596,0,0,0
15958,596,0,0,0
15959,596,0,0,0
15960,596,0,0,0
15961,596,0,0,0
15962,596,0,0,0
15963,596,0,0,0
15964,596,0,0,0
15965,596,0,0,0
15966,596,0,0,0
15967,596,0,0,0
15968,596,0,0,0
15969,596,0,0,0
15970,596,0,0,0
15971,596,0,0,0
15972,596,0,0,0
15973,596,0,0,0
15974,596,0,0,0
15975,596,0,0,0
15976,596,0,0,0
15977,596,0,0,0
15978,596,0,0,0
15979,596,0,0,0
15980,596,0,0,0
15981,596,0,0,0
15982,596,0,0,0
15983,596,0,0,0
15984,596,0,0,0
15985,573,1,0,23
15986,573,0,0,0
15987,573,0,0,0
15988,573,0,0,0
15989,573,0,0,0
15990,573,0,0,0
15991,573,0,0,0
15992,573,0,0,0
15993,573,0,0,0
15994,573,0,0,0
15995,573,0,0,0
15996,573,0,0,0
15997,573,0,0,0
15998,573,0,0,0
15999,573,0,0,0
16000,573,0,0,0
16001,573,0,0,0
16002,573,0,0,0
16003,573,0,0,0
16004,573,0,0,0
16005,573,0,0,0
16006,573,0,0,0
16007,573,0,0,0
16008,573,0,0,0
16009,573,0,0,0
16010,573,0,0,0
16011,573,0,0,0
16012,573,0,0,0
16013,573,0,0,0
16014,573,0,0,0
16015,573,0,0,0
16016,573,0,0,0
16017,573,0,0,0
16018,573,0,0,0
16019,573,0,0,0
16020,573,0,0,0
16021,573,0,0,0
16022,573,0,0,0
16023,573,0,0,0
16024,573,0,0,0
16025,573,0,0,0
16026,573,0,0,0
16027,573,0,0,0
16028,573,0,0,0
16029,573,0,0,0
16030,573,0,0,0
16031,573,0,0,0
16032,573,0,0,0
16033,573,0,0,0
16034,573,0,0,0
16035,573,0,0,0
16036,573,0,0,0
16037,573,0,0,0
16038,573,0,0,0
16039,573,0,0,0
16040,573,0,0,0
16041,573,0,0,0
16042,573,0,0,0
16043,573,0,0,0
16044,573,0,0,0
16045,594,1,23,2
16046,594,0,0,0
16047,594,0,0,0
16048,594,0,0,0
16049,594,0,0,0
16050,594,0,0,0
16051,594,0,0,0
16052,594,0,0,0
16053,594,0,0,0
16054,594,0,0,0
16055,594,0,0,0
16056,594,0,0,0
16057,594,0,0,0
16058,594,0,0,0
16059,594,0,0,0
16060,594,0,0,0
16061,594,0,0,0
16062,594,0,0,0
16063,594,0,0,0
16064,594,0,0,0
16065,594,0,0,0
16066,594,0,0,0
16067,594,0,0,0
16068,594,0,0,0
16069,594,0,0,0
16070,594,0,0,0
16071,594,0,0,0
16072,594,0,0,0
16073,594,0,0,0
16074,594,0,0,0
16075,594,0,0,0
16076,594,0,0,0
16077,594,0,0,0
16078,594,0,0,0
16079,594,0,0,0
16080,594,0,0,0
16081,594,0,0,0
16082,594,0,0,0
16083,594,0,0,0
16084,594,0,0,0
16085,594,0,0,0
16086,594,0,0,0
16087,594,0,0,0
16088,594,0,0,0
16089,594,0,0,0
16090,594,0,0,0
16091,594,0,0,0
16092,594,0,0,0
16093,594,0,0,0
16094,594,0,0,0
16095,594,0,0,0
16096,594,0,0,0
16097,594,0,0,0
16098,594,0,0,0
16099,594,0,0,0
16100,594,0,0,0
16101,594,0,0,0
16102,594,0,0,0
16103,594,0,0,0
16104,594,0,0,0
16105,596,1,2,0
16106,596,0,0,0
16107,596,0,0,0
16108,596,0,0,0
16109,596,0,0,0
16110,596,0,0,0
16111,596,0,0,0
16112,596,0,0,0
16113,596,0,0,0
16114,596,0,0,0
16115,596,0,0,0
16116,596,0,0,0
16117,596,0,0,0
16118,596,0,0,0
16119,596,0,0,0
16120,596,0,0,0
16121,596,0,0,0
16122,596,0,0,0
16123,596,0,0,0
16124,596,0,0,0
16125,596,0,0,0
16126,596,0,0,0
16127,596,0,0,0
16128,596,0,0,0
16129,596,0,0,0
16130,596,0,0,0
16131,596,0,0,0
16132,596,0,0,0
16133,596,0,0,0
16134,596,0,0,0
16135,596,0,0,0
16136,596,0,0,0
16137,596,0,0,0
16138,596,0,0,0
16139,596,0,0,0
16140,596,0,0,0
16141,596,0,0,0
16142,596,0,0,0
16143,596,0,0,0
16144,596,0,0,0
16145,596,0,0,0
16146,596,0,0,0
16147,596,0,0,0
16148,596,0,0,0
16149,596,0,0,0
16150,596,0,0,0
16151,596,0,0,0
16152,596,0,0,0
16153,596,0,0,0
16154,596,0,0,0
16155,596,0,0,0
16156,596,0,0,0
16157,596,0,0,0
16158,596,0,0,0
16159,596,0,0,0
16160,596,0,0,0
16161,596,0,0,0
16162,596,0,0,0
16163,596,0,0,0
16164,573,1,0,23
16165,573,0,0,0
16166,573,0,0,0
16167,573,0,0,0
16168,573,0,0,0
16169,573,0,0,0
16170,573,0,0,0
16171,573,0,0,0
16172,573,0,0,0
16173,573,0,0,0
16174,573,0,0,0
16175,573,0,0,0
16176,573,0,0,0
16177,573,0,0,0
16178,573,0,0,0
16179,573,0,0,0
16180,573,0,0,0
16181,573,0,0,0
16182,573,0,0,0
16183,573,0,0,0
16184,573,0,0,0
16185,573,0,0,0
16186,573,0,0,0
16187,573,0,0,0
16188,573,0,0,0
16189,573,0,0,0
16190,573,0,0,0
16191,573,0,0,0
16192,573,0,0,0
16193,573,0,0,0
16194,573,0,0,0
16195,573,0,0,0
16196,573,0,0,0
16197,573,0,0,0
16198,573,0,0,0
16199,573,0,0,0
16200,573,0,0,0
16201,573,0,0,0
16202,573,0,0,0
16203,573,0,0,0
16204,573,0,0,0
16205,573,0,0,0
16206,573,0,0,0
16207,573,0,0,0
16208,573,0,0,0
16209,573,0,0,0
16210,573,0,0,0
16211,573,0,0,0
16212,573,0,0,0
16213,573,0,0,0
16214,573,0,0,0
16215,573,0,0,0
16216,573,0,0,0
16217,573,0,0,0
16218,573,0,0,0
16219,573,0,0,0
16220,573,0,0,0
16221,573,0,0,0
16222,573,0,0,0
16223,573,0,0,0
16224,594,1,23,2
16225,594,0,0,0
16226,594,0,0,0
16227,594,0,0,0
16228,594,0,0,0
16229,594,0,0,0
16230,594,0,0,0
16231,594,0,0,0
16232,594,0,0,0
16233,594,0,0,0
16234,594,0,0,0
16235,594,0,0,0
16236,594,0,0,0
16237,594,0,0,0
16238,594,0,0,0
16239,594,0,0,0
16240,594,0,0,0
16241,594,0,0,0
16242,594,0,0,0
16243,594,0,0,0
16244,594,0,0,0
16245,594,0,0,0
16246,594,0,0,0
16247,594,0,0,0
16248,594,0,0,0
16249,594,0,0,0
16250,594,0,0,0
16251,594,0,0,0
16252,594,0,0,0
16253,594,0,0,0
16254,594,0,0,0
16255,594,0,0,0
16256,594,0,0,0
16257,594,0,0,0
16258,594,0,0,0
16259,594,0,0,0
16260,594,0,0,0
16261,594,0,0,0
16262,594,0,0,0
16263,594,0,0,0
16264,594,0,0,0
16265,594,0,0,0
16266,594,0,0,0
16267,594,0,0,0
16268,594,0,0,0
16269,594,0,0,0
16270,594,0,0,0
16271,594,0,0,0
16272,594,0,0,0
16273,594,0,0,0
16274,594,0,0,0
16275,594,0,0,0
16276,594,0,0,0
16277,594,0,0,0
16278,594,0,0,0
16279,594,0,0,0
16280,594,0,0,0
16281,594,0,0,0
16282,594,0,0,0
16283,594,0,0,0
16284,596,1,2,0
16285,596,0,0,0
16286,596,0,0,0
16287,596,0,0,0
16288,596,0,0,0
16289,596,0,0,0
16290,596,0,0,0
16291,596,0,0,0
16292,596,0,0,0
16293,596,0,0,0
16294,596,0,0,0
16295,596,0,0,0
16296,596,0,0,0
16297,596,0,0,0
16298,596,0,0,0
16299,596,0,0,0
16300,596,0,0,0
16301,596,0,0,0
16302,596,0,0,0
16303,596,0,0,0
16304,596,0,0,0
16305,596,0,0,0
16306,596,0,0,0
16307,596,0,0,0
16308,596,0,0,0
16309,596,0,0,0
16310,596,0,0,0
16311,596,0,0,0
16312,596,0,0,0
16313,596,0,0,0
16314,596,0,0,0
16315,596,0,0,0
16316,596,0,0,0
16317,596,0,0,0
16318,596,0,0,0
16319,596,0,0,0
16320,596,0,0,0
16321,596,0,0,0
16322,596,0,0,0
16323,596,0,0,0
16324,596,0,0,0
16325,596,0,0,0
16326,596,0,0,0
16327,596,0,0,0
16328,596,0,0,0
16329,596,0,0,0
16330,596,0,0,0
16331,596,0,0,0
16332,596,0,0,0
16333,596,0,0,0
16334,596,0,0,0
16335,596,0,0,0
16336,596,0,0,0
16337,596,0,0,0
16338,596,0,0,0
16339,596,0,0,0
16340,596,0,0,0
16341,596,0,0,0
16342,596,0,0,0
16343,596,0,0,0
16344,596,0,0,0
16345,596,0,0,0
16346,596,0,0,0
16347,596,0,0,0
16348,596,0,0,0
16349,596,0,0,0
16350,596,0,0,0
16351,573,1,0,23
16352,573,0,0,0
16353,573,0,0,0
16354,573,0,0,0
16355,573,0,0,0
16356,573,0,0,0
16357,573,0,0,0
16358,573,0,0,0
16359,573,0,0,0
16360,573,0,0,0
16361,573,0,0,0
16362,573,0,0,0
16363,573,0,0,0
16364,573,0,0,0
16365,573,0,0,0
16366,573,0,0,0
16367,573,0,0,0
16368,573,0,0,0
16369,573,0,0,0
16370,573,0,0,0
16371,573,0,0,0
16372,573,0,0,0
16373,573,0,0,0
16374,573,0,0,0
16375,573,0,0,0
16376,573,0,0,0
16377,573,0,0,0
16378,573,0,0,0
16379,573,0,0,0
16380,573,0,0,0
16381,573,0,0,0
16382,573,0,0,0
16383,573,0,0,0
16384,573,0,0,0
16385,573,0,0,0
16386,573,0,0,0
16387,573,0,0,0
16388,573,0,0,0
16389,573,0,0,0
16390,573,0,0,0
16391,573,0,0,0
16392,573,0,0,0
16393,573,0,0,0
16394,573,0,0,0
16395,573,0,0,0
16396,573,0,0,0
16397,573,0,0,0
16398,573,0,0,0
16399,573,0,0,0
16400,573,0,0,0
16401,573,0,0,0
16402,573,0,0,0
16403,573,0,0,0
16404,573,0,0,0
16405,573,0,0,0
16406,573,0,0,0
16407,573,0,0,0
16408,573,0,0,0
16409,573,0,0,0
16410,573,0,0,0
16411,594,1,23,2
16412,594,0,0,0
16413,594,0,0,0
16414,594,0,0,0
16415,594,0,0,0
16416,594,0,0,0
16417,594,0,0,0
16418,594,0,0,0
16419,594,0,0,0
16420,594,0,0,0
16421,594,0,0,0
16422,594,0,0,0
16423,594,0,0,0
16424,594,0,0,0
16425,594,0,0,0
16426,594,0,0,0
16427,594,0,0,0
16428,594,0,0,0
16429,594,0,0,0
16430,594,0,0,0
16431,594,0,0,0
16432,594,0,0,0
16433,594,0,0,0
16434,594,0,0,0
16435,594,0,0,0
16436,594,0,0,0
16437,594,0,0,0
16438,594,0,0,0
16439,594,0,0,0
16440,594,0,0,0
16441,594,0,0,0
16442,594,0,0,0
16443,594,0,0,0
16444,594,0,0,0
16445,594,0,0,0
16446,594,0,0,0
16447,594,0,0,0
16448,594,0,0,0
16449,594,0,0,0
16450,594,0,0,0
16451,594,0,0,0
16452,594,0,0,0
16453,594,0,0,0
16454,594,0,0,0
16455,594,0,0,0
16456,594,0,0,0
16457,594,0,0,0
16458,594,0,0,0
16459,594,0,0,0
16460,594,0,0,0
16461,594,0,0,0
16462,594,0,0,0
16463,594,0,0,0
16464,594,0,0,0
16465,594,0,0,0
16466,594,0,0,0
16467,594,0,0,0
16468,594,0,0,0
16469,594,0,0,0
16470,594,0,0,0
16471,596,1,2,0
16472,596,0,0,0
16473,596,0,0,0
16474,596,0,0,0
16475,596,0,0,0
16476,596,0,0,0
16477,596,0,0,0
16478,596,0,0,0
16479,596,0,0,0
16480,596,0,0,0
16481,596,0,0,0
16482,596,0,0,0
16483,596,0,0,0
16484,596,0,0,0
16485,596,0,0,0
16486,596,0,0,0
16487,596,0,0,0
16488,596,0,0,0
16489,596,0,0,0
16490,596,0,0,0
16491,596,0,0,0
16492,596,0,0,0
16493,596,0,0,0
16494,596,0,0,0
16495,596,0,0,0
16496,596,0,0,0
16497,596,0,0,0
16498,596,0,0,0
16499,596,0,0,0
16500,596,0,0,0
16501,596,0,0,0
16502,596,0,0,0
16503,596,0,0,0
16504,596,0,0,0
16505,596,0,0,0
16506,596,0,0,0
16507,596,0,0,0
16508,596,0,0,0
16509,596,0,0,0
16510,596,0,0,0
16511,596,0,0,0
16512,596,0,0,0
16513,596,0,0,0
16514,596,0,0,0
16515,596,0,0,0
16516,596,0,0,0
16517,596,0,0,0
16518,596,0,0,0
16519,596,0,0,0
16520,596,0,0,0
16521,596,0,0,0
16522,596,0,0,0
16523,596,0,0,0
16524,596,0,0,0
16525,596,0,0,0
16526,596,0,0,0
16527,596,0,0,0
16528,596,0,0,0
16529,596,0,0,0
16530,596,0,0,0
16531,596,0,0,0
16532,596,0,0,0
16533,596,0,0,0
16534,596,0,0,0
16535,596,0,0,0
16536,596,0,0,0
16537,596,0,0,0
16538,596,0,0,0
16539,573,1,0,23
16540,573,0,0,0
16541,573,0,0,0
16542,573,0,0,0
16543,573,0,0,0
16544,564,1,0,9
16545,564,0,0,0
16546,564,0,0,0
16547,564,0,0,0
16548,564,0,0,0
16549,564,0,0,0
16550,564,0,0,0
16551,564,0,0,0
16552,564,0,0,0
16553,564,0,0,0
16554,564,0,0,0
16555,564,0,0,0
16556,564,0,0,0
16557,564,0,0,0
16558,564,0,0,0
16559,564,0,0,0
16560,564,0,0,0
16561,564,0,0,0
16562,564,0,0,0
16563,564,0,0,0
16564,564,0,0,0
16565,564,0,0,0
16566,564,0,0,0
16567,564,0,0,0
16568,564,0,0,0
16569,564,0,0,0
16570,564,0,0,0
16571,564,0,0,0
16572,564,0,0,0
16573,564,0,0,0
16574,564,0,0,0
16575,564,0,0,0
16576,564,0,0,0
16577,564,0,0,0
16578,564,0,0,0
16579,564,0,0,0
16580,564,0,0,0
16581,564,0,0,0
16582,564,0,0,0
16583,564,0,0,0
16584,564,0,0,0
16585,564,0,0,0
16586,564,0,0,0
16587,564,0,0,0
16588,564,0,0,0
16589,564,0,0,0
16590,564,0,0,0
16591,564,0,0,0
16592,564,0,0,0
16593,564,0,0,0
16594,564,0,0,0
16595,564,0,0,0
16596,564,0,0,0
16597,564,0,0,0
16598,564,0,0,0
16599,584,1,22,2
16600,584,0,0,0
16601,584,0,0,0
16602,584,0,0,0
16603,584,0,0,0
16604,574,1,12,22
16605,574,0,0,0
16606,574,0,0,0
16607,574,0,0,0
16608,574,0,0,0
16609,574,0,0,0
16610,574,0,0,0
16611,574,0,0,0
16612,574,0,0,0
16613,574,0,0,0
16614,574,0,0,0
16615,574,0,0,0
16616,574,0,0,0
16617,574,0,0,0
16618,574,0,0,0
16619,574,0,0,0
16620,574,0,0,0
16621,574,0,0,0
16622,574,0,0,0
16623,574,0,0,0
16624,574,0,0,0
16625,574,0,0,0
16626,574,0,0,0
16627,574,0,0,0
16628,574,0,0,0
16629,574,0,0,0
16630,574,0,0,0
16631,574,0,0,0
16632,574,0,0,0
16633,574,0,0,0
16634,574,0,0,0
16635,574,0,0,0
16636,574,0,0,0
16637,574,0,0,0
16638,574,0,0,0
16639,574,0,0,0
16640,574,0,0,0
16641,574,0,0,0
16642,574,0,0,0
16643,574,0,0,0
16644,574,0,0,0
16645,574,0,0,0
16646,574,0,0,0
16647,574,0,0,0
16648,574,0,0,0
16649,574,0,0,0
16650,574,0,0,0
16651,574,0,0,0
16652,574,0,0,0
16653,574,0,0,0
16654,574,0,0,0
16655,574,0,0,0
16656,574,0,0,0
16657,574,0,0,0
16658,574,0,0,0
16659,574,0,0,0
16660,574,0,0,0
16661,574,0,0,0
16662,574,0,0,0
16663,574,0,0,0
16664,596,1,22,0
16665,596,0,0,0
16666,596,0,0,0
16667,596,0,0,0
16668,596,0,0,0
16669,596,0,0,0
16670,596,0,0,0
16671,596,0,0,0
16672,596,0,0,0
16673,596,0,0,0
16674,596,0,0,0
16675,596,0,0,0
16676,596,0,0,0
16677,596,0,0,0
16678,596,0,0,0
16679,596,0,0,0
16680,596,0,0,0
16681,596,0,0,0
16682,596,0,0,0
16683,596,0,0,0
16684,596,0,0,0
16685,596,0,0,0
16686,596,0,0,0
16687,596,0,0,0
16688,596,0,0,0
16689,596,0,0,0
16690,596,0,0,0
16691,596,0,0,0
16692,596,0,0,0
16693,596,0,0,0
16694,596,0,0,0
16695,596,0,0,0
16696,596,0,0,0
16697,596,0,0,0
16698,596,0,0,0
16699,596,0,0,0
16700,596,0,0,0
16701,596,0,0,0
16702,596,0,0,0
16703,596,0,0,0
16704,596,0,0,0
16705,596,0,0,0
16706,596,0,0,0
16707,596,0,0,0
16708,596,0,0,0
16709,596,0,0,0
16710,596,0,0,0
16711,596,0,0,0
16712,596,0,0,0
16713,596,0,0,0
16714,596,0,0,0
16715,596,0,0,0
16716,596,0,0,0
16717,596,0,0,0
16718,596,0,0,0
16719,596,0,0,0
16720,596,0,0,0
16721,596,0,0,0
16722,596,0,0,0
16723,596,0,0,0
16724,596,0,0,0
16725,596,0,0,0
16726,572,1,0,24
16727,572,0,0,0
16728,572,0,0,0
16729,572,0,0,0
16730,572,0,0,0
16731,572,0,0,0
16732,572,0,0,0
16733,572,0,0,0
16734,572,0,0,0
16735,572,0,0,0
16736,572,0,0,0
16737,572,0,0,0
16738,572,0,0,0
16739,572,0,0,0
16740,572,0,0,0
16741,572,0,0,0
16742,572,0,0,0
16743,572,0,0,0
16744,572,0,0,0
16745,572,0,0,0
16746,572,0,0,0
16747,572,0,0,0
16748,572,0,0,0
16749,572,0,0,0
16750,572,0,0,0
16751,572,0,0,0
16752,572,0,0,0
16753,572,0,0,0
16754,572,0,0,0
16755,572,0,0,0
16756,572,0,0,0
16757,572,0,0,0
16758,572,0,0,0
16759,572,0,0,0
16760,572,0,0,0
16761,572,0,0,0
16762,572,0,0,0
16763,572,0,0,0
16764,572,0,0,0
16765,572,0,0,0
16766,572,0,0,0
16767,572,0,0,0
16768,572,0,0,0
16769,572,0,0,0
16770,572,0,0,0
16771,572,0,0,0
16772,572,0,0,0
16773,572,0,0,0
16774,572,0,0,0
16775,572,0,0,0
16776,572,0,0,0
16777,572,0,0,0
16778,572,0,0,0
16779,572,0,0,0
16780,572,0,0,0
16781,572,0,0,0
16782,572,0,0,0
16783,572,0,0,0
16784,572,0,0,0
16785,572,0,0,0
16786,595,1,24,1
16787,595,0,0,0
16788,595,0,0,0
16789,595,0,0,0
16790,595,0,0,0
16791,595,0,0,0
16792,595,0,0,0
16793,595,0,0,0
16794,595,0,0,0
16795,595,0,0,0
16796,595,0,0,0
16797,595,0,0,0
16798,595,0,0,0
16799,595,0,0,0
16800,595,0,0,0
16801,595,0,0,0
16802,595,0,0,0
16803,595,0,0,0
16804,595,0,0,0
16805,595,0,0,0
16806,595,0,0,0
16807,595,0,0,0
16808,595,0,0,0
16809,595,0,0,0
16810,595,0,0,0
16811,595,0,0,0
16812,595,0,0,0
16813,595,0,0,0
16814,595,0,0,0
16815,595,0,0,0
16816,595,0,0,0
16817,595,0,0,0
16818,595,0,0,0
16819,595,0,0,0
16820,595,0,0,0
16821,595,0,0,0
16822,595,0,0,0
16823,595,0,0,0
16824,595,0,0,0
16825,595,0,0,0
16826,595,0,0,0
16827,595,0,0,0
16828,595,0,0,0
16829,595,0,0,0
16830,595,0,0,0
16831,595,0,0,0
16832,595,0,0,0
16833,595,0,0,0
16834,595,0,0,0
16835,595,0,0,0
16836,595,0,0,0
16837,595,0,0,0
16838,595,0,0,0
16839,595,0,0,0
16840,595,0,0,0
16841,595,0,0,0
16842,595,0,0,0
16843,595,0,0,0
16844,595,0,0,0
16845,595,0,0,0
16846,596,1,1,0
16847,596,0,0,0
16848,596,0,0,0
16849,596,0,0,0
16850,596,0,0,0
16851,596,0,0,0
16852,596,0,0,0
16853,596,0,0,0
16854,596,0,0,0
16855,596,0,0,0
16856,596,0,0,0
16857,596,0,0,0
16858,596,0,0,0
16859,596,0,0,0
16860,596,0,0,0
16861,596,0,0,0
16862,596,0,0,0
16863,596,0,0,0
16864,596,0,0,0
16865,596,0,0,0
16866,596,0,0,0
16867,596,0,0,0
16868,596,0,0,0
16869,596,0,0,0
16870,596,0,0,0
16871,596,0,0,0
16872,596,0,0,0
16873,596,0,0,0
16874,596,0,0,0
16875,596,0,0,0
16876,596,0,0,0
16877,596,0,0,0
16878,596,0,0,0
16879,596,0,0,0
16880,596,0,0,0
16881,596,0,0,0
16882,596,0,0,0
16883,596,0,0,0
16884,596,0,0,0
16885,596,0,0,0
16886,596,0,0,0
16887,596,0,0,0
16888,596,0,0,0
16889,596,0,0,0
16890,596,0,0,0
16891,596,0,0,0
16892,596,0,0,0
16893,596,0,0,0
16894,596,0,0,0
16895,596,0,0,0
16896,596,0,0,0
16897,596,0,0,0
16898,596,0,0,0
16899,596,0,0,0
16900,596,0,0,0
16901,596,0,0,0
16902,596,0,0,0
16903,596,0,0,0
16904,596,0,0,0
16905,596,0,0,0
16906,596,0,0,0
16907,596,0,0,0
16908,596,0,0,0
16909,596,0,0,0
16910,596,0,0,0
16911,572,1,0,24
16912,572,0,0,0
16913,572,0,0,0
16914,572,0,0,0
16915,572,0,0,0
16916,572,0,0,0
16917,572,0,0,0
16918,572,0,0,0
16919,572,0,0,0
16920,572,0,0,0
16921,572,0,0,0
16922,572,0,0,0
16923,572,0,0,0
16924,572,0,0,0
16925,572,0,0,0
16926,572,0,0,0
16927,572,0,0,0
16928,572,0,0,0
16929,572,0,0,0
16930,572,0,0,0
16931,572,0,0,0
16932,572,0,0,0
16933,572,0,0,0
16934,572,0,0,0
16935,572,0,0,0
16936,572,0,0,0
16937,572,0,0,0
16938,572,0,0,0
16939,572,0,0,0
16940,572,0,0,0
16941,572,0,0,0
16942,572,0,0,0
16943,572,0,0,0
16944,572,0,0,0
16945,572,0,0,0
16946,572,0,0,0
16947,572,0,0,0
16948,572,0,0,0
16949,572,0,0,0
16950,572,0,0,0
16951,572,0,0,0
16952,572,0,0,0
16953,572,0,0,0
16954,572,0,0,0
16955,572,0,0,0
16956,572,0,0,0
16957,572,0,0,0
16958,572,0,0,0
16959,572,0,0,0
16960,572,0,0,0
16961,572,0,0,0
16962,572,0,0,0
16963,572,0,0,0
16964,572,0,0,0
16965,572,0,0,0
16966,572,0,0,0
16967,572,0,0,0
16968,572,0,0,0
16969,572,0,0,0
16970,572,0,0,0
16971,594,1,23,1
16972,594,0,0,0
16973,594,0,0,0
16974,594,0,0,0
16975,594,0,0,0
16976,594,0,0,0
16977,594,0,0,0
16978,594,0,0,0
16979,594,0,0,0
16980,594,0,0,0
16981,594,0,0,0
16982,594,0,0,0
16983,594,0,0,0
16984,594,0,0,0
16985,594,0,0,0
16986,594,0,0,0
16987,594,0,0,0
16988,594,0,0,0
16989,594,0,0,0
16990,594,0,0,0
16991,594,0,0,0
16992,594,0,0,0
16993,594,0,0,0
16994,594,0,0,0
16995,594,0,0,0
16996,594,0,0,0
16997,594,0,0,0
16998,594,0,0,0
16999,594,0,0,0
17000,594,1,1,1
17001,594,0,0,0
17002,594,0,0,0
17003,594,0,0,0
17004,594,0,0,0
17005,594,0,0,0
17006,594,0,0,0
17007,594,0,0,0
17008,594,0,0,0
17009,594,0,0,0
17010,594,0,0,0
17011,594,0,0,0
17012,594,0,0,0
17013,594,0,0,0
17014,594,0,0,0
17015,594,0,0,0
17016,594,0,0,0
17017,594,0,0,0
17018,594,0,0,0
17019,594,0,0,0
17020,594,0,0,0
17021,594,0,0,0
17022,594,0,0,0
17023,594,0,0,0
17024,594,0,0,0
17025,594,0,0,0
17026,594,0,0,0
17027,594,0,0,0
17028,594,0,0,0
17029,594,0,0,0
17030,594,0,0,0
17031,595,1,1,0
17032,595,0,0,0
17033,595,0,0,0
17034,595,0,0,0
17035,595,0,0,0
17036,595,0,0,0
17037,595,0,0,0
17038,595,0,0,0
17039,595,0,0,0
17040,595,0,0,0
17041,595,0,0,0
17042,595,0,0,0
17043,595,0,0,0
17044,595,0,0,0
17045,595,0,0,0
17046,595,0,0,0
17047,595,0,0,0
17048,595,0,0,0
17049,595,0,0,0
17050,595,0,0,0
17051,595,0,0,0
17052,595,0,0,0
17053,595,0,0,0
17054,595,0,0,0
17055,595,0,0,0
17056,595,0,0,0
17057,595,0,0,0
17058,595,0,0,0
17059,595,0,0,0
17060,595,1,1,1
17061,595,0,0,0
17062,595,0,0,0
17063,595,0,0,0
17064,595,0,0,0
17065,595,0,0,0
17066,595,0,0,0
17067,595,0,0,0
17068,595,0,0,0
17069,595,0,0,0
17070,595,0,0,0
17071,595,0,0,0
17072,595,0,0,0
17073,595,0,0,0
17074,595,0,0,0
17075,595,0,0,0
17076,595,0,0,0
17077,595,0,0,0
17078,595,0,0,0
17079,595,0,0,0
17080,595,0,0,0
17081,595,0,0,0
17082,595,0,0,0
17083,595,0,0,0
17084,595,0,0,0
17085,595,0,0,0
17086,595,0,0,0
17087,595,0,0,0
17088,595,0,0,0
17089,595,0,0,0
17090,595,0,0,0
17091,595,0,0,0
17092,595,0,0,0
17093,595,0,0,0
17094,595,0,0,0
17095,572,1,0,23
17096,572,0,0,0
17097,572,0,0,0
17098,572,0,0,0
17099,572,0,0,0
17100,572,0,0,0
17101,572,0,0,0
17102,572,0,0,0
17103,572,0,0,0
17104,572,0,0,0
17105,572,0,0,0
17106,572,0,0,0
17107,572,0,0,0
17108,572,0,0,0
17109,572,0,0,0
17110,572,0,0,0
17111,572,0,0,0
17112,572,0,0,0
17113,572,0,0,0
17114,572,0,0,0
17115,572,0,0,0
17116,572,0,0,0
17117,572,0,0,0
17118,572,0,0,0
17119,572,0,0,0
17120,572,0,0,0
17121,572,0,0,0
17122,572,0,0,0
17123,572,0,0,0
17124,572,0,0,0
17125,572,0,0,0
17126,572,0,0,0
17127,572,0,0,0
17128,572,0,0,0
17129,572,0,0,0
17130,572,0,0,0
17131,572,0,0,0
17132,572,0,0,0
17133,572,0,0,0
17134,572,0,0,0
17135,572,0,0,0
17136,572,0,0,0
17137,572,0,0,0
17138,572,0,0,0
17139,572,0,0,0
17140,572,0,0,0
17141,572,0,0,0
17142,572,0,0,0
17143,572,0,0,0
17144,572,0,0,0
17145,572,0,0,0
17146,572,0,0,0
17147,572,0,0,0
17148,572,0,0,0
17149,572,0,0,0
17150,572,0,0,0
17151,572,0,0,0
17152,572,0,0,0
17153,572,0,0,0
17154,572,0,0,0
17155,594,1,23,1
17156,594,0,0,0
17157,594,0,0,0
17158,594,0,0,0
17159,594,0,0,0
17160,594,0,0,0
17161,594,0,0,0
17162,594,0,0,0
17163,594,0,0,0
17164,594,0,0,0
17165,594,0,0,0
17166,594,0,0,0
17167,594,0,0,0
17168,594,0,0,0
17169,594,0,0,0
17170,594,0,0,0
17171,594,0,0,0
17172,594,0,0,0
17173,594,0,0,0
17174,594,0,0,0
17175,594,0,0,0
17176,594,0,0,0
17177,594,0,0,0
17178,594,0,0,0
17179,594,0,0,0
17180,594,1,1,1
17181,594,0,0,0
17182,594,0,0,0
17183,594,0,0,0
17184,594,0,0,0
17185,594,0,0,0
17186,594,0,0,0
17187,594,0,0,0
17188,594,0,0,0
17189,594,0,0,0
17190,594,0,0,0
17191,594,0,0,0
17192,594,0,0,0
17193,594,0,0,0
17194,594,0,0,0
17195,594,0,0,0
17196,594,0,0,0
17197,594,0,0,0
17198,594,0,0,0
17199,594,0,0,0
17200,594,0,0,0
17201,594,0,0,0
17202,594,0,0,0
17203,594,0,0,0
17204,594,0,0,0
17205,594,0,0,0
17206,594,0,0,0
17207,594,0,0,0
17208,594,0,0,0
17209,594,0,0,0
17210,594,0,0,0
17211,594,0,0,0
17212,594,0,0,0
17213,594,0,0,0
17214,594,0,0,0
17215,595,1,1,0
17216,595,0,0,0
17217,595,0,0,0
17218,595,0,0,0
17219,595,0,0,0
17220,595,0,0,0
17221,595,0,0,0
17222,595,0,0,0
17223,595,0,0,0
17224,595,0,0,0
17225,595,0,0,0
17226,595,0,0,0
17227,595,0,0,0
17228,595,0,0,0
17229,595,0,0,0
17230,595,0,0,0
17231,595,0,0,0
17232,595,0,0,0
17233,595,0,0,0
17234,595,0,0,0
17235,595,0,0,0
17236,595,0,0,0
17237,595,0,0,0
17238,595,0,0,0
17239,595,0,0,0
17240,595,1,1,1
17241,595,0,0,0
17242,595,0,0,0
17243,595,0,0,0
17244,595,0,0,0
17245,595,0,0,0
17246,595,0,0,0
17247,595,0,0,0
17248,595,0,0,0
17249,595,0,0,0
17250,595,0,0,0
17251,595,0,0,0
17252,595,0,0,0
17253,595,0,0,0
17254,595,0,0,0
17255,595,0,0,0
17256,595,0,0,0
17257,595,0,0,0
17258,595,0,0,0
17259,595,0,0,0
17260,595,0,0,0
17261,595,0,0,0
17262,595,0,0,0
17263,595,0,0,0
17264,595,0,0,0
17265,595,0,0,0
17266,595,0,0,0
17267,595,0,0,0
17268,595,0,0,0
17269,595,0,0,0
17270,595,0,0,0
17271,595,0,0,0
17272,595,0,0,0
17273,595,0,0,0
17274,595,0,0,0
17275,595,0,0,0
17276,595,0,0,0
17277,595,0,0,0
17278,595,0,0,0
17279,572,1,0,23
17280,572,0,0,0
17281,572,0,0,0
17282,572,0,0,0
17283,572,0,0,0
17284,572,0,0,0
17285,572,0,0,0
17286,572,0,0,0
17287,572,0,0,0
17288,572,0,0,0
17289,572,0,0,0
17290,572,0,0,0
17291,572,0,0,0
17292,572,0,0,0
17293,572,0,0,0
17294,572,0,0,0
17295,572,0,0,0
17296,572,0,0,0
17297,572,0,0,0
17298,572,0,0,0
17299,572,0,0,0
17300,572,0,0,0
17301,572,0,0,0
17302,572,0,0,0
17303,572,0,0,0
17304,572,0,0,0
17305,572,0,0,0
17306,572,0,0,0
17307,572,0,0,0
17308,572,0,0,0
17309,572,0,0,0
17310,572,0,0,0
17311,572,0,0,0
17312,572,0,0,0
17313,572,0,0,0
17314,572,0,0,0
17315,572,0,0,0
17316,572,0,0,0
17317,572,0,0,0
17318,572,0,0,0
17319,572,0,0,0
17320,572,0,0,0
17321,572,0,0,0
17322,572,0,0,0
17323,572,0,0,0
17324,572,0,0,0
17325,572,0,0,0
17326,572,0,0,0
17327,572,0,0,0
17328,572,0,0,0
17329,572,0,0,0
17330,572,0,0,0
17331,572,0,0,0
17332,572,0,0,0
17333,572,0,0,0
17334,572,0,0,0
17335,572,0,0,0
17336,572,0,0,0
17337,572,0,0,0
17338,572,0,0,0
17339,594,1,23,1
17340,594,0,0,0
17341,594,0,0,0
17342,594,0,0,0
17343,594,0,0,0
17344,594,0,0,0
17345,594,0,0,0
17346,594,0,0,0
17347,594,0,0,0
17348,594,0,0,0
17349,594,0,0,0
17350,594,0,0,0
17351,594,0,0,0
17352,594,0,0,0
17353,594,0,0,0
17354,594,0,0,0
17355,594,0,0,0
17356,594,0,0,0
17357,594,0,0,0
17358,594,0,0,0
17359,594,0,0,0
17360,595,1,1,0
17361,595,0,0,0
17362,595,0,0,0
17363,595,0,0,0
17364,595,0,0,0
17365,595,0,0,0
17366,595,0,0,0
17367,595,0,0,0
17368,595,0,0,0
17369,595,0,0,0
17370,595,0,0,0
17371,595,0,0,0
17372,595,0,0,0
17373,595,0,0,0
17374,595,0,0,0
17375,595,0,0,0
17376,595,0,0,0
17377,595,0,0,0
17378,595,0,0,0
17379,595,0,0,0
17380,595,0,0,0
17381,595,0,0,0
17382,595,0,0,0
17383,595,0,0,0
17384,595,0,0,0
17385,595,0,0,0
17386,595,0,0,0
17387,595,0,0,0
17388,595,0,0,0
17389,595,0,0,0
17390,595,0,0,0
17391,595,0,0,0
17392,595,0,0,0
17393,595,0,0,0
17394,595,0,0,0
17395,595,0,0,0
17396,595,0,0,0
17397,595,0,0,0
17398,595,0,0,0
17399,596,1,1,0
17400,596,0,0,0
17401,596,0,0,0
17402,596,0,0,0
17403,596,0,0,0
17404,596,0,0,0
17405,596,0,0,0
17406,596,0,0,0
17407,596,0,0,0
17408,596,0,0,0
17409,596,0,0,0
17410,596,0,0,0
17411,596,0,0,0
17412,596,0,0,0
17413,596,0,0,0
17414,596,0,0,0
17415,596,0,0,0
17416,596,0,0,0
17417,596,0,0,0
17418,596,0,0,0
17419,596,0,0,0
17420,597,1,1,0
17421,597,0,0,0
17422,597,0,0,0
17423,597,0,0,0
17424,597,0,0,0
17425,597,0,0,0
17426,597,0,0,0
17427,597,0,0,0
17428,597,0,0,0
17429,597,0,0,0
17430,597,0,0,0
17431,597,0,0,0
17432,597,0,0,0
17433,597,0,0,0
17434,597,0,0,0
17435,597,0,0,0
17436,597,0,0,0
17437,597,0,0,0
17438,597,0,0,0
17439,597,0,0,0
17440,597,0,0,0
17441,597,0,0,0
17442,597,0,0,0
17443,597,0,0,0
17444,597,0,0,0
17445,597,0,0,0
17446,597,0,0,0
17447,597,0,0,0
17448,597,0,0,0
17449,597,0,0,0
17450,597,0,0,0
17451,597,0,0,0
17452,597,0,0,0
17453,597,0,0,0
17454,597,0,0,0
17455,597,0,0,0
17456,597,0,0,0
17457,597,0,0,0
17458,597,0,0,0
17459,597,0,0,0
17460,597,0,0,0
17461,575,1,0,22
17462,575,0,0,0
17463,575,0,0,0
17464,575,0,0,0
17465,575,0,0,0
17466,575,0,0,0
17467,575,0,0,0
17468,575,0,0,0
17469,575,0,0,0
17470,575,0,0,0
17471,575,0,0,0
17472,575,0,0,0
17473,575,0,0,0
17474,575,0,0,0
17475,575,0,0,0
17476,575,0,0,0
17477,575,0,0,0
17478,575,0,0,0
17479,575,0,0,0
17480,575,0,0,0
17481,575,0,0,0
17482,575,0,0,0
17483,575,0,0,0
17484,575,0,0,0
17485,575,0,0,0
17486,575,0,0,0
17487,575,0,0,0
17488,575,0,0,0
17489,575,0,0,0
17490,575,0,0,0
17491,575,0,0,0
17492,575,0,0,0
17493,575,0,0,0
17494,575,0,0,0
17495,575,0,0,0
17496,575,0,0,0
17497,575,0,0,0
17498,575,0,0,0
17499,575,0,0,0
17500,575,0,0,0
17501,575,0,0,0
17502,575,0,0,0
17503,575,0,0,0
17504,575,0,0,0
17505,575,0,0,0
17506,575,0,0,0
17507,575,0,0,0
17508,575,0,0,0
17509,575,0,0,0
17510,575,0,0,0
17511,575,0,0,0
17512,575,0,0,0
17513,575,0,0,0
17514,575,0,0,0
17515,575,0,0,0
17516,575,0,0,0
17517,575,0,0,0
17518,575,0,0,0
17519,575,0,0,0
17520,575,0,0,0
17521,596,1,22,1
17522,596,0,0,0
17523,596,0,0,0
17524,596,0,0,0
17525,596,0,0,0
17526,596,0,0,0
17527,596,0,0,0
17528,596,0,0,0
17529,596,0,0,0
17530,596,0,0,0
17531,596,0,0,0
17532,596,0,0,0
17533,596,0,0,0
17534,596,0,0,0
17535,596,0,0,0
17536,596,0,0,0
17537,596,0,0,0
17538,596,0,0,0
17539,596,0,0,0
17540,596,0,0,0
17541,596,0,0,0
17542,596,0,0,0
17543,596,0,0,0
17544,596,0,0,0
17545,596,0,0,0
17546,596,0,0,0
17547,596,0,0,0
17548,596,0,0,0
17549,596,0,0,0
17550,596,0,0,0
17551,596,0,0,0
17552,596,0,0,0
17553,596,0,0,0
17554,596,0,0,0
17555,596,0,0,0
17556,596,0,0,0
17557,596,0,0,0
17558,596,0,0,0
17559,596,0,0,0
17560,596,0,0,0
17561,596,0,0,0
17562,596,0,0,0
17563,596,0,0,0
17564,596,0,0,0
17565,596,0,0,0
17566,596,0,0,0
17567,596,0,0,0
17568,596,0,0,0
17569,596,0,0,0
17570,596,0,0,0
17571,596,0,0,0
17572,596,0,0,0
17573,596,0,0,0
17574,596,0,0,0
17575,596,0,0,0
17576,596,0,0,0
17577,596,0,0,0
17578,596,0,0,0
17579,596,0,0,0
17580,596,0,0,0
17581,597,1,1,0
17582,597,0,0,0
17583,597,0,0,0
17584,597,0,0,0
17585,597,0,0,0
17586,597,0,0,0
17587,597,0,0,0
17588,597,0,0,0
17589,597,0,0,0
17590,597,0,0,0
17591,597,0,0,0
17592,597,0,0,0
17593,597,0,0,0
17594,597,0,0,0
17595,597,0,0,0
17596,597,0,0,0
17597,597,0,0,0
17598,597,0,0,0
17599,597,0,0,0
17600,597,0,0,0
17601,597,0,0,0
17602,597,0,0,0
17603,597,0,0,0
17604,597,0,0,0
17605,597,0,0,0
17606,597,0,0,0
17607,597,0,0,0
17608,597,0,0,0
17609,597,0,0,0
17610,597,0,0,0
17611,597,0,0,0
17612,597,0,0,0
17613,597,0,0,0
17614,597,0,0,0
17615,597,0,0,0
17616,597,0,0,0
17617,597,0,0,0
17618,597,0,0,0
17619,597,0,0,0
17620,597,0,0,0
17621,597,0,0,0
17622,597,0,0,0
17623,597,0,0,0
17624,597,0,0,0
17625,597,0,0,0
17626,597,0,0,0
17627,597,0,0,0
17628,597,0,0,0
17629,597,0,0,0
17630,597,0,0,0
17631,597,0,0,0
17632,597,0,0,0
17633,597,0,0,0
17634,597,0,0,0
17635,597,0,0,0
17636,597,0,0,0
17637,597,0,0,0
17638,597,0,0,0
17639,597,0,0,0
17640,597,0,0,0
17641,597,0,0,0
17642,597,0,0,0
17643,575,1,0,22
17644,575,0,0,0
17645,575,0,0,0
17646,575,0,0,0
17647,575,0,0,0
17648,575,0,0,0
17649,575,0,0,0
17650,575,0,0,0
17651,575,0,0,0
17652,575,0,0,0
17653,575,0,0,0
17654,575,0,0,0
17655,575,0,0,0
17656,575,0,0,0
17657,575,0,0,0
17658,575,0,0,0
17659,575,0,0,0
17660,575,0,0,0
17661,575,0,0,0
17662,575,0,0,0
17663,575,0,0,0
17664,575,0,0,0
17665,575,0,0,0
17666,575,0,0,0
17667,575,0,0,0
17668,575,0,0,0
17669,575,0,0,0
17670,575,0,0,0
17671,575,0,0,0
17672,575,0,0,0
17673,575,0,0,0
17674,575,0,0,0
17675,575,0,0,0
17676,575,0,0,0
17677,575,0,0,0
17678,575,0,0,0
17679,575,0,0,0
17680,575,0,0,0
17681,575,0,0,0
17682,575,0,0,0
17683,575,0,0,0
17684,575,0,0,0
17685,575,0,0,0
17686,575,0,0,0
17687,575,0,0,0
17688,575,0,0,0
17689,575,0,0,0
17690,575,0,0,0
17691,575,0,0,0
17692,575,0,0,0
17693,575,0,0,0
17694,575,0,0,0
17695,575,0,0,0
17696,575,0,0,0
17697,575,0,0,0
17698,575,0,0,0
17699,575,0,0,0
17700,575,0,0,0
17701,575,0,0,0
17702,575,0,0,0
17703,596,1,22,1
17704,596,0,0,0
17705,596,0,0,0
17706,596,0,0,0
17707,596,0,0,0
17708,596,0,0,0
17709,596,0,0,0
17710,596,0,0,0
17711,596,0,0,0
17712,596,0,0,0
17713,596,0,0,0
17714,596,0,0,0
17715,596,0,0,0
17716,596,0,0,0
17717,596,0,0,0
17718,596,0,0,0
17719,596,0,0,0
17720,596,0,0,0
17721,596,0,0,0
17722,596,0,0,0
17723,596,0,0,0
17724,596,0,0,0
17725,596,0,0,0
17726,596,0,0,0
17727,596,0,0,0
17728,596,0,0,0
17729,596,0,0,0
17730,596,0,0,0
17731,596,0,0,0
17732,596,0,0,0
17733,596,0,0,0
17734,596,0,0,0
17735,596,0,0,0
17736,596,0,0,0
17737,596,0,0,0
17738,596,0,0,0
17739,596,0,0,0
17740,596,0,0,0
17741,596,0,0,0
17742,596,0,0,0
17743,596,0,0,0
17744,596,0,0,0
17745,596,0,0,0
17746,596,0,0,0
17747,596,0,0,0
17748,596,0,0,0
17749,596,0,0,0
17750,596,0,0,0
17751,596,0,0,0
17752,596,0,0,0
17753,596,0,0,0
17754,596,0,0,0
17755,596,0,0,0
17756,596,0,0,0
17757,596,0,0,0
17758,596,0,0,0
17759,596,0,0,0
17760,596,0,0,0
17761,596,0,0,0
17762,596,0,0,0
17763,597,1,1,0
17764,597,0,0,0
17765,597,0,0,0
17766,597,0,0,0
17767,597,0,0,0
17768,597,0,0,0
17769,597,0,0,0
17770,597,0,0,0
17771,597,0,0,0
17772,597,0,0,0
17773,597,0,0,0
17774,597,0,0,0
17775,597,0,0,0
17776,597,0,0,0
17777,597,0,0,0
17778,597,0,0,0
17779,597,0,0,0
17780,597,0,0,0
17781,597,0,0,0
17782,597,0,0,0
17783,597,0,0,0
17784,597,0,0,0
17785,597,0,0,0
17786,597,0,0,0
17787,597,0,0,0
17788,597,0,0,0
17789,597,0,0,0
17790,597,0,0,0
17791,597,0,0,0
17792,597,0,0,0
17793,597,0,0,0
17794,597,0,0,0
17795,597,0,0,0
17796,597,0,0,0
17797,597,0,0,0
17798,597,0,0,0
17799,597,0,0,0
17800,597,0,0,0
17801,597,0,0,0
17802,597,0,0,0
17803,597,0,0,0
17804,597,0,0,0
17805,597,0,0,0
17806,597,0,0,0
17807,597,0,0,0
17808,597,0,0,0
17809,597,0,0,0
17810,597,0,0,0
17811,597,0,0,0
17812,597,0,0,0
17813,597,0,0,0
17814,597,0,0,0
17815,597,0,0,0
17816,597,0,0,0
17817,597,0,0,0
17818,597,0,0,0
17819,597,0,0,0
17820,597,0,0,0
17821,597,0,0,0
17822,597,0,0,0
17823,597,0,0,0
17824,575,1,0,22
17825,575,0,0,0
17826,575,0,0,0
17827,575,0,0,0
17828,575,0,0,0
17829,575,0,0,0
17830,575,0,0,0
17831,575,0,0,0
17832,575,0,0,0
17833,575,0,0,0
17834,575,0,0,0
17835,575,0,0,0
17836,575,0,0,0
17837,575,0,0,0
17838,575,0,0,0
17839,575,0,0,0
17840,575,0,0,0
17841,575,0,0,0
17842,575,0,0,0
17843,575,0,0,0
17844,575,0,0,0
17845,575,0,0,0
17846,575,0,0,0
17847,575,0,0,0
17848,575,0,0,0
17849,575,0,0,0
17850,575,0,0,0
17851,575,0,0,0
17852,575,0,0,0
17853,575,0,0,0
17854,575,0,0,0
17855,575,0,0,0
17856,575,0,0,0
17857,575,0,0,0
17858,575,0,0,0
17859,575,0,0,0
17860,575,0,0,0
17861,575,0,0,0
17862,575,0,0,0
17863,575,0,0,0
17864,575,0,0,0
17865,575,0,0,0
17866,575,0,0,0
17867,575,0,0,0
17868,575,0,0,0
17869,575,0,0,0
17870,575,0,0,0
17871,575,0,0,0
17872,575,0,0,0
17873,575,0,0,0
17874,575,0,0,0
17875,575,0,0,0
17876,575,0,0,0
17877,575,0,0,0
17878,575,0,0,0
17879,575,0,0,0
17880,575,0,0,0
17881,575,0,0,0
17882,575,0,0,0
17883,575,0,0,0
17884,596,1,22,1
17885,596,0,0,0
17886,596,0,0,0
17887,596,0,0,0
17888,596,0,0,0
17889,596,0,0,0
17890,596,0,0,0
17891,596,0,0,0
17892,596,0,0,0
17893,596,0,0,0
17894,596,0,0,0
17895,596,0,0,0
17896,596,0,0,0
17897,596,0,0,0
17898,596,0,0,0
17899,596,0,0,0
17900,596,0,0,0
17901,596,0,0,0
17902,596,0,0,0
17903,596,0,0,0
17904,596,0,0,0
17905,596,0,0,0
17906,596,0,0,0
17907,596,0,0,0
17908,596,0,0,0
17909,596,0,0,0
17910,596,0,0,0
17911,596,0,0,0
17912,596,0,0,0
17913,596,0,0,0
17914,596,0,0,0
17915,596,0,0,0
17916,596,0,0,0
17917,596,0,0,0
17918,596,0,0,0
17919,596,0,0,0
17920,596,0,0,0
17921,596,0,0,0
17922,596,0,0,0
17923,596,0,0,0
17924,596,0,0,0
17925,596,0,0,0
17926,596,0,0,0
17927,596,0,0,0
17928,596,0,0,0
17929,596,0,0,0
17930,596,0,0,0
17931,596,0,0,0
17932,596,0,0,0
17933,596,0,0,0
17934,596,0,0,0
17935,596,0,0,0
17936,596,0,0,0
17937,596,0,0,0
17938,596,0,0,0
17939,596,0,0,0
17940,596,0,0,0
17941,596,0,0,0
17942,596,0,0,0
17943,596,0,0,0
17944,597,1,1,0
17945,597,0,0,0
17946,597,0,0,0
17947,597,0,0,0
17948,597,0,0,0
17949,597,0,0,0
17950,597,0,0,0
17951,597,0,0,0
17952,597,0,0,0
17953,597,0,0,0
17954,597,0,0,0
17955,597,0,0,0
17956,597,0,0,0
17957,597,0,0,0
17958,597,0,0,0
17959,597,0,0,0
17960,597,0,0,0
17961,597,0,0,0
17962,597,0,0,0
17963,597,0,0,0
17964,597,0,0,0
17965,597,0,0,0
17966,597,0,0,0
17967,597,0,0,0
17968,597,0,0,0
17969,597,0,0,0
17970,597,0,0,0
17971,597,0,0,0
17972,597,0,0,0
17973,597,0,0,0
17974,597,0,0,0
17975,597,0,0,0
17976,597,0,0,0
17977,597,0,0,0
17978,597,0,0,0
17979,597,0,0,0
17980,597,0,0,0
17981,597,0,0,0
17982,597,0,0,0
17983,597,0,0,0
17984,597,0,0,0
17985,597,0,0,0
17986,597,0,0,0
17987,597,0,0,0
17988,597,0,0,0
17989,597,0,0,0
17990,597,0,0,0
17991,597,0,0,0
17992,597,0,0,0
17993,597,0,0,0
17994,597,0,0,0
17995,597,0,0,0
17996,597,0,0,0
17997,597,0,0,0
17998,597,0,0,0
17999,597,0,0,0
18000,597,0,0,0
18001,597,0,0,0
18002,597,0,0,0
18003,597,0,0,0
18004,597,0,0,0
18005,575,1,0,22
18006,575,0,0,0
18007,575,0,0,0
18008,575,0,0,0
18009,575,0,0,0
18010,575,0,0,0
18011,575,0,0,0
18012,575,0,0,0
18013,575,0,0,0
18014,575,0,0,0
18015,575,0,0,0
18016,575,0,0,0
18017,575,0,0,0
18018,575,0,0,0
18019,575,0,0,0
18020,575,0,0,0
18021,575,0,0,0
18022,575,0,0,0
18023,575,0,0,0
18024,575,0,0,0
18025,575,0,0,0
18026,575,0,0,0
18027,575,0,0,0
18028,575,0,0,0
18029,575,0,0,0
18030,575,0,0,0
18031,575,0,0,0
18032,575,0,0,0
18033,575,0,0,0
18034,575,0,0,0
18035,575,0,0,0
18036,575,0,0,0
18037,575,0,0,0
18038,575,0,0,0
18039,575,0,0,0
18040,575,0,0,0
18041,575,0,0,0
18042,575,0,0,0
18043,575,0,0,0
18044,575,0,0,0
18045,575,0,0,0
18046,575,0,0,0
18047,575,0,0,0
18048,575,0,0,0
18049,575,0,0,0
18050,575,0,0,0
18051,575,0,0,0
18052,575,0,0,0
18053,575,0,0,0
18054,575,0,0,0
18055,575,0,0,0
18056,575,0,0,0
18057,575,0,0,0
18058,575,0,0,0
18059,575,0,0,0
18060,575,0,0,0
18061,575,0,0,0
18062,575,0,0,0
18063,575,0,0,0
18064,575,0,0,0
18065,596,1,22,1
18066,596,0,0,0
18067,596,0,0,0
18068,596,0,0,0
18069,596,0,0,0
18070,596,0,0,0
18071,596,0,0,0
18072,596,0,0,0
18073,596,0,0,0
18074,596,0,0,0
18075,596,0,0,0
18076,596,0,0,0
18077,596,0,0,0
18078,596,0,0,0
18079,596,0,0,0
18080,596,0,0,0
18081,596,0,0,0
18082,596,0,0,0
18083,596,0,0,0
18084,596,0,0,0
18085,596,0,0,0
18086,596,0,0,0
18087,596,0,0,0
18088,596,0,0,0
18089,596,0,0,0
18090,596,0,0,0
18091,596,0,0,0
18092,596,0,0,0
18093,596,0,0,0
18094,596,0,0,0
18095,596,0,0,0
18096,596,0,0,0
18097,596,0,0,0
18098,596,0,0,0
18099,596,0,0,0
18100,596,0,0,0
18101,596,0,0,0
18102,596,0,0,0
18103,596,0,0,0
18104,596,0,0,0
18105,596,0,0,0
18106,596,0,0,0
18107,596,0,0,0
18108,596,0,0,0
18109,596,0,0,0
18110,596,0,0,0
18111,596,0,0,0
18112,596,0,0,0
18113,596,0,0,0
18114,596,0,0,0
18115,596,0,0,0
18116,596,0,0,0
18117,596,0,0,0
18118,596,0,0,0
18119,596,0,0,0
18120,596,0,0,0
18121,596,0,0,0
18122,596,0,0,0
18123,596,0,0,0
18124,596,0,0,0
18125,597,1,1,0
18126,597,0,0,0
18127,597,0,0,0
18128,597,0,0,0
18129,597,0,0,0
18130,597,0,0,0
18131,597,0,0,0
18132,597,0,0,0
18133,597,0,0,0
18134,597,0,0,0
18135,597,0,0,0
18136,597,0,0,0
18137,597,0,0,0
18138,597,0,0,0
18139,597,0,0,0
18140,597,0,0,0
18141,597,0,0,0
18142,597,0,0,0
18143,597,0,0,0
18144,597,0,0,0
18145,597,0,0,0
18146,597,0,0,0
18147,597,0,0,0
18148,597,0,0,0
18149,597,0,0,0
18150,597,0,0,0
18151,597,0,0,0
18152,597,0,0,0
18153,597,0,0,0
18154,597,0,0,0
18155,597,0,0,0
18156,597,0,0,0
18157,597,0,0,0
18158,597,0,0,0
18159,597,0,0,0
18160,597,0,0,0
18161,597,0,0,0
18162,597,0,0,0
18163,597,0,0,0
18164,597,0,0,0
18165,597,0,0,0
18166,597,0,0,0
18167,597,0,0,0
18168,597,0,0,0
18169,597,0,0,0
18170,597,0,0,0
18171,597,0,0,0
18172,597,0,0,0
18173,597,0,0,0
18174,597,0,0,0
18175,597,0,0,0
18176,597,0,0,0
18177,597,0,0,0
18178,597,0,0,0
18179,597,0,0,0
18180,597,0,0,0
18181,597,0,0,0
18182,597,0,0,0
18183,597,0,0,0
18184,597,0,0,0
18185,575,1,0,22
18186,575,0,0,0
18187,575,0,0,0
18188,575,0,0,0
18189,575,0,0,0
18190,575,0,0,0
18191,575,0,0,0
18192,575,0,0,0
18193,575,0,0,0
18194,575,0,0,0
18195,575,0,0,0
18196,575,0,0,0
18197,575,0,0,0
18198,575,0,0,0
18199,575,0,0,0
18200,575,0,0,0
18201,575,0,0,0
18202,575,0,0,0
18203,575,0,0,0
18204,575,0,0,0
18205,575,0,0,0
18206,575,0,0,0
18207,575,0,0,0
18208,575,0,0,0
18209,575,0,0,0
18210,575,0,0,0
18211,575,0,0,0
18212,575,0,0,0
18213,575,0,0,0
18214,575,0,0,0
18215,575,0,0,0
18216,575,0,0,0
18217,575,0,0,0
18218,575,0,0,0
18219,575,0,0,0
18220,575,0,0,0
18221,575,0,0,0
18222,575,0,0,0
18223,575,0,0,0
18224,575,0,0,0
18225,575,0,0,0
18226,575,0,0,0
18227,575,0,0,0
18228,575,0,0,0
18229,575,0,0,0
18230,575,0,0,0
18231,575,0,0,0
18232,575,0,0,0
18233,575,0,0,0
18234,575,0,0,0
18235,575,0,0,0
18236,575,0,0,0
18237,575,0,0,0
18238,575,0,0,0
18239,575,0,0,0
18240,575,0,0,0
18241,575,0,0,0
18242,575,0,0,0
18243,575,0,0,0
18244,575,0,0,0
18245,596,1,22,1
18246,596,0,0,0
18247,596,0,0,0
18248,596,0,0,0
18249,596,0,0,0
18250,596,0,0,0
18251,596,0,0,0
18252,596,0,0,0
18253,596,0,0,0
18254,596,0,0,0
18255,596,0,0,0
18256,596,0,0,0
18257,596,0,0,0
18258,596,0,0,0
18259,596,0,0,0
18260,596,0,0,0
18261,596,0,0,0
18262,596,0,0,0
18263,596,0,0,0
18264,596,0,0,0
18265,596,0,0,0
18266,596,0,0,0
18267,596,0,0,0
18268,596,0,0,0
18269,596,0,0,0
18270,596,0,0,0
18271,596,0,0,0
18272,596,0,0,0
18273,596,0,0,0
18274,596,0,0,0
18275,596,0,0,0
18276,596,0,0,0
18277,596,0,0,0
18278,596,0,0,0
18279,596,0,0,0
18280,596,0,0,0
18281,596,0,0,0
18282,596,0,0,0
18283,596,0,0,0
18284,596,0,0,0
18285,596,0,0,0
18286,596,0,0,0
18287,596,0,0,0
18288,596,0,0,0
18289,596,0,0,0
18290,596,0,0,0
18291,596,0,0,0
18292,596,0,0,0
18293,596,0,0,0
18294,596,0,0,0
18295,596,0,0,0
18296,596,0,0,0
18297,596,0,0,0
18298,596,0,0,0
18299,596,0,0,0
18300,596,0,0,0
18301,596,0,0,0
18302,596,0,0,0
18303,596,0,0,0
18304,596,0,0,0
18305,597,1,1,0
18306,597,0,0,0
18307,597,0,0,0
18308,597,0,0,0
18309,597,0,0,0
18310,597,0,0,0
18311,597,0,0,0
18312,597,0,0,0
18313,597,0,0,0
18314,597,0,0,0
18315,597,0,0,0
18316,597,0,0,0
18317,597,0,0,0
18318,597,0,0,0
18319,597,0,0,0
18320,597,0,0,0
18321,597,0,0,0
18322,597,0,0,0
18323,597,0,0,0
18324,597,0,0,0
18325,597,0,0,0
18326,597,0,0,0
18327,597,0,0,0
18328,597,0,0,0
18329,597,0,0,0
18330,597,0,0,0
18331,597,0,0,0
18332,597,0,0,0
18333,597,0,0,0
18334,597,0,0,0
18335,597,0,0,0
18336,578,1,0,19
18337,578,0,0,0
18338,578,0,0,0
18339,578,0,0,0
18340,578,0,0,0
18341,578,0,0,0
18342,578,0,0,0
18343,578,0,0,0
18344,578,0,0,0
18345,578,0,0,0
18346,578,0,0,0
18347,578,0,0,0
18348,578,0,0,0
18349,578,0,0,0
18350,578,0,0,0
18351,578,0,0,0
18352,578,0,0,0
18353,578,0,0,0
18354,578,0,0,0
18355,578,0,0,0
18356,578,0,0,0
18357,578,0,0,0
18358,578,0,0,0
18359,578,0,0,0
18360,578,0,0,0
18361,578,0,0,0
18362,578,0,0,0
18363,578,0,0,0
18364,566,1,0,12
18365,566,0,0,0
18366,566,0,0,0
18367,566,0,0,0
18368,566,0,0,0
18369,566,0,0,0
18370,566,0,0,0
18371,566,0,0,0
18372,566,0,0,0
18373,566,0,0,0
18374,566,0,0,0
18375,566,0,0,0
18376,566,0,0,0
18377,566,0,0,0
18378,566,0,0,0
18379,566,0,0,0
18380,566,0,0,0
18381,566,0,0,0
18382,566,0,0,0
18383,566,0,0,0
18384,566,0,0,0
18385,566,0,0,0
18386,566,0,0,0
18387,566,0,0,0
18388,566,0,0,0
18389,566,0,0,0
18390,566,0,0,0
18391,566,0,0,0
18392,566,0,0,0
18393,566,0,0,0
18394,566,0,0,0
18395,566,0,0,0
18396,575,1,19,10
18397,575,0,0,0
18398,575,0,0,0
18399,575,0,0,0
18400,575,0,0,0
18401,575,0,0,0
18402,575,0,0,0
18403,575,0,0,0
18404,575,0,0,0
18405,575,0,0,0
18406,575,0,0,0
18407,575,0,0,0
18408,575,0,0,0
18409,575,0,0,0
18410,575,0,0,0
18411,575,0,0,0
18412,575,0,0,0
18413,575,0,0,0
18414,575,0,0,0
18415,575,0,0,0
18416,575,0,0,0
18417,575,0,0,0
18418,575,0,0,0
18419,575,0,0,0
18420,575,0,0,0
18421,575,0,0,0
18422,575,0,0,0
18423,575,0,0,0
18424,596,1,22,1
18425,596,0,0,0
18426,596,0,0,0
18427,596,0,0,0
18428,596,0,0,0
18429,596,0,0,0
18430,596,0,0,0
18431,596,0,0,0
18432,596,0,0,0
18433,596,0,0,0
18434,596,0,0,0
18435,596,0,0,0
18436,596,0,0,0
18437,596,0,0,0
18438,596,0,0,0
18439,596,0,0,0
18440,596,0,0,0
18441,596,0,0,0
18442,596,0,0,0
18443,596,0,0,0
18444,596,0,0,0
18445,596,0,0,0
18446,596,0,0,0
18447,596,0,0,0
18448,596,0,0,0
18449,596,0,0,0
18450,596,0,0,0
18451,596,0,0,0
18452,596,0,0,0
18453,596,0,0,0
18454,596,0,0,0
18455,596,0,0,0
18456,596,0,0,0
18457,596,0,0,0
18458,596,0,0,0
18459,596,0,0,0
18460,596,0,0,0
18461,596,0,0,0
18462,596,0,0,0
18463,596,0,0,0
18464,596,0,0,0
18465,596,0,0,0
18466,596,0,0,0
18467,596,0,0,0
18468,596,0,0,0
18469,596,0,0,0
18470,596,0,0,0
18471,596,0,0,0
18472,596,0,0,0
18473,596,0,0,0
18474,596,0,0,0
18475,596,0,0,0
18476,596,0,0,0
18477,596,0,0,0
18478,596,0,0,0
18479,596,0,0,0
18480,596,0,0,0
18481,596,0,0,0
18482,596,0,0,0
18483,596,0,0,0
18484,597,1,1,0
18485,597,0,0,0
18486,597,0,0,0
18487,597,0,0,0
18488,597,0,0,0
18489,597,0,0,0
18490,597,0,0,0
18491,597,0,0,0
18492,597,0,0,0
18493,597,0,0,0
18494,597,0,0,0
18495,597,0,0,0
18496,597,0,0,0
18497,597,0,0,0
18498,597,0,0,0
18499,597,0,0,0
18500,597,0,0,0
18501,597,0,0,0
18502,597,0,0,0
18503,597,0,0,0
18504,597,0,0,0
18505,597,0,0,0
18506,597,0,0,0
18507,597,0,0,0
18508,597,0,0,0
18509,597,0,0,0
18510,597,0,0,0
18511,597,0,0,0
18512,597,0,0,0
18513,597,0,0,0
18514,597,0,0,0
18515,597,0,0,0
18516,597,0,0,0
18517,597,0,0,0
18518,597,0,0,0
18519,597,0,0,0
18520,597,0,0,0
18521,597,0,0,0
18522,597,0,0,0
18523,597,0,0,0
18524,597,0,0,0
18525,597,0,0,0
18526,597,0,0,0
18527,597,0,0,0
18528,597,0,0,0
18529,597,0,0,0
18530,597,0,0,0
18531,597,0,0,0
18532,597,0,0,0
18533,597,0,0,0
18534,597,0,0,0
18535,597,0,0,0
18536,597,0,0,0
18537,597,0,0,0
18538,597,0,0,0
18539,597,0,0,0
18540,597,0,0,0
18541,597,0,0,0
18542,597,0,0,0
18543,575,1,0,22
18544,575,0,0,0
18545,575,0,0,0
18546,575,0,0,0
18547,575,0,0,0
18548,575,0,0,0
18549,575,0,0,0
18550,575,0,0,0
18551,575,0,0,0
18552,575,0,0,0
18553,575,0,0,0
18554,575,0,0,0
18555,575,0,0,0
18556,575,0,0,0
18557,575,0,0,0
18558,575,0,0,0
18559,575,0,0,0
18560,575,0,0,0
18561,575,0,0,0
18562,575,0,0,0
18563,575,0,0,0
18564,575,0,0,0
18565,575,0,0,0
18566,575,0,0,0
18567,575,0,0,0
18568,575,0,0,0
18569,575,0,0,0
18570,575,0,0,0
18571,575,0,0,0
18572,575,0,0,0
18573,575,0,0,0
18574,575,0,0,0
18575,575,0,0,0
18576,575,0,0,0
18577,575,0,0,0
18578,575,0,0,0
18579,575,0,0,0
18580,575,0,0,0
18581,575,0,0,0
18582,575,0,0,0
18583,575,0,0,0
18584,575,0,0,0
18585,575,0,0,0
18586,575,0,0,0
18587,575,0,0,0
18588,575,0,0,0
18589,575,0,0,0
18590,575,0,0,0
18591,575,0,0,0
18592,575,0,0,0
18593,575,0,0,0
18594,575,0,0,0
18595,575,0,0,0
18596,575,0,0,0
18597,575,0,0,0
18598,575,0,0,0
18599,575,0,0,0
18600,575,0,0,0
18601,575,0,0,0
18602,575,0,0,0
18603,596,1,22,1
18604,596,0,0,0
18605,596,0,0,0
18606,596,0,0,0
18607,596,0,0,0
18608,596,0,0,0
18609,596,0,0,0
18610,596,0,0,0
18611,596,0,0,0
18612,596,0,0,0
18613,596,0,0,0
18614,596,0,0,0
18615,596,0,0,0
18616,596,0,0,0
18617,596,0,0,0
18618,596,0,0,0
18619,596,0,0,0
18620,596,0,0,0
18621,596,0,0,0
18622,596,0,0,0
18623,596,0,0,0
18624,596,0,0,0
18625,596,0,0,0
18626,596,0,0,0
18627,596,0,0,0
18628,596,0,0,0
18629,596,0,0,0
18630,596,0,0,0
18631,596,0,0,0
18632,596,0,0,0
18633,596,0,0,0
18634,596,0,0,0
18635,596,0,0,0
18636,596,0,0,0
18637,596,0,0,0
18638,596,0,0,0
18639,596,0,0,0
18640,596,0,0,0
18641,596,0,0,0
18642,596,0,0,0
18643,596,0,0,0
18644,596,0,0,0
18645,596,0,0,0
18646,596,0,0,0
18647,596,0,0,0
18648,596,0,0,0
18649,596,0,0,0
18650,596,0,0,0
18651,596,0,0,0
18652,596,0,0,0
18653,596,0,0,0
18654,596,0,0,0
18655,596,0,0,0
18656,596,0,0,0
18657,596,0,0,0
18658,596,0,0,0
18659,596,0,0,0
18660,596,0,0,0
18661,596,0,0,0
18662,596,0,0,0
18663,597,1,1,0
18664,597,0,0,0
18665,597,0,0,0
18666,597,0,0,0
18667,597,0,0,0
18668,597,0,0,0
18669,597,0,0,0
18670,597,0,0,0
18671,597,0,0,0
18672,597,0,0,0
18673,597,0,0,0
18674,597,0,0,0
18675,597,0,0,0
18676,597,0,0,0
18677,597,0,0,0
18678,597,0,0,0
18679,597,0,0,0
18680,597,0,0,0
18681,597,0,0,0
18682,597,0,0,0
18683,597,0,0,0
18684,597,0,0,0
18685,597,0,0,0
18686,597,0,0,0
18687,597,0,0,0
18688,597,0,0,0
18689,597,0,0,0
18690,597,0,0,0
18691,597,0,0,0
18692,597,0,0,0
18693,597,0,0,0
18694,597,0,0,0
18695,597,0,0,0
18696,597,0,0,0
18697,597,0,0,0
18698,597,0,0,0
18699,597,0,0,0
18700,597,0,0,0
18701,597,0,0,0
18702,597,0,0,0
18703,597,0,0,0
18704,597,0,0,0
18705,597,0,0,0
18706,597,0,0,0
18707,597,0,0,0
18708,597,0,0,0
18709,597,0,0,0
18710,597,0,0,0
18711,597,0,0,0
18712,597,0,0,0
18713,597,0,0,0
18714,597,0,0,0
18715,597,0,0,0
18716,597,0,0,0
18717,597,0,0,0
18718,597,0,0,0
18719,597,0,0,0
18720,597,0,0,0
18721,575,1,0,22
18722,575,0,0,0
18723,575,0,0,0
18724,575,0,0,0
18725,575,0,0,0
18726,575,0,0,0
18727,575,0,0,0
18728,575,0,0,0
18729,575,0,0,0
18730,575,0,0,0
18731,575,0,0,0
18732,575,0,0,0
18733,575,0,0,0
18734,575,0,0,0
18735,575,0,0,0
18736,575,0,0,0
18737,575,0,0,0
18738,575,0,0,0
18739,575,0,0,0
18740,575,0,0,0
18741,575,0,0,0
18742,575,0,0,0
18743,575,0,0,0
18744,575,0,0,0
18745,575,0,0,0
18746,575,0,0,0
18747,575,0,0,0
18748,575,0,0,0
18749,575,0,0,0
18750,575,0,0,0
18751,575,0,0,0
18752,575,0,0,0
18753,575,0,0,0
18754,575,0,0,0
18755,575,0,0,0
18756,575,0,0,0
18757,575,0,0,0
18758,575,0,0,0
18759,575,0,0,0
18760,575,0,0,0
18761,575,0,0,0
18762,575,0,0,0
18763,575,0,0,0
18764,575,0,0,0
18765,575,0,0,0
18766,575,0,0,0
18767,575,0,0,0
18768,575,0,0,0
18769,575,0,0,0
18770,575,0,0,0
18771,575,0,0,0
18772,575,0,0,0
18773,575,0,0,0
18774,575,0,0,0
18775,575,0,0,0
18776,575,0,0,0
18777,575,0,0,0
18778,575,0,0,0
18779,575,0,0,0
18780,575,0,0,0
18781,596,1,22,1
18782,596,0,0,0
18783,596,0,0,0
18784,596,0,0,0
18785,596,0,0,0
18786,596,0,0,0
18787,596,0,0,0
18788,596,0,0,0
18789,596,0,0,0
18790,596,0,0,0
18791,596,0,0,0
18792,596,0,0,0
18793,596,0,0,0
18794,596,0,0,0
18795,596,0,0,0
18796,596,0,0,0
18797,596,0,0,0
18798,596,0,0,0
18799,596,0,0,0
18800,596,0,0,0
18801,596,0,0,0
18802,596,0,0,0
18803,596,0,0,0
18804,596,0,0,0
18805,596,0,0,0
18806,596,0,0,0
18807,596,0,0,0
18808,596,0,0,0
18809,596,0,0,0
18810,596,0,0,0
18811,596,0,0,0
18812,596,0,0,0
18813,596,0,0,0
18814,596,0,0,0
18815,596,0,0,0
18816,596,0,0,0
18817,596,0,0,0
18818,596,0,0,0
18819,596,0,0,0
18820,596,0,0,0
18821,596,0,0,0
18822,596,0,0,0
18823,596,0,0,0
18824,596,0,0,0
18825,596,0,0,0
18826,596,0,0,0
18827,596,0,0,0
18828,596,0,0,0
18829,596,0,0,0
18830,596,0,0,0
18831,596,0,0,0
18832,596,0,0,0
18833,596,0,0,0
18834,596,0,0,0
18835,596,0,0,0
18836,596,0,0,0
18837,596,0,0,0
18838,596,0,0,0
18839,596,0,0,0
18840,596,0,0,0
18841,597,1,1,0
18842,597,0,0,0
18843,597,0,0,0
18844,597,0,0,0
18845,597,0,0,0
18846,597,0,0,0
18847,597,0,0,0
18848,597,0,0,0
18849,597,0,0,0
18850,597,0,0,0
18851,597,0,0,0
18852,597,0,0,0
18853,597,0,0,0
18854,597,0,0,0
18855,597,0,0,0
18856,597,0,0,0
18857,597,0,0,0
18858,597,0,0,0
18859,597,0,0,0
18860,597,0,0,0
18861,597,0,0,0
18862,597,0,0,0
18863,597,0,0,0
18864,597,0,0,0
18865,597,0,0,0
18866,597,0,0,0
18867,597,0,0,0
18868,597,0,0,0
18869,597,0,0,0
18870,597,0,0,0
18871,597,0,0,0
18872,597,0,0,0
18873,597,0,0,0
18874,597,0,0,0
18875,597,0,0,0
18876,597,0,0,0
18877,597,0,0,0
18878,597,0,0,0
18879,597,0,0,0
18880,597,0,0,0
18881,597,0,0,0
18882,597,0,0,0
18883,597,0,0,0
18884,597,0,0,0
18885,597,0,0,0
18886,597,0,0,0
18887,597,0,0,0
18888,597,0,0,0
18889,597,0,0,0
18890,597,0,0,0
18891,597,0,0,0
18892,597,0,0,0
18893,597,0,0,0
18894,597,0,0,0
18895,597,0,0,0
18896,597,0,0,0
18897,597,0,0,0
18898,597,0,0,0
18899,575,1,0,22
18900,575,0,0,0
18901,575,0,0,0
18902,575,0,0,0
18903,575,0,0,0
18904,575,0,0,0
18905,575,0,0,0
18906,575,0,0,0
18907,575,0,0,0
18908,575,0,0,0
18909,575,0,0,0
18910,575,0,0,0
18911,575,0,0,0
18912,575,0,0,0
18913,575,0,0,0
18914,575,0,0,0
18915,575,0,0,0
18916,575,0,0,0
18917,575,0,0,0
18918,575,0,0,0
18919,575,0,0,0
18920,575,0,0,0
18921,575,0,0,0
18922,575,0,0,0
18923,575,0,0,0
18924,575,0,0,0
18925,575,0,0,0
18926,575,0,0,0
18927,575,0,0,0
18928,575,0,0,0
18929,575,0,0,0
18930,575,0,0,0
18931,575,0,0,0
18932,575,0,0,0
18933,575,0,0,0
18934,575,0,0,0
18935,575,0,0,0
18936,575,0,0,0
18937,575,0,0,0
18938,575,0,0,0
18939,575,0,0,0
18940,575,0,0,0
18941,575,0,0,0
18942,575,0,0,0
18943,575,0,0,0
18944,575,0,0,0
18945,575,0,0,0
18946,575,0,0,0
18947,575,0,0,0
18948,575,0,0,0
18949,575,0,0,0
18950,575,0,0,0
18951,575,0,0,0
18952,575,0,0,0
18953,575,0,0,0
18954,575,0,0,0
18955,575,0,0,0
18956,575,0,0,0
18957,575,0,0,0
18958,575,0,0,0
18959,596,1,22,1
18960,596,0,0,0
18961,596,0,0,0
18962,596,0,0,0
18963,596,0,0,0
18964,596,0,0,0
18965,596,0,0,0
18966,596,0,0,0
18967,596,0,0,0
18968,596,0,0,0
18969,596,0,0,0
18970,596,0,0,0
18971,596,0,0,0
18972,596,0,0,0
18973,596,0,0,0
18974,596,0,0,0
18975,596,0,0,0
18976,596,0,0,0
18977,596,0,0,0
18978,596,0,0,0
18979,596,0,0,0
18980,596,0,0,0
18981,596,0,0,0
18982,596,0,0,0
18983,596,0,0,0
18984,596,0,0,0
18985,596,0,0,0
18986,596,0,0,0
18987,596,0,0,0
18988,596,0,0,0
18989,596,0,0,0
18990,596,0,0,0
18991,596,0,0,0
18992,596,0,0,0
18993,596,0,0,0
18994,596,0,0,0
18995,596,0,0,0
18996,596,0,0,0
18997,596,0,0,0
18998,596,0,0,0
18999,596,0,0,0
19000,596,0,0,0
19001,596,0,0,0
19002,596,0,0,0
19003,596,0,0,0
19004,596,0,0,0
19005,596,0,0,0
19006,596,0,0,0
19007,596,0,0,0
19008,596,0,0,0
19009,596,0,0,0
19010,596,0,0,0
19011,596,0,0,0
19012,596,0,0,0
19013,596,0,0,0
19014,596,0,0,0
19015,596,0,0,0
19016,596,0,0,0
19017,596,0,0,0
19018,596,0,0,0
19019,597,1,1,0
19020,597,0,0,0
19021,597,0,0,0
19022,597,0,0,0
19023,597,0,0,0
19024,597,0,0,0
19025,597,0,0,0
19026,597,0,0,0
19027,597,0,0,0
19028,597,0,0,0
19029,597,0,0,0
19030,597,0,0,0
19031,597,0,0,0
19032,597,0,0,0
19033,597,0,0,0
19034,597,0,0,0
19035,597,0,0,0
19036,597,0,0,0
19037,597,0,0,0
19038,597,0,0,0
19039,597,0,0,0
19040,597,0,0,0
19041,597,0,0,0
19042,597,0,0,0
19043,597,0,0,0
19044,597,0,0,0
19045,597,0,0,0
19046,597,0,0,0
19047,597,0,0,0
19048,597,0,0,0
19049,597,0,0,0
19050,597,0,0,0
19051,597,0,0,0
19052,597,0,0,0
19053,597,0,0,0
19054,597,0,0,0
19055,597,0,0,0
19056,597,0,0,0
19057,597,0,0,0
19058,597,0,0,0
19059,597,0,0,0
19060,597,0,0,0
19061,597,0,0,0
19062,597,0,0,0
19063,597,0,0,0
19064,597,0,0,0
19065,597,0,0,0
19066,597,0,0,0
19067,597,0,0,0
19068,597,0,0,0
19069,597,0,0,0
19070,597,0,0,0
19071,597,0,0,0
19072,597,0,0,0
19073,597,0,0,0
19074,597,0,0,0
19075,597,0,0,0
19076,575,1,0,22
19077,575,0,0,0
19078,575,0,0,0
19079,575,0,0,0
19080,575,0,0,0
19081,575,0,0,0
19082,575,0,0,0
19083,575,0,0,0
19084,575,0,0,0
19085,575,0,0,0
19086,575,0,0,0
19087,575,0,0,0
19088,575,0,0,0
19089,575,0,0,0
19090,575,0,0,0
19091,575,0,0,0
19092,575,0,0,0
19093,575,0,0,0
19094,575,0,0,0
19095,575,0,0,0
19096,575,0,0,0
19097,575,0,0,0
19098,575,0,0,0
19099,575,0,0,0
19100,575,0,0,0
19101,575,0,0,0
19102,575,0,0,0
19103,575,0,0,0
19104,575,0,0,0
19105,575,0,0,0
19106,575,0,0,0
19107,575,0,0,0
19108,575,0,0,0
19109,575,0,0,0
19110,575,0,0,0
19111,575,0,0,0
19112,575,0,0,0
19113,575,0,0,0
19114,575,0,0,0
19115,575,0,0,0
19116,575,0,0,0
19117,575,0,0,0
19118,575,0,0,0
19119,575,0,0,0
19120,575,0,0,0
19121,575,0,0,0
19122,575,0,0,0
19123,575,0,0,0
19124,575,0,0,0
19125,575,0,0,0
19126,575,0,0,0
19127,575,0,0,0
19128,575,0,0,0
19129,575,0,0,0
19130,575,0,0,0
19131,575,0,0,0
19132,575,0,0,0
19133,575,0,0,0
19134,575,0,0,0
19135,575,0,0,0
19136,596,1,22,1
19137,596,0,0,0
19138,596,0,0,0
19139,596,0,0,0
19140,596,0,0,0
19141,596,0,0,0
19142,596,0,0,0
19143,596,0,0,0
19144,596,0,0,0
19145,596,0,0,0
19146,596,0,0,0
19147,596,0,0,0
19148,596,0,0,0
19149,596,0,0,0
19150,596,0,0,0
19151,596,0,0,0
19152,596,0,0,0
19153,596,0,0,0
19154,596,0,0,0
19155,596,0,0,0
19156,596,0,0,0
19157,596,0,0,0
19158,596,0,0,0
19159,596,0,0,0
19160,596,0,0,0
19161,596,0,0,0
19162,596,0,0,0
19163,596,0,0,0
19164,596,0,0,0
19165,596,0,0,0
19166,596,0,0,0
19167,596,0,0,0
19168,596,0,0,0
19169,596,0,0,0
19170,596,0,0,0
19171,596,0,0,0
19172,596,0,0,0
19173,596,0,0,0
19174,596,0,0,0
19175,596,0,0,0
19176,596,0,0,0
19177,596,0,0,0
19178,596,0,0,0
19179,596,0,0,0
19180,596,0,0,0
19181,596,0,0,0
19182,596,0,0,0
19183,596,0,0,0
19184,596,0,0,0
19185,596,0,0,0
19186,596,0,0,0
19187,596,0,0,0
19188,596,0,0,0
19189,596,0,0,0
19190,596,0,0,0
19191,596,0,0,0
19192,596,0,0,0
19193,596,0,0,0
19194,596,0,0,0
19195,596,0,0,0
19196,597,1,1,0
19197,597,0,0,0
19198,597,0,0,0
19199,597,0,0,0
19200,597,0,0,0
19201,597,0,0,0
19202,597,0,0,0
19203,597,0,0,0
19204,597,0,0,0
19205,597,0,0,0
19206,597,0,0,0
19207,597,0,0,0
19208,597,0,0,0
19209,597,0,0,0
19210,597,0,0,0
19211,597,0,0,0
19212,597,0,0,0
19213,597,0,0,0
19214,597,0,0,0
19215,597,0,0,0
19216,597,0,0,0
19217,597,0,0,0
19218,597,0,0,0
19219,597,0,0,0
19220,597,0,0,0
19221,597,0,0,0
19222,597,0,0,0
19223,597,0,0,0
19224,597,0,0,0
19225,597,0,0,0
19226,597,0,0,0
19227,597,0,0,0
19228,597,0,0,0
19229,597,0,0,0
19230,597,0,0,0
19231,597,0,0,0
19232,597,0,0,0
19233,597,0,0,0
19234,597,0,0,0
19235,597,0,0,0
19236,597,0,0,0
19237,597,0,0,0
19238,597,0,0,0
19239,597,0,0,0
19240,597,0,0,0
19241,597,0,0,0
19242,597,0,0,0
19243,597,0,0,0
19244,597,0,0,0
19245,597,0,0,0
19246,597,0,0,0
19247,597,0,0,0
19248,597,0,0,0
19249,597,0,0,0
19250,597,0,0,0
19251,597,0,0,0
19252,575,1,0,22
19253,575,0,0,0
19254,575,0,0,0
19255,575,0,0,0
19256,575,0,0,0
19257,575,0,0,0
19258,575,0,0,0
19259,575,0,0,0
19260,575,0,0,0
19261,575,0,0,0
19262,575,0,0,0
19263,575,0,0,0
19264,575,0,0,0
19265,575,0,0,0
19266,575,0,0,0
19267,575,0,0,0
19268,575,0,0,0
19269,575,0,0,0
19270,575,0,0,0
19271,575,0,0,0
19272,575,0,0,0
19273,575,0,0,0
19274,575,0,0,0
19275,575,0,0,0
19276,575,0,0,0
19277,575,0,0,0
19278,575,0,0,0
19279,575,0,0,0
19280,575,0,0,0
19281,575,0,0,0
19282,575,0,0,0
19283,575,0,0,0
19284,575,0,0,0
19285,575,0,0,0
19286,575,0,0,0
19287,575,0,0,0
19288,575,0,0,0
19289,575,0,0,0
19290,575,0,0,0
19291,575,0,0,0
19292,575,0,0,0
19293,575,0,0,0
19294,575,0,0,0
19295,575,0,0,0
19296,575,0,0,0
19297,575,0,0,0
19298,575,0,0,0
19299,575,0,0,0
19300,575,0,0,0
19301,575,0,0,0
19302,575,0,0,0
19303,575,0,0,0
19304,575,0,0,0
19305,575,0,0,0
19306,575,0,0,0
19307,575,0,0,0
19308,575,0,0,0
19309,575,0,0,0
19310,575,0,0,0
19311,575,0,0,0
19312,596,1,22,1
19313,596,0,0,0
19314,596,0,0,0
19315,596,0,0,0
19316,596,0,0,0
19317,596,0,0,0
19318,596,0,0,0
19319,596,0,0,0
19320,596,0,0,0
19321,596,0,0,0
19322,596,0,0,0
19323,596,0,0,0
19324,596,0,0,0
19325,596,0,0,0
19326,596,0,0,0
19327,596,0,0,0
19328,596,0,0,0
19329,596,0,0,0
19330,596,0,0,0
19331,596,0,0,0
19332,596,0,0,0
19333,596,0,0,0
19334,596,0,0,0
19335,596,0,0,0
19336,596,0,0,0
19337,596,0,0,0
19338,596,0,0,0
19339,596,0,0,0
19340,596,0,0,0
19341,596,0,0,0
19342,596,0,0,0
19343,596,0,0,0
19344,596,0,0,0
19345,596,0,0,0
19346,596,0,0,0
19347,596,0,0,0
19348,596,0,0,0
19349,596,0,0,0
19350,596,0,0,0
19351,596,0,0,0
19352,596,0,0,0
19353,596,0,0,0
19354,596,0,0,0
19355,596,0,0,0
19356,596,0,0,0
19357,596,0,0,0
19358,596,0,0,0
19359,596,0,0,0
19360,596,0,0,0
19361,596,0,0,0
19362,596,0,0,0
19363,596,0,0,0
19364,596,0,0,0
19365,596,0,0,0
19366,596,0,0,0
19367,596,0,0,0
19368,596,0,0,0
19369,596,0,0,0
19370,596,0,0,0
19371,596,0,0,0
19372,597,1,1,0
19373,597,0,0,0
19374,597,0,0,0
19375,597,0,0,0
19376,597,0,0,0
19377,597,0,0,0
19378,597,0,0,0
19379,597,0,0,0
19380,597,0,0,0
19381,597,0,0,0
19382,597,0,0,0
19383,597,0,0,0
19384,597,0,0,0
19385,597,0,0,0
19386,597,0,0,0
19387,597,0,0,0
19388,597,0,0,0
19389,597,0,0,0
19390,597,0,0,0
19391,597,0,0,0
19392,597,0,0,0
19393,597,0,0,0
19394,597,0,0,0
19395,597,0,0,0
19396,597,0,0,0
19397,597,0,0,0
19398,597,0,0,0
19399,597,0,0,0
19400,597,0,0,0
19401,597,0,0,0
19402,597,0,0,0
19403,597,0,0,0
19404,597,0,0,0
19405,597,0,0,0
19406,597,0,0,0
19407,597,0,0,0
19408,597,0,0,0
19409,597,0,0,0
19410,597,0,0,0
19411,597,0,0,0
19412,597,0,0,0
19413,597,0,0,0
19414,597,0,0,0
19415,597,0,0,0
19416,597,0,0,0
19417,597,0,0,0
19418,597,0,0,0
19419,597,0,0,0
19420,597,0,0,0
19421,597,0,0,0
19422,597,0,0,0
19423,597,0,0,0
19424,597,0,0,0
19425,597,0,0,0
19426,597,0,0,0
19427,597,0,0,0
19428,575,1,0,22
19429,575,0,0,0
19430,575,0,0,0
19431,575,0,0,0
19432,575,0,0,0
19433,575,0,0,0
19434,575,0,0,0
19435,575,0,0,0
19436,575,0,0,0
19437,575,0,0,0
19438,575,0,0,0
19439,575,0,0,0
19440,575,0,0,0
19441,575,0,0,0
19442,575,0,0,0
19443,575,0,0,0
19444,575,0,0,0
19445,575,0,0,0
19446,575,0,0,0
19447,575,0,0,0
19448,575,0,0,0
19449,575,0,0,0
19450,575,0,0,0
19451,575,0,0,0
19452,575,0,0,0
19453,575,0,0,0
19454,575,0,0,0
19455,575,0,0,0
19456,575,0,0,0
19457,575,0,0,0
19458,575,0,0,0
19459,575,0,0,0
19460,575,0,0,0
19461,575,0,0,0
19462,575,0,0,0
19463,575,0,0,0
19464,575,0,0,0
19465,575,0,0,0
19466,575,0,0,0
19467,575,0,0,0
19468,575,0,0,0
19469,575,0,0,0
19470,575,0,0,0
19471,575,0,0,0
19472,575,0,0,0
19473,575,0,0,0
19474,575,0,0,0
19475,575,0,0,0
19476,575,0,0,0
19477,575,0,0,0
19478,575,0,0,0
19479,575,0,0,0
19480,575,0,0,0
19481,575,0,0,0
19482,575,0,0,0
19483,575,0,0,0
19484,575,0,0,0
19485,575,0,0,0
19486,575,0,0,0
19487,575,0,0,0
19488,596,1,22,1
19489,596,0,0,0
19490,596,0,0,0
19491,596,0,0,0
19492,596,0,0,0
19493,596,0,0,0
19494,596,0,0,0
19495,596,0,0,0
19496,596,0,0,0
19497,596,0,0,0
19498,596,0,0,0
19499,596,0,0,0
19500,596,0,0,0
19501,596,0,0,0
19502,596,0,0,0
19503,596,0,0,0
19504,596,0,0,0
19505,596,0,0,0
19506,596,0,0,0
19507,596,0,0,0
19508,596,0,0,0
19509,596,0,0,0
19510,596,0,0,0
19511,596,0,0,0
19512,596,0,0,0
19513,596,0,0,0
19514,596,0,0,0
19515,596,0,0,0
19516,596,0,0,0
19517,596,0,0,0
19518,596,0,0,0
19519,596,0,0,0
19520,596,0,0,0
19521,596,0,0,0
19522,596,0,0,0
19523,596,0,0,0
19524,596,0,0,0
19525,596,0,0,0
19526,596,0,0,0
19527,596,0,0,0
19528,596,0,0,0
19529,596,0,0,0
19530,596,0,0,0
19531,596,0,0,0
19532,596,0,0,0
19533,596,0,0,0
19534,596,0,0,0
19535,596,0,0,0
19536,596,0,0,0
19537,596,0,0,0
19538,596,0,0,0
19539,596,0,0,0
19540,596,0,0,0
19541,596,0,0,0
19542,596,0,0,0
19543,596,0,0,0
19544,596,0,0,0
19545,596,0,0,0
19546,596,0,0,0
19547,596,0,0,0
19548,597,1,1,0
19549,597,0,0,0
19550,597,0,0,0
19551,597,0,0,0
19552,597,0,0,0
19553,597,0,0,0
19554,597,0,0,0
19555,597,0,0,0
19556,597,0,0,0
19557,597,0,0,0
19558,597,0,0,0
19559,597,0,0,0
19560,597,0,0,0
19561,597,0,0,0
19562,597,0,0,0
19563,597,0,0,0
19564,597,0,0,0
19565,597,0,0,0
19566,597,0,0,0
19567,597,0,0,0
19568,597,0,0,0
19569,597,0,0,0
19570,597,0,0,0
19571,597,0,0,0
19572,597,0,0,0
19573,597,0,0,0
19574,597,0,0,0
19575,597,0,0,0
19576,597,0,0,0
19577,597,0,0,0
19578,597,0,0,0
19579,597,0,0,0
19580,597,0,0,0
19581,597,0,0,0
19582,597,0,0,0
19583,597,0,0,0
19584,597,0,0,0
19585,597,0,0,0
19586,597,0,0,0
19587,597,0,0,0
19588,597,0,0,0
19589,597,0,0,0
19590,597,0,0,0
19591,597,0,0,0
19592,597,0,0,0
19593,597,0,0,0
19594,597,0,0,0
19595,597,0,0,0
19596,597,0,0,0
19597,597,0,0,0
19598,597,0,0,0
19599,597,0,0,0
19600,597,0,0,0
19601,597,0,0,0
19602,597,0,0,0
19603,575,1,0,22
19604,575,0,0,0
19605,575,0,0,0
19606,575,0,0,0
19607,575,0,0,0
19608,575,0,0,0
19609,575,0,0,0
19610,575,0,0,0
19611,575,0,0,0
19612,575,0,0,0
19613,575,0,0,0
19614,575,0,0,0
19615,575,0,0,0
19616,575,0,0,0
19617,575,0,0,0
19618,575,0,0,0
19619,575,0,0,0
19620,575,0,0,0
19621,575,0,0,0
19622,575,0,0,0
19623,575,0,0,0
19624,575,0,0,0
19625,575,0,0,0
19626,575,0,0,0
19627,575,0,0,0
19628,575,0,0,0
19629,575,0,0,0
19630,575,0,0,0
19631,575,0,0,0
19632,575,0,0,0
19633,575,0,0,0
19634,575,0,0,0
19635,575,0,0,0
19636,575,0,0,0
19637,575,0,0,0
19638,575,0,0,0
19639,575,0,0,0
19640,575,0,0,0
19641,575,0,0,0
19642,575,0,0,0
19643,575,0,0,0
19644,575,0,0,0
19645,575,0,0,0
19646,575,0,0,0
19647,575,0,0,0
19648,575,0,0,0
19649,575,0,0,0
19650,575,0,0,0
19651,575,0,0,0
19652,575,0,0,0
19653,575,0,0,0
19654,575,0,0,0
19655,575,0,0,0
19656,575,0,0,0
19657,575,0,0,0
19658,575,0,0,0
19659,575,0,0,0
19660,575,0,0,0
19661,575,0,0,0
19662,575,0,0,0
19663,596,1,22,1
19664,596,0,0,0
19665,596,0,0,0
19666,596,0,0,0
19667,596,0,0,0
19668,596,0,0,0
19669,596,0,0,0
19670,596,0,0,0
19671,596,0,0,0
19672,596,0,0,0
19673,596,0,0,0
19674,596,0,0,0
19675,596,0,0,0
19676,596,0,0,0
19677,596,0,0,0
19678,596,0,0,0
19679,596,0,0,0
19680,596,0,0,0
19681,596,0,0,0
19682,596,0,0,0
19683,596,0,0,0
19684,596,0,0,0
19685,596,0,0,0
19686,596,0,0,0
19687,596,0,0,0
19688,596,0,0,0
19689,596,0,0,0
19690,596,0,0,0
19691,596,0,0,0
19692,596,0,0,0
19693,596,0,0,0
19694,596,0,0,0
19695,596,0,0,0
19696,596,0,0,0
19697,596,0,0,0
19698,596,0,0,0
19699,596,0,0,0
19700,596,0,0,0
19701,596,0,0,0
19702,596,0,0,0
19703,596,0,0,0
19704,596,0,0,0
19705,596,0,0,0
19706,596,0,0,0
19707,596,0,0,0
19708,596,0,0,0
19709,596,0,0,0
19710,596,0,0,0
19711,596,0,0,0
19712,596,0,0,0
19713,596,0,0,0
19714,596,0,0,0
19715,596,0,0,0
19716,596,0,0,0
19717,596,0,0,0
19718,596,0,0,0
19719,596,0,0,0
19720,596,0,0,0
19721,596,0,0,0
19722,596,0,0,0
19723,597,1,1,0
19724,597,0,0,0
19725,597,0,0,0
19726,597,0,0,0
19727,597,0,0,0
19728,597,0,0,0
19729,597,0,0,0
19730,597,0,0,0
19731,597,0,0,0
19732,597,0,0,0
19733,597,0,0,0
19734,597,0,0,0
19735,597,0,0,0
19736,597,0,0,0
19737,597,0,0,0
19738,597,0,0,0
19739,597,0,0,0
19740,597,0,0,0
19741,597,0,0,0
19742,597,0,0,0
19743,597,0,0,0
19744,597,0,0,0
19745,597,0,0,0
19746,597,0,0,0
19747,597,0,0,0
19748,597,0,0,0
19749,597,0,0,0
19750,597,0,0,0
19751,597,0,0,0
19752,597,0,0,0
19753,597,0,0,0
19754,597,0,0,0
19755,597,0,0,0
19756,597,0,0,0
19757,597,0,0,0
19758,597,0,0,0
19759,597,0,0,0
19760,597,0,0,0
19761,597,0,0,0
19762,597,0,0,0
19763,597,0,0,0
19764,597,0,0,0
19765,597,0,0,0
19766,597,0,0,0
19767,597,0,0,0
19768,597,0,0,0
19769,597,0,0,0
19770,597,0,0,0
19771,581,1,0,16
19772,581,0,0,0
19773,581,0,0,0
19774,581,0,0,0
19775,581,0,0,0
19776,581,0,0,0
19777,581,0,0,0
19778,567,1,0,14
19779,567,0,0,0
19780,567,0,0,0
19781,567,0,0,0
19782,567,0,0,0
19783,567,0,0,0
19784,567,0,0,0
19785,567,0,0,0
19786,567,0,0,0
19787,567,0,0,0
19788,567,0,0,0
19789,567,0,0,0
19790,567,0,0,0
19791,567,0,0,0
19792,567,0,0,0
19793,567,0,0,0
19794,567,0,0,0
19795,567,0,0,0
19796,567,0,0,0
19797,567,0,0,0
19798,567,0,0,0
19799,567,0,0,0
19800,567,0,0,0
19801,567,0,0,0
19802,567,0,0,0
19803,567,0,0,0
19804,567,0,0,0
19805,567,0,0,0
19806,567,0,0,0
19807,567,0,0,0
19808,567,0,0,0
19809,567,0,0,0
19810,567,0,0,0
19811,567,0,0,0
19812,567,0,0,0
19813,567,0,0,0
19814,567,0,0,0
19815,567,0,0,0
19816,567,0,0,0
19817,567,0,0,0
19818,567,0,0,0
19819,567,0,0,0
19820,567,0,0,0
19821,567,0,0,0
19822,567,0,0,0
19823,567,0,0,0
19824,567,0,0,0
19825,567,0,0,0
19826,567,0,0,0
19827,567,0,0,0
19828,567,0,0,0
19829,567,0,0,0
19830,567,0,0,0
19831,571,1,15,11
19832,571,0,0,0
19833,571,0,0,0
19834,571,0,0,0
19835,571,0,0,0
19836,571,0,0,0
19837,571,0,0,0
19838,595,1,24,0
19839,595,0,0,0
19840,595,0,0,0
19841,595,0,0,0
19842,595,0,0,0
19843,595,0,0,0
19844,595,0,0,0
19845,595,0,0,0
19846,595,0,0,0
19847,595,0,0,0
19848,595,0,0,0
19849,595,0,0,0
19850,595,0,0,0
19851,595,0,0,0
19852,595,0,0,0
19853,595,0,0,0
19854,595,0,0,0
19855,595,0,0,0
19856,595,0,0,0
19857,595,0,0,0
19858,595,0,0,0
19859,595,0,0,0
19860,595,0,0,0
19861,595,0,0,0
19862,595,0,0,0
19863,595,0,0,0
19864,595,0,0,0
19865,595,0,0,0
19866,595,0,0,0
19867,595,0,0,0
19868,595,0,0,0
19869,595,0,0,0
19870,595,0,0,0
19871,595,0,0,0
19872,595,0,0,0
19873,595,0,0,0
19874,595,0,0,0
19875,595,0,0,0
19876,595,0,0,0
19877,595,0,0,0
19878,595,0,0,0
19879,595,0,0,0
19880,595,0,0,0
19881,595,0,0,0
19882,595,0,0,0
19883,595,0,0,0
19884,595,0,0,0
19885,595,0,0,0
19886,595,0,0,0
19887,595,0,0,0
19888,595,0,0,0
19889,595,0,0,0
19890,595,0,0,0
19891,595,1,1,1
19892,595,0,0,0
19893,595,0,0,0
19894,595,0,0,0
19895,595,0,0,0
19896,595,0,0,0
19897,595,0,0,0
19898,595,0,0,0
19899,595,0,0,0
19900,595,0,0,0
19901,595,0,0,0
19902,595,0,0,0
19903,595,0,0,0
19904,595,0,0,0
19905,595,0,0,0
19906,595,0,0,0
19907,595,0,0,0
19908,595,0,0,0
19909,595,0,0,0
19910,595,0,0,0
19911,595,0,0,0
19912,595,0,0,0
19913,595,0,0,0
19914,595,0,0,0
19915,595,0,0,0
19916,595,0,0,0
19917,595,0,0,0
19918,595,0,0,0
19919,595,0,0,0
19920,595,0,0,0
19921,595,0,0,0
19922,595,0,0,0
19923,595,0,0,0
19924,595,0,0,0
19925,595,0,0,0
19926,595,0,0,0
19927,595,0,0,0
19928,595,0,0,0
19929,595,0,0,0
19930,595,0,0,0
19931,595,0,0,0
19932,595,0,0,0
19933,595,0,0,0
19934,595,0,0,0
19935,595,0,0,0
19936,595,0,0,0
19937,595,0,0,0
19938,595,0,0,0
19939,595,0,0,0
19940,595,0,0,0
19941,595,0,0,0
19942,595,0,0,0
19943,595,0,0,0
19944,595,0,0,0
19945,595,0,0,0
19946,595,0,0,0
19947,595,0,0,0
19948,595,0,0,0
19949,595,0,0,0
19950,595,0,0,0
19951,595,1,1,1
19952,571,1,0,24
19953,571,0,0,0
19954,571,0,0,0
19955,571,0,0,0
19956,571,0,0,0
19957,571,0,0,0
19958,571,0,0,0
19959,571,0,0,0
19960,571,0,0,0
19961,571,0,0,0
19962,571,0,0,0
19963,571,0,0,0
19964,571,0,0,0
19965,571,0,0,0
19966,571,0,0,0
19967,571,0,0,0
19968,571,0,0,0
19969,571,0,0,0
19970,571,0,0,0
19971,571,0,0,0
19972,571,0,0,0
19973,571,0,0,0
19974,571,0,0,0
19975,571,0,0,0
19976,571,0,0,0
19977,571,0,0,0
19978,571,0,0,0
19979,571,0,0,0
19980,571,0,0,0
19981,571,0,0,0
19982,571,0,0,0
19983,571,0,0,0
19984,571,0,0,0
19985,571,0,0,0
19986,571,0,0,0
19987,571,0,0,0
19988,571,0,0,0
19989,571,0,0,0
19990,571,0,0,0
19991,571,0,0,0
19992,571,0,0,0
19993,571,0,0,0
19994,571,0,0,0
19995,571,0,0,0
19996,571,0,0,0
19997,571,0,0,0
19998,571,0,0,0
19999,571,0,0,0
20000,571,0,0,0
20001,571,0,0,0
20002,571,0,0,0
20003,571,0,0,0
20004,571,0,0,0
20005,571,0,0,0
20006,571,0,0,0
20007,571,0,0,0
20008,571,0,0,0
20009,571,0,0,0
20010,571,0,0,0
20011,571,0,0,0
20012,595,1,24,0
20013,595,0,0,0
20014,595,0,0,0
20015,595,0,0,0
20016,595,0,0,0
20017,595,0,0,0
20018,595,0,0,0
20019,595,0,0,0
20020,595,0,0,0
20021,595,0,0,0
20022,595,0,0,0
20023,595,0,0,0
20024,595,0,0,0
20025,595,0,0,0
20026,595,0,0,0
20027,595,0,0,0
20028,595,0,0,0
20029,595,0,0,0
20030,595,0,0,0
20031,595,0,0,0
20032,595,0,0,0
20033,595,0,0,0
20034,595,0,0,0
20035,595,0,0,0
20036,595,0,0,0
20037,595,0,0,0
20038,595,0,0,0
20039,595,0,0,0
20040,595,0,0,0
20041,595,0,0,0
20042,595,0,0,0
20043,595,0,0,0
20044,595,0,0,0
20045,595,0,0,0
20046,595,0,0,0
20047,595,0,0,0
20048,595,0,0,0
20049,595,0,0,0
20050,595,0,0,0
20051,595,0,0,0
20052,595,0,0,0
20053,595,0,0,0
20054,595,0,0,0
20055,595,0,0,0
20056,595,0,0,0
20057,595,0,0,0
20058,595,0,0,0
20059,595,0,0,0
20060,595,0,0,0
20061,595,0,0,0
20062,595,0,0,0
20063,595,0,0,0
20064,595,0,0,0
20065,595,0,0,0
20066,595,0,0,0
20067,595,0,0,0
20068,595,0,0,0
20069,595,0,0,0
20070,595,0,0,0
20071,595,1,1,1
20072,595,0,0,0
20073,595,0,0,0
20074,595,0,0,0
20075,595,0,0,0
20076,595,0,0,0
20077,595,0,0,0
20078,595,0,0,0
20079,595,0,0,0
20080,595,0,0,0
20081,595,0,0,0
20082,595,0,0,0
20083,595,0,0,0
20084,595,0,0,0
20085,595,0,0,0
20086,595,0,0,0
20087,595,0,0,0
20088,595,0,0,0
20089,595,0,0,0
20090,595,0,0,0
20091,595,0,0,0
20092,595,0,0,0
20093,595,0,0,0
20094,595,0,0,0
20095,595,0,0,0
20096,595,0,0,0
20097,595,0,0,0
20098,595,0,0,0
20099,595,0,0,0
20100,595,0,0,0
20101,595,0,0,0
20102,595,0,0,0
20103,595,0,0,0
20104,595,0,0,0
20105,595,0,0,0
20106,595,0,0,0
20107,595,0,0,0
20108,595,0,0,0
20109,595,0,0,0
20110,595,0,0,0
20111,595,0,0,0
20112,595,0,0,0
20113,595,0,0,0
20114,595,0,0,0
20115,595,0,0,0
20116,595,0,0,0
20117,595,0,0,0
20118,595,0,0,0
20119,595,0,0,0
20120,595,0,0,0
20121,595,0,0,0
20122,595,0,0,0
20123,595,0,0,0
20124,595,0,0,0
20125,595,0,0,0
20126,571,1,0,24
20127,571,0,0,0
20128,571,0,0,0
20129,571,0,0,0
20130,571,0,0,0
20131,571,0,0,0
20132,571,0,0,0
20133,571,0,0,0
20134,571,0,0,0
20135,571,0,0,0
20136,571,0,0,0
20137,571,0,0,0
20138,571,0,0,0
20139,571,0,0,0
20140,571,0,0,0
20141,571,0,0,0
20142,571,0,0,0
20143,571,0,0,0
20144,571,0,0,0
20145,571,0,0,0
20146,571,0,0,0
20147,571,0,0,0
20148,571,0,0,0
20149,571,0,0,0
20150,571,0,0,0
20151,571,0,0,0
20152,571,0,0,0
20153,571,0,0,0
20154,571,0,0,0
20155,571,0,0,0
20156,571,0,0,0
20157,571,0,0,0
20158,571,0,0,0
20159,571,0,0,0
20160,571,0,0,0
20161,571,0,0,0
20162,571,0,0,0
20163,571,0,0,0
20164,571,0,0,0
20165,571,0,0,0
20166,571,0,0,0
20167,571,0,0,0
20168,571,0,0,0
20169,571,0,0,0
20170,571,0,0,0
20171,571,0,0,0
20172,571,0,0,0
20173,571,0,0,0
20174,571,0,0,0
20175,571,0,0,0
20176,571,0,0,0
20177,571,0,0,0
20178,571,0,0,0
20179,571,0,0,0
20180,571,0,0,0
20181,571,0,0,0
20182,571,0,0,0
20183,571,0,0,0
20184,571,0,0,0
20185,571,0,0,0
20186,595,1,24,0
20187,595,0,0,0
20188,595,0,0,0
20189,595,0,0,0
20190,595,0,0,0
20191,595,1,1,1
20192,595,0,0,0
20193,595,0,0,0
20194,595,0,0,0
20195,595,0,0,0
20196,595,0,0,0
20197,595,0,0,0
20198,595,0,0,0
20199,595,0,0,0
20200,595,0,0,0
20201,595,0,0,0
20202,595,0,0,0
20203,595,0,0,0
20204,595,0,0,0
20205,595,0,0,0
20206,595,0,0,0
20207,595,0,0,0
20208,595,0,0,0
20209,595,0,0,0
20210,595,0,0,0
20211,595,0,0,0
20212,595,0,0,0
20213,595,0,0,0
20214,595,0,0,0
20215,595,0,0,0
20216,595,0,0,0
20217,595,0,0,0
20218,595,0,0,0
20219,595,0,0,0
20220,595,0,0,0
20221,595,0,0,0
20222,595,0,0,0
20223,595,0,0,0
20224,595,0,0,0
20225,595,0,0,0
20226,595,0,0,0
20227,595,0,0,0
20228,595,0,0,0
20229,595,0,0,0
20230,595,0,0,0
20231,595,0,0,0
20232,595,0,0,0
20233,595,0,0,0
20234,595,0,0,0
20235,595,0,0,0
20236,595,0,0,0
20237,595,0,0,0
20238,595,0,0,0
20239,595,0,0,0
20240,595,0,0,0
20241,595,0,0,0
20242,595,0,0,0
20243,595,0,0,0
20244,595,0,0,0
20245,595,0,0,0
20246,595,0,0,0
20247,595,0,0,0
20248,595,0,0,0
20249,595,0,0,0
20250,595,0,0,0
20251,595,1,1,1
20252,595,0,0,0
20253,595,0,0,0
20254,595,0,0,0
20255,595,0,0,0
20256,595,0,0,0
20257,595,0,0,0
20258,595,0,0,0
20259,595,0,0,0
20260,595,0,0,0
20261,595,0,0,0
20262,595,0,0,0
20263,595,0,0,0
20264,595,0,0,0
20265,595,0,0,0
20266,595,0,0,0
20267,595,0,0,0
20268,595,0,0,0
20269,595,0,0,0
20270,595,0,0,0
20271,595,0,0,0
20272,595,0,0,0
20273,595,0,0,0
20274,595,0,0,0
20275,595,0,0,0
20276,595,0,0,0
20277,595,0,0,0
20278,595,0,0,0
20279,595,0,0,0
20280,595,0,0,0
20281,595,0,0,0
20282,595,0,0,0
20283,595,0,0,0
20284,595,0,0,0
20285,595,0,0,0
20286,595,0,0,0
20287,595,0,0,0
20288,595,0,0,0
20289,595,0,0,0
20290,595,0,0,0
20291,595,0,0,0
20292,595,0,0,0
20293,595,0,0,0
20294,595,0,0,0
20295,595,0,0,0
20296,595,0,0,0
20297,595,0,0,0
20298,572,1,0,23
20299,572,0,0,0
20300,572,0,0,0
20301,572,0,0,0
20302,572,0,0,0
20303,572,0,0,0
20304,572,0,0,0
20305,572,0,0,0
20306,572,0,0,0
20307,572,0,0,0
20308,572,0,0,0
20309,572,0,0,0
20310,572,0,0,0
20311,572,0,0,0
20312,572,0,0,0
20313,572,0,0,0
20314,572,0,0,0
20315,572,0,0,0
20316,572,0,0,0
20317,572,0,0,0
20318,572,0,0,0
20319,572,0,0,0
20320,572,0,0,0
20321,572,0,0,0
20322,572,0,0,0
20323,572,0,0,0
20324,572,0,0,0
20325,572,0,0,0
20326,572,0,0,0
20327,572,0,0,0
20328,572,0,0,0
20329,572,0,0,0
20330,572,0,0,0
20331,572,0,0,0
20332,572,0,0,0
20333,572,0,0,0
20334,572,0,0,0
20335,572,0,0,0
20336,572,0,0,0
20337,572,0,0,0
20338,572,0,0,0
20339,572,0,0,0
20340,572,0,0,0
20341,572,0,0,0
20342,572,0,0,0
20343,572,0,0,0
20344,572,0,0,0
20345,572,0,0,0
20346,572,0,0,0
20347,572,0,0,0
20348,572,0,0,0
20349,572,0,0,0
20350,572,0,0,0
20351,572,0,0,0
20352,572,0,0,0
20353,572,0,0,0
20354,572,0,0,0
20355,572,0,0,0
20356,572,0,0,0
20357,572,0,0,0
20358,596,1,24,0
20359,596,0,0,0
20360,596,0,0,0
20361,596,0,0,0
20362,596,0,0,0
20363,596,0,0,0
20364,596,0,0,0
20365,596,0,0,0
20366,596,0,0,0
20367,596,0,0,0
20368,596,0,0,0
20369,596,0,0,0
20370,596,0,0,0
20371,597,1,1,0
20372,597,0,0,0
20373,597,0,0,0
20374,597,0,0,0
20375,597,0,0,0
20376,597,0,0,0
20377,597,0,0,0
20378,597,0,0,0
20379,597,0,0,0
20380,597,0,0,0
20381,597,0,0,0
20382,597,0,0,0
20383,597,0,0,0
20384,597,0,0,0
20385,597,0,0,0
20386,597,0,0,0
20387,597,0,0,0
20388,597,0,0,0
20389,597,0,0,0
20390,597,0,0,0
20391,597,0,0,0
20392,597,0,0,0
20393,597,0,0,0
20394,597,0,0,0
20395,597,0,0,0
20396,597,0,0,0
20397,597,0,0,0
20398,597,0,0,0
20399,597,0,0,0
20400,597,0,0,0
20401,597,0,0,0
20402,597,0,0,0
20403,597,0,0,0
20404,597,0,0,0
20405,597,0,0,0
20406,597,0,0,0
20407,597,0,0,0
20408,597,0,0,0
20409,597,0,0,0
20410,597,0,0,0
20411,597,0,0,0
20412,597,0,0,0
20413,597,0,0,0
20414,597,0,0,0
20415,597,0,0,0
20416,597,0,0,0
20417,597,0,0,0
20418,597,0,0,0
20419,597,0,0,0
20420,597,0,0,0
20421,597,0,0,0
20422,597,0,0,0
20423,597,0,0,0
20424,597,0,0,0
20425,597,0,0,0
20426,597,0,0,0
20427,597,0,0,0
20428,597,0,0,0
20429,597,0,0,0
20430,597,0,0,0
20431,597,0,0,0
20432,597,0,0,0
20433,597,0,0,0
20434,597,0,0,0
20435,597,0,0,0
20436,597,0,0,0
20437,597,0,0,0
20438,597,0,0,0
20439,597,0,0,0
20440,597,0,0,0
20441,597,0,0,0
20442,597,0,0,0
20443,597,0,0,0
20444,597,0,0,0
20445,597,0,0,0
20446,597,0,0,0
20447,597,0,0,0
20448,597,0,0,0
20449,597,0,0,0
20450,597,0,0,0
20451,597,0,0,0
20452,597,0,0,0
20453,597,0,0,0
20454,597,0,0,0
20455,597,0,0,0
20456,597,0,0,0
20457,597,0,0,0
20458,597,0,0,0
20459,597,0,0,0
20460,597,0,0,0
20461,597,0,0,0
20462,597,0,0,0
20463,597,0,0,0
20464,597,0,0,0
20465,597,0,0,0
20466,597,0,0,0
20467,597,0,0,0
20468,597,0,0,0
20469,597,0,0,0
20470,574,1,0,23
20471,574,0,0,0
20472,574,0,0,0
20473,574,0,0,0
20474,574,0,0,0
20475,574,0,0,0
20476,574,0,0,0
20477,574,0,0,0
20478,574,0,0,0
20479,574,0,0,0
20480,574,0,0,0
20481,574,0,0,0
20482,574,0,0,0
20483,574,0,0,0
20484,574,0,0,0
20485,574,0,0,0
20486,574,0,0,0
20487,574,0,0,0
20488,574,0,0,0
20489,574,0,0,0
20490,574,0,0,0
20491,574,0,0,0
20492,574,0,0,0
20493,574,0,0,0
20494,574,0,0,0
20495,574,0,0,0
20496,574,0,0,0
20497,574,0,0,0
20498,574,0,0,0
20499,574,0,0,0
20500,574,0,0,0
20501,574,0,0,0
20502,574,0,0,0
20503,574,0,0,0
20504,574,0,0,0
20505,574,0,0,0
20506,574,0,0,0
20507,574,0,0,0
20508,574,0,0,0
20509,574,0,0,0
20510,574,0,0,0
20511,574,0,0,0
20512,574,0,0,0
20513,574,0,0,0
20514,574,0,0,0
20515,574,0,0,0
20516,574,0,0,0
20517,574,0,0,0
20518,574,0,0,0
20519,574,0,0,0
20520,574,0,0,0
20521,574,0,0,0
20522,574,0,0,0
20523,574,0,0,0
20524,574,0,0,0
20525,574,0,0,0
20526,574,0,0,0
20527,574,0,0,0
20528,574,0,0,0
20529,574,0,0,0
20530,597,1,23,0
20531,597,0,0,0
20532,597,0,0,0
20533,597,0,0,0
20534,597,0,0,0
20535,597,0,0,0
20536,597,0,0,0
20537,597,0,0,0
20538,597,0,0,0
20539,597,0,0,0
20540,597,0,0,0
20541,597,0,0,0
20542,597,0,0,0
20543,597,0,0,0
20544,597,0,0,0
20545,597,0,0,0
20546,597,0,0,0
20547,597,0,0,0
20548,597,0,0,0
20549,597,0,0,0
20550,597,0,0,0
20551,597,0,0,0
20552,597,0,0,0
20553,597,0,0,0
20554,597,0,0,0
20555,597,0,0,0
20556,597,0,0,0
20557,597,0,0,0
20558,597,0,0,0
20559,597,0,0,0
20560,597,0,0,0
20561,597,0,0,0
20562,597,0,0,0
20563,597,0,0,0
20564,597,0,0,0
20565,597,0,0,0
20566,597,0,0,0
20567,597,0,0,0
20568,597,0,0,0
20569,597,0,0,0
20570,597,0,0,0
20571,597,0,0,0
20572,597,0,0,0
20573,597,0,0,0
20574,597,0,0,0
20575,597,0,0,0
20576,597,0,0,0
20577,597,0,0,0
20578,597,0,0,0
20579,597,0,0,0
20580,597,0,0,0
20581,597,0,0,0
20582,597,0,0,0
20583,597,0,0,0
20584,597,0,0,0
20585,597,0,0,0
20586,597,0,0,0
20587,597,0,0,0
20588,597,0,0,0
20589,597,0,0,0
20590,597,0,0,0
20591,597,0,0,0
20592,597,0,0,0
20593,597,0,0,0
20594,597,0,0,0
20595,597,0,0,0
20596,597,0,0,0
20597,597,0,0,0
20598,597,0,0,0
20599,597,0,0,0
20600,597,0,0,0
20601,597,0,0,0
20602,597,0,0,0
20603,597,0,0,0
20604,597,0,0,0
20605,597,0,0,0
20606,597,0,0,0
20607,597,0,0,0
20608,597,0,0,0
20609,597,0,0,0
20610,597,0,0,0
20611,597,0,0,0
20612,597,0,0,0
20613,597,0,0,0
20614,597,0,0,0
20615,597,0,0,0
20616,597,0,0,0
20617,597,0,0,0
20618,597,0,0,0
20619,597,0,0,0
20620,597,0,0,0
20621,597,0,0,0
20622,597,0,0,0
20623,597,0,0,0
20624,597,0,0,0
20625,597,0,0,0
20626,597,0,0,0
20627,597,0,0,0
20628,597,0,0,0
20629,597,0,0,0
20630,597,0,0,0
20631,597,0,0,0
20632,597,0,0,0
20633,597,0,0,0
20634,597,0,0,0
20635,597,0,0,0
20636,597,0,0,0
20637,597,0,0,0
20638,597,0,0,0
20639,597,0,0,0
20640,597,0,0,0
20641,597,0,0,0
20642,574,1,0,23
20643,574,0,0,0
20644,574,0,0,0
20645,574,0,0,0
20646,574,0,0,0
20647,574,0,0,0
20648,574,0,0,0
20649,574,0,0,0
20650,574,0,0,0
20651,574,0,0,0
20652,574,0,0,0
20653,574,0,0,0
20654,574,0,0,0
20655,574,0,0,0
20656,574,0,0,0
20657,574,0,0,0
20658,574,0,0,0
20659,574,0,0,0
20660,574,0,0,0
20661,574,0,0,0
20662,574,0,0,0
20663,574,0,0,0
20664,574,0,0,0
20665,574,0,0,0
20666,574,0,0,0
20667,574,0,0,0
20668,574,0,0,0
20669,574,0,0,0
20670,574,0,0,0
20671,574,0,0,0
20672,574,0,0,0
20673,574,0,0,0
20674,574,0,0,0
20675,574,0,0,0
20676,574,0,0,0
20677,574,0,0,0
20678,574,0,0,0
20679,574,0,0,0
20680,574,0,0,0
20681,574,0,0,0
20682,574,0,0,0
20683,574,0,0,0
20684,574,0,0,0
20685,574,0,0,0
20686,574,0,0,0
20687,574,0,0,0
20688,574,0,0,0
20689,574,0,0,0
20690,574,0,0,0
20691,574,0,0,0
20692,574,0,0,0
20693,574,0,0,0
20694,574,0,0,0
20695,574,0,0,0
20696,574,0,0,0
20697,574,0,0,0
20698,574,0,0,0
20699,574,0,0,0
20700,574,0,0,0
20701,574,0,0,0
20702,597,1,23,0
20703,597,0,0,0
20704,597,0,0,0
20705,597,0,0,0
20706,597,0,0,0
20707,597,0,0,0
20708,597,0,0,0
20709,597,0,0,0
20710,597,0,0,0
20711,597,0,0,0
20712,597,0,0,0
20713,597,0,0,0
20714,597,0,0,0
20715,597,0,0,0
20716,597,0,0,0
20717,597,0,0,0
20718,597,0,0,0
20719,597,0,0,0
20720,597,0,0,0
20721,597,0,0,0
20722,597,0,0,0
20723,597,0,0,0
20724,597,0,0,0
20725,597,0,0,0
20726,597,0,0,0
20727,597,0,0,0
20728,597,0,0,0
20729,597,0,0,0
20730,597,0,0,0
20731,597,0,0,0
20732,597,0,0,0
20733,597,0,0,0
20734,597,0,0,0
20735,597,0,0,0
20736,597,0,0,0
20737,597,0,0,0
20738,597,0,0,0
20739,597,0,0,0
20740,597,0,0,0
20741,597,0,0,0
20742,597,0,0,0
20743,597,0,0,0
20744,597,0,0,0
20745,597,0,0,0
20746,597,0,0,0
20747,597,0,0,0
20748,597,0,0,0
20749,597,0,0,0
20750,597,0,0,0
20751,597,0,0,0
20752,597,0,0,0
20753,597,0,0,0
20754,591,1,0,6
20755,591,0,0,0
20756,591,0,0,0
20757,591,0,0,0
20758,591,0,0,0
20759,591,0,0,0
20760,591,0,0,0
20761,591,0,0,0
20762,591,0,0,0
20763,591,0,0,0
20764,591,0,0,0
20765,591,0,0,0
20766,591,0,0,0
20767,591,0,0,0
20768,591,0,0,0
20769,591,0,0,0
20770,591,0,0,0
20771,591,0,0,0
20772,591,0,0,0
20773,591,0,0,0
20774,591,0,0,0
20775,591,0,0,0
20776,591,0,0,0
20777,591,0,0,0
20778,591,0,0,0
20779,591,0,0,0
20780,591,0,0,0
20781,591,0,0,0
20782,591,0,0,0
20783,591,0,0,0
20784,591,0,0,0
20785,591,0,0,0
20786,591,0,0,0
20787,591,0,0,0
20788,591,0,0,0
20789,591,0,0,0
20790,591,0,0,0
20791,591,0,0,0
20792,591,0,0,0
20793,591,0,0,0
20794,591,0,0,0
20795,591,0,0,0
20796,591,0,0,0
20797,591,0,0,0
20798,591,0,0,0
20799,591,0,0,0
20800,591,0,0,0
20801,591,0,0,0
20802,591,0,0,0
20803,591,0,0,0
20804,591,0,0,0
20805,591,0,0,0
20806,591,0,0,0
20807,591,0,0,0
20808,591,0,0,0
20809,591,0,0,0
20810,591,0,0,0
20811,591,0,0,0
20812,571,1,0,20
20813,571,0,0,0
20814,576,1,6,1
20815,576,0,0,0
20816,576,0,0,0
20817,576,0,0,0
20818,576,0,0,0
20819,576,0,0,0
20820,576,0,0,0
20821,576,0,0,0
20822,576,0,0,0
20823,576,0,0,0
20824,576,0,0,0
20825,576,0,0,0
20826,576,0,0,0
20827,576,0,0,0
20828,576,0,0,0
20829,576,0,0,0
20830,576,0,0,0
20831,576,0,0,0
20832,576,0,0,0
20833,576,0,0,0
20834,576,0,0,0
20835,576,0,0,0
20836,576,0,0,0
20837,576,0,0,0
20838,576,0,0,0
20839,576,0,0,0
20840,576,0,0,0
20841,576,0,0,0
20842,576,0,0,0
20843,576,0,0,0
20844,576,0,0,0
20845,576,0,0,0
20846,576,0,0,0
20847,576,0,0,0
20848,576,0,0,0
20849,576,0,0,0
20850,576,0,0,0
20851,576,0,0,0
20852,576,0,0,0
20853,576,0,0,0
20854,576,0,0,0
20855,576,0,0,0
20856,576,0,0,0
20857,576,0,0,0
20858,576,0,0,0
20859,576,0,0,0
20860,576,0,0,0
20861,576,0,0,0
20862,576,0,0,0
20863,576,0,0,0
20864,576,0,0,0
20865,576,0,0,0
20866,576,0,0,0
20867,576,0,0,0
20868,576,0,0,0
20869,576,0,0,0
20870,576,0,0,0
20871,576,0,0,0
20872,597,1,21,0
20873,597,0,0,0
20874,597,0,0,0
20875,597,0,0,0
20876,597,0,0,0
20877,597,0,0,0
20878,597,0,0,0
20879,597,0,0,0
20880,597,0,0,0
20881,597,0,0,0
20882,597,0,0,0
20883,597,0,0,0
20884,597,0,0,0
20885,597,0,0,0
20886,597,0,0,0
20887,597,0,0,0
20888,597,0,0,0
20889,597,0,0,0
20890,597,0,0,0
20891,597,0,0,0
20892,597,0,0,0
20893,597,0,0,0
20894,597,0,0,0
20895,597,0,0,0
20896,597,0,0,0
20897,597,0,0,0
20898,597,0,0,0
20899,597,0,0,0
20900,597,0,0,0
20901,597,0,0,0
20902,597,0,0,0
20903,597,0,0,0
20904,597,0,0,0
20905,597,0,0,0
20906,597,0,0,0
20907,597,0,0,0
20908,597,0,0,0
20909,597,0,0,0
20910,597,0,0,0
20911,597,0,0,0
20912,597,0,0,0
20913,597,0,0,0
20914,597,0,0,0
20915,597,0,0,0
20916,597,0,0,0
20917,597,0,0,0
20918,597,0,0,0
20919,597,0,0,0
20920,597,0,0,0
20921,597,0,0,0
20922,597,0,0,0
20923,597,0,0,0
20924,597,0,0,0
20925,597,0,0,0
20926,597,0,0,0
20927,597,0,0,0
20928,597,0,0,0
20929,597,0,0,0
20930,597,0,0,0
20931,597,0,0,0
20932,597,0,0,0
20933,597,0,0,0
20934,597,0,0,0
20935,597,0,0,0
20936,597,0,0,0
20937,597,0,0,0
20938,597,0,0,0
20939,597,0,0,0
20940,597,0,0,0
20941,597,0,0,0
20942,597,0,0,0
20943,597,0,0,0
20944,597,0,0,0
20945,597,0,0,0
20946,597,0,0,0
20947,597,0,0,0
20948,597,0,0,0
20949,597,0,0,0
20950,597,0,0,0
20951,597,0,0,0
20952,597,0,0,0
20953,597,0,0,0
20954,597,0,0,0
20955,597,0,0,0
20956,597,0,0,0
20957,597,0,0,0
20958,597,0,0,0
20959,597,0,0,0
20960,597,0,0,0
20961,597,0,0,0
20962,597,0,0,0
20963,597,0,0,0
20964,597,0,0,0
20965,597,0,0,0
20966,597,0,0,0
20967,597,0,0,0
20968,597,0,0,0
20969,597,0,0,0
20970,597,0,0,0
20971,597,0,0,0
20972,597,0,0,0
20973,597,0,0,0
20974,597,0,0,0
20975,597,0,0,0
20976,597,0,0,0
20977,597,0,0,0
20978,597,0,0,0
20979,597,0,0,0
20980,597,0,0,0
20981,597,0,0,0
20982,576,1,0,21
20983,576,0,0,0
20984,576,0,0,0
20985,576,0,0,0
20986,576,0,0,0
20987,576,0,0,0
20988,576,0,0,0
20989,576,0,0,0
20990,576,0,0,0
20991,576,0,0,0
20992,576,0,0,0
20993,576,0,0,0
20994,576,0,0,0
20995,576,0,0,0
20996,576,0,0,0
20997,576,0,0,0
20998,576,0,0,0
20999,576,0,0,0
21000,576,0,0,0
21001,576,0,0,0
21002,576,0,0,0
21003,576,0,0,0
21004,576,0,0,0
21005,576,0,0,0
21006,576,0,0,0
21007,576,0,0,0
21008,576,0,0,0
21009,576,0,0,0
21010,576,0,0,0
21011,576,0,0,0
21012,576,0,0,0
21013,576,0,0,0
21014,576,0,0,0
21015,576,0,0,0
21016,576,0,0,0
21017,576,0,0,0
21018,576,0,0,0
21019,576,0,0,0
21020,576,0,0,0
21021,576,0,0,0
21022,576,0,0,0
21023,576,0,0,0
21024,576,0,0,0
21025,576,0,0,0
21026,576,0,0,0
21027,576,0,0,0
21028,576,0,0,0
21029,576,0,0,0
21030,576,0,0,0
21031,576,0,0,0
21032,576,0,0,0
21033,576,0,0,0
21034,576,0,0,0
21035,576,0,0,0
21036,576,0,0,0
21037,576,0,0,0
21038,576,0,0,0
21039,576,0,0,0
21040,576,0,0,0
21041,576,0,0,0
21042,597,1,21,0
21043,597,0,0,0
21044,597,0,0,0
21045,597,0,0,0
21046,597,0,0,0
21047,597,0,0,0
21048,597,0,0,0
21049,597,0,0,0
21050,597,0,0,0
21051,597,0,0,0
21052,597,0,0,0
21053,597,0,0,0
21054,597,0,0,0
21055,597,0,0,0
21056,597,0,0,0
21057,597,0,0,0
21058,597,0,0,0
21059,597,0,0,0
21060,597,0,0,0
21061,597,0,0,0
21062,597,0,0,0
21063,597,0,0,0
21064,597,0,0,0
21065,597,0,0,0
21066,597,0,0,0
21067,597,0,0,0
21068,597,0,0,0
21069,597,0,0,0
21070,597,0,0,0
21071,597,0,0,0
21072,597,0,0,0
21073,597,0,0,0
21074,597,0,0,0
21075,597,0,0,0
21076,597,0,0,0
21077,597,0,0,0
21078,597,0,0,0
21079,597,0,0,0
21080,597,0,0,0
21081,597,0,0,0
21082,597,0,0,0
21083,597,0,0,0
21084,597,0,0,0
21085,597,0,0,0
21086,597,0,0,0
21087,597,0,0,0
21088,597,0,0,0
21089,597,0,0,0
21090,597,0,0,0
21091,597,0,0,0
21092,597,0,0,0
21093,597,0,0,0
21094,597,0,0,0
21095,597,0,0,0
21096,597,0,0,0
21097,597,0,0,0
21098,597,0,0,0
21099,597,0,0,0
21100,597,0,0,0
21101,597,0,0,0
21102,597,0,0,0
21103,597,0,0,0
21104,597,0,0,0
21105,597,0,0,0
21106,597,0,0,0
21107,597,0,0,0
21108,597,0,0,0
21109,597,0,0,0
21110,597,0,0,0
21111,597,0,0,0
21112,597,0,0,0
21113,597,0,0,0
21114,597,0,0,0
21115,597,0,0,0
21116,597,0,0,0
21117,597,0,0,0
21118,597,0,0,0
21119,597,0,0,0
21120,597,0,0,0
21121,597,0,0,0
21122,597,0,0,0
21123,597,0,0,0
21124,597,0,0,0
21125,597,0,0,0
21126,597,0,0,0
21127,597,0,0,0
21128,597,0,0,0
21129,597,0,0,0
21130,597,0,0,0
21131,597,0,0,0
21132,597,0,0,0
21133,597,0,0,0
21134,597,0,0,0
21135,597,0,0,0
21136,597,0,0,0
21137,597,0,0,0
21138,597,0,0,0
21139,597,0,0,0
21140,597,0,0,0
21141,597,0,0,0
21142,597,0,0,0
21143,597,0,0,0
21144,597,0,0,0
21145,597,0,0,0
21146,597,0,0,0
21147,597,0,0,0
21148,597,0,0,0
21149,597,0,0,0
21150,576,1,0,21
21151,576,0,0,0
21152,576,0,0,0
21153,576,0,0,0
21154,576,0,0,0
21155,576,0,0,0
21156,576,0,0,0
21157,576,0,0,0
21158,576,0,0,0
21159,576,0,0,0
21160,576,0,0,0
21161,576,0,0,0
21162,576,0,0,0
21163,576,0,0,0
21164,576,0,0,0
21165,576,0,0,0
21166,576,0,0,0
21167,576,0,0,0
21168,576,0,0,0
21169,576,0,0,0
21170,576,0,0,0
21171,576,0,0,0
21172,576,0,0,0
21173,576,0,0,0
21174,576,0,0,0
21175,576,0,0,0
21176,576,0,0,0
21177,576,0,0,0
21178,576,0,0,0
21179,576,0,0,0
21180,576,0,0,0
21181,576,0,0,0
21182,576,0,0,0
21183,576,0,0,0
21184,576,0,0,0
21185,576,0,0,0
21186,576,0,0,0
21187,576,0,0,0
21188,576,0,0,0
21189,576,0,0,0
21190,576,0,0,0
21191,576,0,0,0
21192,576,0,0,0
21193,576,0,0,0
21194,576,0,0,0
21195,576,0,0,0
21196,576,0,0,0
21197,576,0,0,0
21198,576,0,0,0
21199,576,0,0,0
21200,576,0,0,0
21201,576,0,0,0
21202,576,0,0,0
21203,576,0,0,0
21204,576,0,0,0
21205,576,0,0,0
21206,576,0,0,0
21207,576,0,0,0
21208,576,0,0,0
21209,576,0,0,0
21210,597,1,21,0
21211,597,0,0,0
21212,597,0,0,0
21213,597,0,0,0
21214,597,0,0,0
21215,597,0,0,0
21216,597,0,0,0
21217,597,0,0,0
21218,597,0,0,0
21219,597,0,0,0
21220,597,0,0,0
21221,597,0,0,0
21222,597,0,0,0
21223,597,0,0,0
21224,597,0,0,0
21225,597,0,0,0
21226,597,0,0,0
21227,597,0,0,0
21228,597,0,0,0
21229,597,0,0,0
21230,597,0,0,0
21231,597,0,0,0
21232,597,0,0,0
21233,597,0,0,0
21234,597,0,0,0
21235,597,0,0,0
21236,597,0,0,0
21237,597,0,0,0
21238,597,0,0,0
21239,597,0,0,0
21240,597,0,0,0
21241,597,0,0,0
21242,597,0,0,0
21243,597,0,0,0
21244,597,0,0,0
21245,597,0,0,0
21246,597,0,0,0
21247,597,0,0,0
21248,597,0,0,0
21249,597,0,0,0
21250,597,0,0,0
21251,597,0,0,0
21252,597,0,0,0
21253,597,0,0,0
21254,597,0,0,0
21255,597,0,0,0
21256,597,0,0,0
21257,597,0,0,0
21258,597,0,0,0
21259,597,0,0,0
21260,597,0,0,0
21261,597,0,0,0
21262,597,0,0,0
21263,597,0,0,0
21264,597,0,0,0
21265,597,0,0,0
21266,597,0,0,0
21267,597,0,0,0
21268,597,0,0,0
21269,597,0,0,0
21270,597,0,0,0
21271,597,0,0,0
21272,597,0,0,0
21273,597,0,0,0
21274,597,0,0,0
21275,597,0,0,0
21276,597,0,0,0
21277,597,0,0,0
21278,597,0,0,0
21279,597,0,0,0
21280,597,0,0,0
21281,597,0,0,0
21282,597,0,0,0
21283,597,0,0,0
21284,597,0,0,0
21285,597,0,0,0
21286,597,0,0,0
21287,597,0,0,0
21288,597,0,0,0
21289,597,0,0,0
21290,597,0,0,0
21291,597,0,0,0
21292,597,0,0,0
21293,597,0,0,0
21294,597,0,0,0
21295,597,0,0,0
21296,597,0,0,0
21297,597,0,0,0
21298,597,0,0,0
21299,597,0,0,0
21300,597,0,0,0
21301,597,0,0,0
21302,597,0,0,0
21303,597,0,0,0
21304,597,0,0,0
21305,597,0,0,0
21306,597,0,0,0
21307,597,0,0,0
21308,597,0,0,0
21309,597,0,0,0
21310,597,0,0,0
21311,597,0,0,0
21312,597,0,0,0
21313,597,0,0,0
21314,597,0,0,0
21315,597,0,0,0
21316,597,0,0,0
21317,597,0,0,0
21318,576,1,0,21
21319,576,0,0,0
21320,576,0,0,0
21321,576,0,0,0
21322,576,0,0,0
21323,576,0,0,0
21324,576,0,0,0
21325,576,0,0,0
21326,576,0,0,0
21327,576,0,0,0
21328,576,0,0,0
21329,576,0,0,0
21330,576,0,0,0
21331,576,0,0,0
21332,576,0,0,0
21333,576,0,0,0
21334,576,0,0,0
21335,576,0,0,0
21336,576,0,0,0
21337,576,0,0,0
21338,576,0,0,0
21339,576,0,0,0
21340,576,0,0,0
21341,576,0,0,0
21342,576,0,0,0
21343,576,0,0,0
21344,576,0,0,0
21345,576,0,0,0
21346,576,0,0,0
21347,576,0,0,0
21348,576,0,0,0
21349,576,0,0,0
21350,576,0,0,0
21351,576,0,0,0
21352,576,0,0,0
21353,576,0,0,0
21354,576,0,0,0
21355,576,0,0,0
21356,576,0,0,0
21357,576,0,0,0
21358,576,0,0,0
21359,576,0,0,0
21360,576,0,0,0
21361,576,0,0,0
21362,576,0,0,0
21363,576,0,0,0
21364,576,0,0,0
21365,576,0,0,0
21366,576,0,0,0
21367,576,0,0,0
21368,576,0,0,0
21369,576,0,0,0
21370,576,0,0,0
21371,576,0,0,0
21372,576,0,0,0
21373,576,0,0,0
21374,576,0,0,0
21375,576,0,0,0
21376,576,0,0,0
21377,576,0,0,0
21378,597,1,21,0
21379,597,0,0,0
21380,597,0,0,0
21381,597,0,0,0
21382,597,0,0,0
21383,597,0,0,0
21384,597,0,0,0
21385,597,0,0,0
21386,597,0,0,0
21387,597,0,0,0
21388,597,0,0,0
21389,597,0,0,0
21390,597,0,0,0
21391,597,0,0,0
21392,597,0,0,0
21393,597,0,0,0
21394,597,0,0,0
21395,597,0,0,0
21396,597,0,0,0
21397,597,0,0,0
21398,597,0,0,0
21399,597,0,0,0
21400,597,0,0,0
21401,597,0,0,0
21402,597,0,0,0
21403,597,0,0,0
21404,597,0,0,0
21405,597,0,0,0
21406,597,0,0,0
21407,597,0,0,0
21408,597,0,0,0
21409,597,0,0,0
21410,597,0,0,0
21411,597,0,0,0
21412,597,0,0,0
21413,597,0,0,0
21414,597,0,0,0
21415,597,0,0,0
21416,597,0,0,0
21417,597,0,0,0
21418,597,0,0,0
21419,597,0,0,0
21420,597,0,0,0
21421,597,0,0,0
21422,597,0,0,0
21423,597,0,0,0
21424,597,0,0,0
21425,597,0,0,0
21426,597,0,0,0
21427,597,0,0,0
21428,597,0,0,0
21429,597,0,0,0
21430,597,0,0,0
21431,597,0,0,0
21432,597,0,0,0
21433,597,0,0,0
21434,597,0,0,0
21435,597,0,0,0
21436,597,0,0,0
21437,597,0,0,0
21438,597,0,0,0
21439,597,0,0,0
21440,597,0,0,0
21441,597,0,0,0
21442,597,0,0,0
21443,597,0,0,0
21444,597,0,0,0
21445,597,0,0,0
21446,597,0,0,0
21447,597,0,0,0
21448,597,0,0,0
21449,597,0,0,0
21450,597,0,0,0
21451,597,0,0,0
21452,597,0,0,0
21453,597,0,0,0
21454,597,0,0,0
21455,597,0,0,0
21456,597,0,0,0
21457,597,0,0,0
21458,597,0,0,0
21459,597,0,0,0
21460,597,0,0,0
21461,597,0,0,0
21462,597,0,0,0
21463,597,0,0,0
21464,597,0,0,0
21465,597,0,0,0
21466,597,0,0,0
21467,597,0,0,0
21468,597,0,0,0
21469,597,0,0,0
21470,597,0,0,0
21471,597,0,0,0
21472,597,0,0,0
21473,597,0,0,0
21474,597,0,0,0
21475,597,0,0,0
21476,597,0,0,0
21477,597,0,0,0
21478,597,0,0,0
21479,597,0,0,0
21480,597,0,0,0
21481,597,0,0,0
21482,597,0,0,0
21483,597,0,0,0
21484,576,1,0,21
21485,576,0,0,0
21486,576,0,0,0
21487,576,0,0,0
21488,576,0,0,0
21489,576,0,0,0
21490,576,0,0,0
21491,576,0,0,0
21492,576,0,0,0
21493,576,0,0,0
21494,576,0,0,0
21495,576,0,0,0
21496,576,0,0,0
21497,576,0,0,0
21498,576,0,0,0
21499,576,0,0,0
21500,576,0,0,0
21501,576,0,0,0
21502,576,0,0,0
21503,576,0,0,0
21504,576,0,0,0
21505,576,0,0,0
21506,576,0,0,0
21507,576,0,0,0
21508,576,0,0,0
21509,576,0,0,0
21510,576,0,0,0
21511,576,0,0,0
21512,576,0,0,0
21513,576,0,0,0
21514,576,0,0,0
21515,576,0,0,0
21516,576,0,0,0
21517,576,0,0,0
21518,576,0,0,0
21519,576,0,0,0
21520,576,0,0,0
21521,576,0,0,0
21522,576,0,0,0
21523,576,0,0,0
21524,576,0,0,0
21525,576,0,0,0
21526,576,0,0,0
21527,576,0,0,0
21528,576,0,0,0
21529,576,0,0,0
21530,576,0,0,0
21531,576,0,0,0
21532,576,0,0,0
21533,576,0,0,0
21534,576,0,0,0
21535,576,0,0,0
21536,576,0,0,0
21537,576,0,0,0
21538,576,0,0,0
21539,576,0,0,0
21540,576,0,0,0
21541,576,0,0,0
21542,576,0,0,0
21543,576,0,0,0
21544,597,1,21,0
21545,597,0,0,0
21546,597,0,0,0
21547,597,0,0,0
21548,597,0,0,0
21549,597,0,0,0
21550,597,0,0,0
21551,597,0,0,0
21552,597,0,0,0
21553,597,0,0,0
21554,597,0,0,0
21555,597,0,0,0
21556,597,0,0,0
21557,597,0,0,0
21558,597,0,0,0
21559,597,0,0,0
21560,597,0,0,0
21561,597,0,0,0
21562,597,0,0,0
21563,597,0,0,0
21564,597,0,0,0
21565,597,0,0,0
21566,597,0,0,0
21567,597,0,0,0
21568,597,0,0,0
21569,597,0,0,0
21570,597,0,0,0
21571,597,0,0,0
21572,597,0,0,0
21573,597,0,0,0
21574,597,0,0,0
21575,597,0,0,0
21576,597,0,0,0
21577,597,0,0,0
21578,597,0,0,0
21579,597,0,0,0
21580,597,0,0,0
21581,597,0,0,0
21582,597,0,0,0
21583,597,0,0,0
21584,597,0,0,0
21585,597,0,0,0
21586,597,0,0,0
21587,597,0,0,0
21588,597,0,0,0
21589,597,0,0,0
21590,597,0,0,0
21591,597,0,0,0
21592,597,0,0,0
21593,597,0,0,0
21594,597,0,0,0
21595,597,0,0,0
21596,597,0,0,0
21597,597,0,0,0
21598,597,0,0,0
21599,597,0,0,0
21600,597,0,0,0
21601,597,0,0,0
21602,597,0,0,0
21603,597,0,0,0
21604,597,0,0,0
21605,597,0,0,0
21606,597,0,0,0
21607,597,0,0,0
21608,597,0,0,0
21609,597,0,0,0
21610,597,0,0,0
21611,597,0,0,0
21612,597,0,0,0
21613,597,0,0,0
21614,597,0,0,0
21615,597,0,0,0
21616,597,0,0,0
21617,597,0,0,0
21618,597,0,0,0
21619,597,0,0,0
21620,597,0,0,0
21621,597,0,0,0
21622,597,0,0,0
21623,597,0,0,0
21624,597,0,0,0
21625,597,0,0,0
21626,597,0,0,0
21627,597,0,0,0
21628,597,0,0,0
21629,597,0,0,0
21630,597,0,0,0
21631,597,0,0,0
21632,597,0,0,0
21633,597,0,0,0
21634,597,0,0,0
21635,597,0,0,0
21636,597,0,0,0
21637,597,0,0,0
21638,597,0,0,0
21639,597,0,0,0
21640,597,0,0,0
21641,597,0,0,0
21642,597,0,0,0
21643,597,0,0,0
21644,597,0,0,0
21645,597,0,0,0
21646,597,0,0,0
21647,597,0,0,0
21648,597,0,0,0
21649,597,0,0,0
21650,597,0,0,0
21651,597,0,0,0
21652,597,0,0,0
21653,597,0,0,0
21654,597,0,0,0
21655,597,0,0,0
21656,597,0,0,0
21657,597,0,0,0
21658,576,1,0,21
21659,576,0,0,0
21660,576,0,0,0
21661,576,0,0,0
21662,576,0,0,0
21663,576,0,0,0
21664,576,0,0,0
21665,576,0,0,0
21666,576,0,0,0
21667,576,0,0,0
21668,576,0,0,0
21669,576,0,0,0
21670,576,0,0,0
21671,576,0,0,0
21672,576,0,0,0
21673,576,0,0,0
21674,576,0,0,0
21675,576,0,0,0
21676,576,0,0,0
21677,576,0,0,0
21678,576,0,0,0
21679,576,0,0,0
21680,576,0,0,0
21681,576,0,0,0
21682,576,0,0,0
21683,576,0,0,0
21684,576,0,0,0
21685,576,0,0,0
21686,576,0,0,0
21687,576,0,0,0
21688,576,0,0,0
21689,576,0,0,0
21690,576,0,0,0
21691,576,0,0,0
21692,576,0,0,0
21693,576,0,0,0
21694,576,0,0,0
21695,576,0,0,0
21696,576,0,0,0
21697,576,0,0,0
21698,576,0,0,0
21699,576,0,0,0
21700,576,0,0,0
21701,576,0,0,0
21702,576,0,0,0
21703,576,0,0,0
21704,576,0,0,0
21705,576,0,0,0
21706,576,0,0,0
21707,576,0,0,0
21708,576,0,0,0
21709,576,0,0,0
21710,576,0,0,0
21711,576,0,0,0
21712,576,0,0,0
21713,576,0,0,0
21714,576,0,0,0
21715,576,0,0,0
21716,576,0,0,0
21717,576,0,0,0
21718,597,1,21,0
21719,597,0,0,0
21720,597,0,0,0
21721,597,0,0,0
21722,597,0,0,0
21723,597,0,0,0
21724,597,0,0,0
21725,597,0,0,0
21726,597,0,0,0
21727,597,0,0,0
21728,597,0,0,0
21729,597,0,0,0
21730,597,0,0,0
21731,597,0,0,0
21732,597,0,0,0
21733,597,0,0,0
21734,597,0,0,0
21735,597,0,0,0
21736,597,0,0,0
21737,597,0,0,0
21738,597,0,0,0
21739,597,0,0,0
21740,597,0,0,0
21741,597,0,0,0
21742,597,0,0,0
21743,597,0,0,0
21744,597,0,0,0
21745,597,0,0,0
21746,597,0,0,0
21747,597,0,0,0
21748,597,0,0,0
21749,597,0,0,0
21750,597,0,0,0
21751,597,0,0,0
21752,597,0,0,0
21753,597,0,0,0
21754,597,0,0,0
21755,597,0,0,0
21756,597,0,0,0
21757,597,0,0,0
21758,597,0,0,0
21759,597,0,0,0
21760,597,0,0,0
21761,597,0,0,0
21762,597,0,0,0
21763,597,0,0,0
21764,597,0,0,0
21765,597,0,0,0
21766,597,0,0,0
21767,597,0,0,0
21768,597,0,0,0
21769,597,0,0,0
21770,597,0,0,0
21771,597,0,0,0
21772,597,0,0,0
21773,597,0,0,0
21774,597,0,0,0
21775,597,0,0,0
21776,597,0,0,0
21777,597,0,0,0
21778,597,0,0,0
21779,597,0,0,0
21780,597,0,0,0
21781,597,0,0,0
21782,597,0,0,0
21783,597,0,0,0
21784,597,0,0,0
21785,597,0,0,0
21786,597,0,0,0
21787,597,0,0,0
21788,597,0,0,0
21789,597,0,0,0
21790,597,0,0,0
21791,597,0,0,0
21792,597,0,0,0
21793,597,0,0,0
21794,597,0,0,0
21795,597,0,0,0
21796,597,0,0,0
21797,597,0,0,0
21798,597,0,0,0
21799,597,0,0,0
21800,597,0,0,0
21801,597,0,0,0
21802,597,0,0,0
21803,597,0,0,0
21804,597,0,0,0
21805,597,0,0,0
21806,597,0,0,0
21807,597,0,0,0
21808,597,0,0,0
21809,597,0,0,0
21810,597,0,0,0
21811,597,0,0,0
21812,597,0,0,0
21813,597,0,0,0
21814,597,0,0,0
21815,597,0,0,0
21816,597,0,0,0
21817,597,0,0,0
21818,597,0,0,0
21819,597,0,0,0
21820,597,0,0,0
21821,597,0,0,0
21822,597,0,0,0
21823,597,0,0,0
21824,597,0,0,0
21825,597,0,0,0
21826,597,0,0,0
21827,597,0,0,0
21828,597,0,0,0
21829,597,0,0,0
21830,597,0,0,0
21831,597,0,0,0
21832,597,0,0,0
21833,597,0,0,0
21834,576,1,0,21
21835,576,0,0,0
21836,576,0,0,0
21837,576,0,0,0
21838,576,0,0,0
21839,576,0,0,0
21840,576,0,0,0
21841,576,0,0,0
21842,576,0,0,0
21843,576,0,0,0
21844,576,0,0,0
21845,576,0,0,0
21846,576,0,0,0
21847,576,0,0,0
21848,576,0,0,0
21849,576,0,0,0
21850,576,0,0,0
21851,576,0,0,0
21852,576,0,0,0
21853,576,0,0,0
21854,576,0,0,0
21855,576,0,0,0
21856,576,0,0,0
21857,576,0,0,0
21858,576,0,0,0
21859,576,0,0,0
21860,576,0,0,0
21861,576,0,0,0
21862,576,0,0,0
21863,576,0,0,0
21864,576,0,0,0
21865,576,0,0,0
21866,576,0,0,0
21867,576,0,0,0
21868,576,0,0,0
21869,576,0,0,0
21870,576,0,0,0
21871,576,0,0,0
21872,576,0,0,0
21873,576,0,0,0
21874,576,0,0,0
21875,576,0,0,0
21876,576,0,0,0
21877,576,0,0,0
21878,576,0,0,0
21879,576,0,0,0
21880,576,0,0,0
21881,576,0,0,0
21882,576,0,0,0
21883,576,0,0,0
21884,576,0,0,0
21885,576,0,0,0
21886,576,0,0,0
21887,576,0,0,0
21888,576,0,0,0
21889,576,0,0,0
21890,576,0,0,0
21891,576,0,0,0
21892,576,0,0,0
21893,576,0,0,0
21894,597,1,21,0
21895,597,0,0,0
21896,597,0,0,0
21897,597,0,0,0
21898,597,0,0,0
21899,597,0,0,0
21900,597,0,0,0
21901,597,0,0,0
21902,597,0,0,0
21903,597,0,0,0
21904,597,0,0,0
21905,597,0,0,0
21906,597,0,0,0
21907,597,0,0,0
21908,597,0,0,0
21909,597,0,0,0
21910,597,0,0,0
21911,597,0,0,0
21912,597,0,0,0
21913,597,0,0,0
21914,597,0,0,0
21915,597,0,0,0
21916,597,0,0,0
21917,597,0,0,0
21918,597,0,0,0
21919,597,0,0,0
21920,597,0,0,0
21921,597,0,0,0
21922,597,0,0,0
21923,597,0,0,0
21924,597,0,0,0
21925,597,0,0,0
21926,597,0,0,0
21927,597,0,0,0
21928,597,0,0,0
21929,597,0,0,0
21930,597,0,0,0
21931,597,0,0,0
21932,597,0,0,0
21933,597,0,0,0
21934,597,0,0,0
21935,597,0,0,0
21936,597,0,0,0
21937,597,0,0,0
21938,597,0,0,0
21939,597,0,0,0
21940,597,0,0,0
21941,597,0,0,0
21942,597,0,0,0
21943,597,0,0,0
21944,597,0,0,0
21945,597,0,0,0
21946,597,0,0,0
21947,597,0,0,0
21948,597,0,0,0
21949,597,0,0,0
21950,597,0,0,0
21951,597,0,0,0
21952,597,0,0,0
21953,597,0,0,0
21954,597,0,0,0
21955,597,0,0,0
21956,597,0,0,0
21957,597,0,0,0
21958,597,0,0,0
21959,597,0,0,0
21960,597,0,0,0
21961,597,0,0,0
21962,597,0,0,0
21963,597,0,0,0
21964,597,0,0,0
21965,597,0,0,0
21966,597,0,0,0
21967,597,0,0,0
21968,597,0,0,0
21969,597,0,0,0
21970,597,0,0,0
21971,597,0,0,0
21972,597,0,0,0
21973,597,0,0,0
21974,597,0,0,0
21975,597,0,0,0
21976,597,0,0,0
21977,597,0,0,0
21978,597,0,0,0
21979,597,0,0,0
21980,597,0,0,0
21981,597,0,0,0
21982,597,0,0,0
21983,597,0,0,0
21984,597,0,0,0
21985,597,0,0,0
21986,597,0,0,0
21987,597,0,0,0
21988,597,0,0,0
21989,597,0,0,0
21990,597,0,0,0
21991,597,0,0,0
21992,597,0,0,0
21993,597,0,0,0
21994,597,0,0,0
21995,597,0,0,0
21996,597,0,0,0
21997,597,0,0,0
21998,597,0,0,0
21999,597,0,0,0
22000,597,0,0,0
22001,597,0,0,0
22002,597,0,0,0
22003,597,0,0,0
22004,597,0,0,0
