ticker,name,exchange,is_etf
A,"Agilent Technologies, Inc. Common Stock",N,N
AA,Alcoa Corporation Common Stock,N,N
AAA,Alternative Access First Priority CLO Bond ETF,P,Y
AAAA,Amplius Aggressive Asset Allocation ETF,Z,Y
AAAC,Columbia AAA CLO ETF,P,Y
AAAU,Goldman Sachs Physical Gold ETF Shares,Z,Y
AACB,Artius II Acquisition Inc. - Class A Ordinary Shares,NASDAQ,N
AACBR,Artius II Acquisition Inc. - Rights,NASDAQ,N
AACBU,Artius II Acquisition Inc. - Units,NASDAQ,N
AACG,"ATA Creativity Global - American Depositary Shares, each representing two common shares",NASDAQ,N
AADR,AdvisorShares Dorsey Wright ADR ETF,NASDAQ,Y
AAEQ,Alpha Architect US Equity 2 ETF,NASDAQ,Y
AAL,"American Airlines Group, Inc. - Common Stock",NASDAQ,N
AALG,Leverage Shares 2X Long AAL Daily ETF,NASDAQ,Y
AAM,AA Mission Acquisition Corp. Class A Ordinary Shares,N,N
AAM.U,"AA Mission Acquisition Corp. Units, each consisting of one Class A Ordinary Share and one-half of one redeemable warrant",N,N
AAM.W,"AA Mission Acquisition Corp. Warrants, each whole warrant entitles the holder to purchase one Class A ordinary share at a price of $11.50 per share",N,N
AAME,Atlantic American Corporation - Common Stock,NASDAQ,N
AAMI,Acadian Asset Management Inc. Common Stock,N,N
AAOI,"Applied Optoelectronics, Inc. - Common Stock",NASDAQ,N
AAON,"AAON, Inc. - Common Stock",NASDAQ,N
AAP,Advance Auto Parts Inc.,N,N
AAPB,GraniteShares 2x Long AAPL Daily ETF,NASDAQ,Y
AAPD,Direxion Daily AAPL Bear 1X Shares,NASDAQ,Y
AAPG,Ascentage Pharma Group International - American Depository Shares,NASDAQ,N
AAPL,Apple Inc. - Common Stock,NASDAQ,N
AAPR,Innovator Equity Defined Protection ETF - 2 Yr to April 2026,Z,Y
AAPU,Direxion Daily AAPL Bull 2X Shares,NASDAQ,Y
AAPW,Roundhill AAPL WeeklyPay ETF,Z,Y
AAPX,T-Rex 2X Long Apple Daily Target ETF,Z,Y
AAPY,Kurv Yield Premium Strategy Apple (AAPL) ETF,Z,Y
AARD,"Aardvark Therapeutics, Inc. - Common Stock",NASDAQ,N
AAT,"American Assets Trust, Inc. Common Stock",N,N
AAUC,Allied Gold Corporation Common Shares,N,N
AAUM,Tema Alternative Asset Managers ETF,Z,Y
AAUS,Alpha Architect US Equity ETF,NASDAQ,Y
AAVM,Alpha Architect Global Factor Equity ETF,NASDAQ,Y
AAXJ,iShares MSCI All Country Asia ex Japan ETF,NASDAQ,Y
AB,AllianceBernstein Holding L.P.  Units,N,N
ABAT,American Battery Technology Company - Common Stock,NASDAQ,N
ABBV,AbbVie Inc. Common Stock,N,N
ABCB,Ameris Bancorp Common Stock,N,N
ABCL,AbCellera Biologics Inc. - Common Shares,NASDAQ,N
ABCS,Alpha Blue Capital US Small-Mid Cap Dynamic ETF,NASDAQ,Y
ABEO,Abeona Therapeutics Inc. - Common Stock,NASDAQ,N
ABEQ,Absolute Select Value ETF,P,Y
ABEV,Ambev S.A. American Depositary Shares (Each representing 1 Common Share),N,N
ABFL,Abacus FCF Leaders ETF,Z,Y
ABG,Asbury Automotive Group Inc Common Stock,N,N
ABI,VictoryShares Pioneer Asset-Based Income ETF,NASDAQ,Y
ABIG,Argent Large Cap ETF,NASDAQ,Y
ABLD,Abacus FCF Real Assets Leaders ETF,Z,Y
ABLG,Abacus FCF International Leaders ETF,Z,Y
ABLS,Abacus FCF Small Cap Leaders ETF,Z,Y
ABLV,Able View Global Inc. - Class B Ordinary Shares,NASDAQ,N
ABLVW,Able View Global Inc. - Warrant,NASDAQ,N
ABM,ABM Industries Incorporated Common Stock,N,N
ABNB,"Airbnb, Inc. - Class A Common Stock",NASDAQ,N
ABNG,Leverage Shares 2x Long ABNB Daily ETF,NASDAQ,Y
ABNY,YieldMax ABNB Option Income Strategy ETF,P,Y
ABOS,"Acumen Pharmaceuticals, Inc. - Common Stock",NASDAQ,N
ABOT,Abacus FCF Innovation Leaders ETF,Z,Y
ABP,"Abpro Holdings, Inc - Common Stock",NASDAQ,N
ABPWW,"Abpro Holdings, Inc - Warrant",NASDAQ,N
ABR,Arbor Realty Trust Common Stock,N,N
ABR$D,"Arbor Realty Trust 6.375% Series D Cumulative Redeemable Preferred Stock, Liquidation Preference $25.00 per Share",N,N
ABR$E,Arbor Realty Trust 6.25% Series E Cumulative Redeemable Preferred Stock,N,N
ABR$F,"Arbor Realty Trust 6.25% Series F Fixed-to-Floating Rate Cumulative Redeemable Preferred Stock, Liquidation Preference $25.00 per share",N,N
ABSI,Absci Corporation - Common Stock,NASDAQ,N
ABT,Abbott Laboratories Common Stock,N,N
ABTC,American Bitcoin Corp. - Class A Common Stock,NASDAQ,N
ABTS,Abits Group Inc - Ordinary Shares,NASDAQ,N
ABUS,Arbutus Biopharma Corporation - Common Stock,NASDAQ,N
ABVC,"ABVC BioPharma, Inc. - Common Stock",NASDAQ,N
ABVE,Above Food Ingredients Inc. - Common Stock,NASDAQ,N
ABVEW,Above Food Ingredients Inc. - Warrant,NASDAQ,N
ABVX,Abivax SA - American Depositary Shares,NASDAQ,N
ABX,"Abacus Global Management, Inc. Class A Common Stock",N,N
ABXB,Abacus Flexible Bond Leaders ETF,Z,Y
ABXL,"Abacus Global Management, Inc. 9.875% Fixed Rate Senior Notes due 2028",N,N
ACA,"Arcosa, Inc. Common Stock",N,N
ACAD,ACADIA Pharmaceuticals Inc. - Common Stock,NASDAQ,N
ACB,Aurora Cannabis Inc. - Common Shares,NASDAQ,N
ACCL,Acco Group Holdings Limited - Ordinary Shares,NASDAQ,N
ACCO,Acco Brands Corporation Common Stock,N,N
ACCS,ACCESS Newswire Inc. Common Stock,A,N
ACDC,ProFrac Holding Corp. - Class A Common Stock,NASDAQ,N
ACEI,Innovator Equity Autocallable Income Strategy ETF,P,Y
ACEL,"Accel Entertainment, Inc.",N,N
ACEP,ARS Core Equity Portfolio ETF,NASDAQ,Y
ACES,ALPS Clean Energy ETF,P,Y
ACET,"Adicet Bio, Inc. - Common Stock",NASDAQ,N
ACFN,"Acorn Energy, Inc. - Common Stock",NASDAQ,N
ACGL,Arch Capital Group Ltd. - Common Stock,NASDAQ,N
ACGLN,"Arch Capital Group Ltd. - Depositary Shares, each Representing a 1/1,000th Interest in a 4.550% Non-Cumulative Preferred Share, Series G",NASDAQ,N
ACGLO,"Arch Capital Group Ltd. - Depositary Shares Each Representing 1/1,000th Interest in a Share of5.45% Non-Cumulative Preferred Shares, Series F",NASDAQ,N
ACGR,American Century Large Cap Growth ETF,P,Y
ACH,"Accendra Health, Inc. Common Stock",N,N
ACHC,"Acadia Healthcare Company, Inc. - Common Stock",NASDAQ,N
ACHR,Archer Aviation Inc. Class A Common Stock,N,N
ACHR.W,"Archer Aviation Inc. Redeemable Warrants, each whole warrant exercisable for one Class A common stock at an exercise price of $11.50",N,N
ACHV,"Achieve Life Sciences, Inc.  - Common Shares",NASDAQ,N
ACI,"Albertsons Companies, Inc. Class A Common Stock",N,N
ACIC,American Coastal Insurance Corporation - Common Stock,NASDAQ,N
ACII,Innovator Index Autocallable Income Strategy ETF,P,Y
ACIO,Aptus Collared Investment Opportunity ETF,Z,Y
ACIU,AC Immune SA - Common Stock,NASDAQ,N
ACIW,"ACI Worldwide, Inc. - Common Stock",NASDAQ,N
ACKY,VistaShares Target 15 ACKtivist Distribution ETF,P,Y
ACLC,American Century Large Cap Equity ETF,P,Y
ACLO,TCW AAA CLO ETF,N,Y
ACLS,"Axcelis Technologies, Inc. - Common Stock",NASDAQ,N
ACLX,"Arcellx, Inc. - Common Stock",NASDAQ,N
ACM,AECOM Common Stock,N,N
ACMR,"ACM Research, Inc. - Class A Common Stock",NASDAQ,N
ACN,Accenture plc Class A Ordinary Shares (Ireland),N,N
ACNB,ACNB Corporation - Common Stock,NASDAQ,N
ACNT,Ascent Industries Co. - Common Stock,NASDAQ,N
ACOG,Alpha Cognition Inc. - Common Stock,NASDAQ,N
ACON,"Aclarion, Inc. - Common Stock",NASDAQ,N
ACONW,"Aclarion, Inc. - Warrant",NASDAQ,N
ACP,abrdn Income Credit Strategies Fund Common Shares,N,N
ACP$A,abrdn Income Credit Strategies Fund 5.250% Series A Perpetual Preferred Stock,N,N
ACR,ACRES Commercial Realty Corp. Common Stock,N,N
ACR$C,ACRES Commercial Realty Corp. 8.625% Fixed-to-Floating Series C Cumulative Redeemable Preferred Stock,N,N
ACR$D,ACRES Commercial Realty Corp. 7.875% Series D Cumulative Redeemable Preferred Stock,N,N
ACRE,Ares Commercial Real Estate Corporation Common Stock,N,N
ACRS,"Aclaris Therapeutics, Inc. - Common Stock",NASDAQ,N
ACRV,"Acrivon Therapeutics, Inc. - Common Stock",NASDAQ,N
ACSG,American Century Small Cap Growth Insights ETF,Z,Y
ACSI,American Customer Satisfaction ETF,Z,Y
ACSV,American Century Small Cap Value Insights ETF,Z,Y
ACT,"Enact Holdings, Inc. - Common Stock",NASDAQ,N
ACTG,Acacia Research Corporation - Common Stock,NASDAQ,N
ACTU,"Actuate Therapeutics, Inc. - Common stock",NASDAQ,N
ACU,Acme United Corporation. Common Stock,A,N
ACV,Virtus Diversified Income & Convertible Fund Common Shares of Beneficial Interest,N,N
ACVA,ACV Auctions Inc. Class A Common Stock,N,N
ACVF,American Conservative Values ETF,P,Y
ACVT,Advent Convertible Bond ETF,P,Y
ACWI,iShares MSCI ACWI ETF,NASDAQ,Y
ACWV,iShares MSCI Global Min Vol Factor ETF,Z,Y
ACWX,iShares MSCI ACWI ex U.S. ETF,NASDAQ,Y
ACXP,"Acurx Pharmaceuticals, Inc. - Common Stock",NASDAQ,N
AD,"Array Digital Infrastructure, Inc. Common Shares",N,N
ADACU,American Drive Acquisition Company - Units,NASDAQ,N
ADAG,"Adagene Inc. - ADS, each representing 1.25 ordinary shares",NASDAQ,N
ADAM,"Adamas Trust, Inc. - Common Stock",NASDAQ,N
ADAMG,"Adamas Trust, Inc. - 9.125% Senior Notes Due 2030",NASDAQ,N
ADAMH,"Adamas Trust, Inc. - 9.875% Senior Notes Due 2030",NASDAQ,N
ADAMI,"Adamas Trust, Inc. - 9.125% Senior Notes Due 2029",NASDAQ,N
ADAML,"Adamas Trust, Inc. - 6.875% Series F Fixed-to-Floating Rate Cumulative Redeemable Preferred Stock, $0.01 par value per share",NASDAQ,N
ADAMM,"Adamas Trust, Inc. - 7.875% Series E Fixed-to-Floating Rate Cumulative Redeemable Preferred Stock",NASDAQ,N
ADAMN,"Adamas Trust, Inc. - 8.00% Series D Fixed-to-Floating Rate Cumulative Redeemable Preferred Stock",NASDAQ,N
ADAMZ,"Adamas Trust, Inc. - 7.000% Series G Cumulative Redeemable Preferred Stock, $0.01 par value per share",NASDAQ,N
ADBE,Adobe Inc. - Common Stock,NASDAQ,N
ADBG,Leverage Shares 2X Long ADBE Daily ETF,NASDAQ,Y
ADC,Agree Realty Corporation Common Stock,N,N
ADC$A,"Agree Realty Corporation Depositary Shares, each representing 1/1,000th of a 4.250% Series A Cumulative Redeemable Preferred Stock",N,N
ADCT,ADC Therapeutics SA Common Shares,N,N
ADEA,Adeia Inc.  - Common Stock,NASDAQ,N
ADFI,Anfield Dynamic Fixed Income ETF,Z,Y
ADGM,"Adagio Medical Holdings, Inc - Common Stock",NASDAQ,N
ADI,"Analog Devices, Inc. - Common Stock",NASDAQ,N
ADIL,"Adial Pharmaceuticals, Inc - Common Stock",NASDAQ,N
ADIV,Guinness Atkinson Asia Pacific Dividend Builder ETF,P,Y
ADM,Archer-Daniels-Midland Company Common Stock,N,N
ADMA,ADMA Biologics Inc - Common Stock,NASDAQ,N
ADME,Aptus Drawdown Managed Equity ETF,Z,Y
ADNT,Adient plc Ordinary Shares,N,N
ADP,"Automatic Data Processing, Inc. - Common Stock",NASDAQ,N
ADPT,Adaptive Biotechnologies Corporation - Common Stock,NASDAQ,N
ADPV,Adaptiv Select ETF,P,Y
ADSE,ADS-TEC ENERGY PLC - Ordinary Shares,NASDAQ,N
ADSEW,ADS-TEC ENERGY PLC - Warrant,NASDAQ,N
ADSK,"Autodesk, Inc. - Common Stock",NASDAQ,N
ADT,ADT Inc. Common Stock,N,N
ADTN,"ADTRAN Holdings, Inc. - Common Stock",NASDAQ,N
ADTX,"Aditxt, Inc. - Common Stock",NASDAQ,N
ADUR,Aduro Clean Technologies Inc. - Common Stock,NASDAQ,N
ADUS,Addus HomeCare Corporation - Common Stock,NASDAQ,N
ADV,Advantage Solutions Inc.  - Class A Common Stock,NASDAQ,N
ADVB,Advanced Biomed Inc. - Common Stock,NASDAQ,N
ADVE,Matthews Asia Dividend Active ETF,P,Y
ADX,Adams Diversified Equity Fund Inc.,N,N
ADXN,Addex Therapeutics Ltd - American Depositary Shares,NASDAQ,N
AEAQU,Activate Energy Acquisition Corp. - Unit,NASDAQ,N
AEBI,Aebi Schmidt Holding AG - Common Stock,NASDAQ,N
AEC,Anfield Energy Inc. - Common Shares,NASDAQ,N
AEE,Ameren Corporation Common Stock,N,N
AEF,"abrdn Emerging Markets ex-China Fund, Inc. Common Stock",A,N
AEFC,Aegon Funding Company LLC 5.10% Subordinated Notes due 2049,N,N
AEG,Aegon Ltd. New York Registry Shares,N,N
AEHL,Antelope Enterprise Holdings Limited - Class A Ordinary Shares,NASDAQ,N
AEHR,Aehr Test Systems - Common Stock,NASDAQ,N
AEI,Alset Inc. - Common Stock,NASDAQ,N
AEIS,"Advanced Energy Industries, Inc. - Common Stock",NASDAQ,N
AEM,Agnico Eagle Mines Limited Common Stock,N,N
AEMD,"Aethlon Medical, Inc. - Common Stock",NASDAQ,N
AEMS,Anfield Enhanced Market ETF,Z,Y
AENT,Alliance Entertainment Holding Corporation - common stock,NASDAQ,N
AENTW,Alliance Entertainment Holding Corporation - Warrants,NASDAQ,N
AEO,"American Eagle Outfitters, Inc. Common Stock",N,N
AEON,"AEON Biopharma, Inc. Class A Common Stock",A,N
AEP,"American Electric Power Company, Inc. - Common Stock",NASDAQ,N
AER,AerCap Holdings N.V. Ordinary Shares,N,N
AERO,"Grupo Aeromexico, S.A.B. de C.V. American Depositary Shares (each representing ten (10) Common Shares)",N,N
AERT,"Aeries Technology, Inc. - Class A Ordinary Share",NASDAQ,N
AERTW,"Aeries Technology, Inc. - Warrant",NASDAQ,N
AES,The AES Corporation Common Stock,N,N
AESI,Atlas Energy Solutions Inc. Common Stock,N,N
AESR,Anfield U.S. Equity Sector Rotation ETF,Z,Y
AETH,Bitwise Trendwise Ether and Treasuries Rotation Strategy ETF,P,Y
AEVA,"Aeva Technologies, Inc. - Common Stock",NASDAQ,N
AEVAW,"Aeva Technologies, Inc. - Redeemable Warrants",NASDAQ,N
AEXA,American Exceptionalism Acquisition Corp. A Class A Ordinary Shares,N,N
AEYE,"AudioEye, Inc. - Common Stock",NASDAQ,N
AFB,AllianceBernstein National Municipal Income Fund Inc,N,N
AFBI,"Affinity Bancshares, Inc. - Common Stock",NASDAQ,N
AFCG,Advanced Flower Capital Inc. - Common Stock,NASDAQ,N
AFG,"American Financial Group, Inc. Common Stock",N,N
AFGB,"American Financial Group, Inc. 5.875% Subordinated Debentures due 2059",N,N
AFGC,"American Financial Group, Inc. 5.125% Subordinated Debentures due 2059",N,N
AFGD,"American Financial Group, Inc. 5.625% Subordinated Debentures due 2060",N,N
AFGE,"American Financial Group, Inc. 4.500% Subordinated Debentures due 2060",N,N
AFIF,Anfield Universal Fixed Income ETF,Z,Y
AFIX,Allspring Broad Market Core Bond ETF,P,Y
AFJK,"Aimei Health Technology Co., Ltd - Ordinary Share",NASDAQ,N
AFJKR,"Aimei Health Technology Co., Ltd - Right",NASDAQ,N
AFJKU,"Aimei Health Technology Co., Ltd - Unit",NASDAQ,N
AFK,VanEck Africa Index ETF,P,Y
AFL,AFLAC Incorporated Common Stock,N,N
AFLG,First Trust Active Factor Large Cap ETF,P,Y
AFMC,First Trust Active Factor Mid Cap ETF,P,Y
AFOS,ARS Focused Opportunity Strategy ETF,NASDAQ,Y
AFRI,Forafric Global PLC - Ordinary Shares,NASDAQ,N
AFRIW,Forafric Global PLC - Warrants,NASDAQ,N
AFRM,"Affirm Holdings, Inc. - Class A Common Stock",NASDAQ,N
AFRU,T-REX 2X Long AFRM Daily Target ETF,Z,Y
AFSC,abrdn Focused U.S. Small Cap Active ETF,NASDAQ,Y
AFSM,First Trust Active Factor Small Cap ETF,P,Y
AFYA,Afya Limited - Class A Common Shares,NASDAQ,N
AG,First Majestic Silver Corp. Ordinary Shares (Canada),N,N
AGAE,Allied Gaming & Entertainment Inc. - Common Stock,NASDAQ,N
AGCC,Agencia Comercial Spirits Ltd - Class A Ordinary Share,NASDAQ,N
AGCO,AGCO Corporation Common Stock,N,N
AGD,abrdn Global Dynamic Dividend Fund Common Shares of Beneficial Interest,N,N
AGEM,abrdn Emerging Markets Dividend Active ETF,NASDAQ,Y
AGEN,Agenus Inc. - Common Stock,NASDAQ,N
AGG,iShares Core U.S. Aggregate Bond ETF,P,Y
AGGA,EA Astoria Dynamic Core US Fixed Income ETF,NASDAQ,Y
AGGH,Simplify Aggregate Bond ETF,P,Y
AGGS,Harbor Disciplined Bond ETF,P,Y
AGGY,WisdomTree Yield Enhanced U.S. Aggregate Bond Fund,P,Y
AGH,Aureus Greenway Holdings Inc. - Common Stock,NASDAQ,N
AGI,Alamos Gold Inc. Class A Common Shares,N,N
AGIG,Abundia Global Impact Group Inc. Common stock,A,N
AGIO,"Agios Pharmaceuticals, Inc. - Common Stock",NASDAQ,N
AGIQ,SoFi Agentic AI ETF,P,Y
AGIX,KraneShares Artificial Intelligence & Technology ETF,NASDAQ,Y
AGL,"agilon health, inc. Common Stock",N,N
AGM,Federal Agricultural Mortgage Corporation Common Stock,N,N
AGM$D,"Federal Agricultural Mortgage Corporation 5.700% Non-Cumulative Preferred Stock, Series D",N,N
AGM$E,"Federal Agricultural Mortgage Corporation 5.750% Non-Cumulative Preferred Stock, Series E",N,N
AGM$F,"Federal Agricultural Mortgage Corporation 5.250% Non-Cumulative Preferred Stock, Series F",N,N
AGM$G,"Federal Agricultural Mortgage Corporation 4.875% Non-Cumulative Preferred Stock, Series G",N,N
AGM$H,"Federal Agricultural Mortgage Corporation 6.500% Non-Cumulative Preferred Stock, Series H",N,N
AGM.A,Federal Agricultural Mortgage Corporation Common Stock,N,N
AGMH,AGM Group Holdings Inc. - Class A Ordinary Shares,NASDAQ,N
AGMI,Themes Silver Miners ETF,NASDAQ,Y
AGNC,AGNC Investment Corp. - Common Stock,NASDAQ,N
AGNCL,"AGNC Investment Corp. - Depositary Shares Each Representing a 1/1,000th Interest in a Share of 7.75% Series G Fixed-Rate Reset Cumulative Redeemable Preferred Stock",NASDAQ,N
AGNCM,AGNC Investment Corp. - Depositary Shares rep 6.875% Series D Fixed-to-Floating Cumulative Redeemable Preferred Stock,NASDAQ,N
AGNCN,"AGNC Investment Corp. - Depositary Shares Each Representing a 1/1,000th Interest in a Share of 7.00% Series C Fixed-To-Floating Rate Cumulative Redeemable Preferred Stock",NASDAQ,N
AGNCO,"AGNC Investment Corp. - Depositary Shares, each representing a 1/1,000th interest in a share of Series E Fixed-to-Floating Cumulative Redeemable Preferred Stock",NASDAQ,N
AGNCP,"AGNC Investment Corp. - Depositary Shares Each Representing a 1/1,000th Interest in a Share of 6.125% Series F Fixed-to-Floating Rate Cumulative Redeemable Preferred Stock",NASDAQ,N
AGNCZ,"AGNC Investment Corp. - Depositary Shares Each Representing a 1/1,000th Interest in a Share of 8.75% Series H Fixed-Rate Cumulative Redeemable Preferred Stock",NASDAQ,N
AGNG,Global X Aging Population ETF,NASDAQ,Y
AGO,Assured Guaranty Ltd. Common Stock,N,N
AGOX,Adaptive Alpha Opportunities ETF,P,Y
AGPU,Axe Compute Inc. - Common Stock,NASDAQ,N
AGQ,ProShares Ultra Silver,P,Y
AGQI,First Trust Active Global Quality Income ETF,P,Y
AGRH,iShares Interest Rate Hedged U.S. Aggregate Bond ETF,P,Y
AGRO,Adecoagro S.A. Common Shares,N,N
AGRW,Allspring LT Large Growth ETF,P,Y
AGRZ,Agroz Inc. - Ordinary Shares,NASDAQ,N
AGX,"Argan, Inc. Common Stock",N,N
AGYS,"Agilysys, Inc. - Common Stock",NASDAQ,N
AGZ,iShares  Agency Bond ETF,P,Y
AGZD,WisdomTree Interest Rate Hedged U.S. Aggregate Bond Fund,NASDAQ,Y
AHCO,AdaptHealth Corp.  - Common Stock,NASDAQ,N
AHG,Akso Health Group - American Depositary Shares,NASDAQ,N
AHH,"Armada Hoffler Properties, Inc. Common Stock",N,N
AHH$A,"Armada Hoffler Properties, Inc. 6.75% Series A Cumulative Redeemable Perpetual Preferred Stock",N,N
AHL,Aspen Insurance Holdings Limited Class A Ordinary Shares,N,N
AHL$D,Aspen Insurance Holdings Limited 5.625% Perpetual Non-Cumulative Preference Shares,N,N
AHL$E,"Aspen Insurance Holdings Limited Depositary Shares, each representing a 1/1000th interest in a share of 5.625% Perpetual Non-Cumulative Preference Shares",N,N
AHL$F,"Aspen Insurance Holdings Limited Depositary Shares, each representing a 1/1,000th Interest in a 7.00% Perpetual Non-Cumulative Preference Share",N,N
AHLT,AHL Trend ETF,P,Y
AHMA,Ambitions Enterprise Management Co. L.L.C - Class A Ordinary Shares,NASDAQ,N
AHR,"American Healthcare REIT, Inc. Common Stock",N,N
AHT,Ashford Hospitality Trust Inc Common Stock,N,N
AHT$D,Ashford Hospitality Trust Inc 8.45% Series D Cumulative Preferred Stock,N,N
AHT$F,Ashford Hospitality Trust Inc 7.375% Series F Cumulative Preferred Stock,N,N
AHT$G,Ashford Hospitality Trust Inc 7.375% Series G Cumulative Preferred Stock,N,N
AHT$H,Ashford Hospitality Trust Inc 7.50% Series H Cumulative Preferred Stock,N,N
AHT$I,Ashford Hospitality Trust Inc 7.50% Series I Cumulative Preferred Stock,N,N
AHYB,American Century Select High Yield ETF,P,Y
AI,"C3.ai, Inc. Class A Common Stock",N,N
AIA,iShares Asia 50 ETF,NASDAQ,Y
AIBD,Direxion Daily AI and Big Data Bear 2X Shares,P,Y
AIBU,Direxion Daily AI and Big Data Bull 2X Shares,P,Y
AIEQ,Amplify AI Powered Equity ETF,P,Y
AIFD,TCW Artificial Intelligence ETF,NASDAQ,Y
AIFF,"Firefly Neuroscience, Inc.  - Common Stock",NASDAQ,N
AIFU,AIFU Inc. - Class A Ordinary Share,NASDAQ,N
AIG,"American International Group, Inc. New Common Stock",N,N
AIHS,Senmiao Technology Limited - Common Stock,NASDAQ,N
AII,"American Integrity Insurance Group, Inc. Common Stock",N,N
AIIA,AI Infrastructure Acquisition Corp. Class A Ordinary Shares,N,N
AIIA.R,"AI Infrastructure Acquisition Corp. Rights, each entitling the holder to receive one-fifth (1/5) of one Class A Ordinary Share",N,N
AIIA.U,"AI Infrastructure Acquisition Corp. Units, each consisting of one Class A Ordinary Share and one Right",N,N
AIIO,Robo.ai Inc. - Class B Ordinary Shares,NASDAQ,N
AIIOW,Robo.ai Inc. - Warrant,NASDAQ,N
AIM,AIM ImmunoTech Inc. Common Stock,A,N
AIMD,"Ainos, Inc. - Common Stock",NASDAQ,N
AIMDW,"Ainos, Inc. - warrants",NASDAQ,N
AIN,Albany International Corporation Common Stock,N,N
AINP,Allspring Income Plus ETF,P,Y
AIO,Virtus Artificial Intelligence & Technology Opportunities Fund Common Shares of Beneficial Interest,N,N
AIOO,AllianzIM U.S. Equity Buffer100 Protection ETF,Z,Y
AIOT,"PowerFleet, Inc. - Common Stock",NASDAQ,N
AIP,"Arteris, Inc.  - Common Stock",NASDAQ,N
AIPI,REX AI Equity Premium Income ETF,NASDAQ,Y
AIPO,Defiance AI & Power Infrastructure ETF,NASDAQ,Y
AIQ,Global X Artificial Intelligence & Technology ETF,NASDAQ,Y
AIR,AAR Corp. Common Stock,N,N
AIRE,reAlpha Tech Corp. - Common Stock,NASDAQ,N
AIRG,"Airgain, Inc. - Common Stock",NASDAQ,N
AIRI,Air Industries Group Common Stock,A,N
AIRJ,AirJoule Technologies Corporation - Class A Common Stock,NASDAQ,N
AIRJW,AirJoule Technologies Corporation - Warrant,NASDAQ,N
AIRO,"AIRO Group Holdings, Inc. - Common Stock",NASDAQ,N
AIRR,First Trust RBA American Industrial Renaissance ETF,NASDAQ,Y
AIRS,"AirSculpt Technologies, Inc. - Common Stock",NASDAQ,N
AIRT,"Air T, Inc. - Common Stock",NASDAQ,N
AIRTP,"Air T, Inc. - Trust Preferred Securities",NASDAQ,N
AIS,VistaShares Artificial Intelligence Supercycle ETF,P,Y
AISP,"Airship AI Holdings, Inc - Class A Common Stock",NASDAQ,N
AISPW,"Airship AI Holdings, Inc - Warrants",NASDAQ,N
AIT,"Applied Industrial Technologies, Inc. Common Stock",N,N
AIV,Apartment Investment and Management Company Common Stock,N,N
AIVC,Amplify Bloomberg AI Value Chain ETF,P,Y
AIVI,WisdomTree International AI Enhanced Value Fund,P,Y
AIVL,WisdomTree U.S. AI Enhanced Value Fund,P,Y
AIXC,"AIxCrypto Holdings, Inc. - Common Stock",NASDAQ,N
AIXI,XIAO-I Corporation - American Depositary Shares,NASDAQ,N
AIYY,YieldMax AI Option Income Strategy ETF,P,Y
AIZ,"Assurant, Inc. Common Stock",N,N
AIZN,"Assurant, Inc. 5.25% Subordinated Notes due 2061",N,N
AJAN,Innovator Equity Defined Protection ETF - 2 Yr to January 2028,Z,Y
AJG,Arthur J. Gallagher & Co. Common Stock,N,N
AJUL,Innovator Equity Defined Protection ETF - 2 Yr to July 2026,Z,Y
AKA,a.k.a. Brands Holding Corp. Common Stock,N,N
AKAF,The Frontier Economic Fund,N,Y
AKAM,"Akamai Technologies, Inc. - Common Stock",NASDAQ,N
AKAN,Akanda Corp. - Common Shares,NASDAQ,N
AKBA,"Akebia Therapeutics, Inc. - Common Stock",NASDAQ,N
AKO.A,Embotelladora Andina S.A. Common Stock,N,N
AKO.B,Embotelladora Andina S.A. Common Stock,N,N
AKR,Acadia Realty Trust Common Stock,N,N
AKRE,Akre Focus ETF,P,Y
AKTS,"Aktis Oncology, Inc. - Common stock",NASDAQ,N
AKTX,Akari Therapeutics Plc - American Depositary Shares,NASDAQ,N
AL,Air Lease Corporation Class A Common Stock,N,N
ALAB,"Astera Labs, Inc. - Common Stock",NASDAQ,N
ALAI,Alger AI Enablers & Adopters ETF,P,Y
ALAR,Alarum Technologies Ltd. - American Depositary Shares,NASDAQ,N
ALB,Albemarle Corporation Common Stock,N,N
ALB$A,Albemarle Corporation Depositary Shares each representing a 1/20th of 7.25% Series A Mandatory Convertible Preferred Stock,N,N
ALBT,Avalon GloboCare Corp. - Common Stock,NASDAQ,N
ALC,Alcon Inc. Ordinary Shares,N,N
ALCO,"Alico, Inc. - Common Stock",NASDAQ,N
ALCY,Alchemy Investments Acquisition Corp 1 - Class A Ordinary Shares,NASDAQ,N
ALCYU,Alchemy Investments Acquisition Corp 1 - Units,NASDAQ,N
ALCYW,Alchemy Investments Acquisition Corp 1 - Warrants,NASDAQ,N
ALDF,Aldel Financial II Inc. - Class A Ordinary Shares,NASDAQ,N
ALDFU,Aldel Financial II Inc. - Units,NASDAQ,N
ALDFW,Aldel Financial II Inc. - Warrants,NASDAQ,N
ALDX,"Aldeyra Therapeutics, Inc. - Common Stock",NASDAQ,N
ALEC,"Alector, Inc. - Common Stock",NASDAQ,N
ALEX,"Alexander & Baldwin, Inc. Common Stock REIT Holding Company",N,N
ALF,Centurion Acquisition Corp. - Class A Ordinary Shares,NASDAQ,N
ALFUU,Centurion Acquisition Corp. - Unit,NASDAQ,N
ALFUW,Centurion Acquisition Corp. - Warrant,NASDAQ,N
ALG,"Alamo Group, Inc. Common Stock",N,N
ALGM,"Allegro MicroSystems, Inc. - Common Stock",NASDAQ,N
ALGN,"Align Technology, Inc. - Common Stock",NASDAQ,N
ALGS,"Aligos Therapeutics, Inc. - Common stock",NASDAQ,N
ALGT,Allegiant Travel Company - Common Stock,NASDAQ,N
ALH,Alliance Laundry Holdings Inc. Common Stock,N,N
ALHC,"Alignment Healthcare, Inc. - Common Stock",NASDAQ,N
ALIL,Argent Focused Small Cap ETF,NASDAQ,Y
ALIS,Calisa Acquisition Corp - Ordinary shares,NASDAQ,N
ALISR,Calisa Acquisition Corp - Right,NASDAQ,N
ALISU,Calisa Acquisition Corp - Units,NASDAQ,N
ALIT,"Alight, Inc. Class A Common Stock",N,N
ALK,"Alaska Air Group, Inc. Common Stock",N,N
ALKS,Alkermes plc - Ordinary Shares,NASDAQ,N
ALKT,"Alkami Technology, Inc. - Common Stock",NASDAQ,N
ALL,Allstate Corporation (The) Common Stock,N,N
ALL$B,Allstate Corporation (The) 5.100% Fixed-to-Floating Rate Subordinated Debentures due 2053,N,N
ALL$H,"Allstate Corporation (The) Depositary Shares each representing a 1/1,000th interest in a share of Fixed Rate Noncumulative Perpetual Preferred Stock, Series H",N,N
ALL$I,"Allstate Corporation (The) Depositary Shares each representing a 1/1,000th interest in a share of Fixed Rate Noncumulative Perpetual Preferred Stock, Series I",N,N
ALL$J,"Allstate Corporation (The) Depositary Shares each representing a 1/1,000th interest in a share of Fixed Rate Noncumulative Perpetual Preferred Stock, Series J",N,N
ALLE,Allegion plc Ordinary Shares,N,N
ALLO,"Allogene Therapeutics, Inc. - Common Stock",NASDAQ,N
ALLR,"Allarity Therapeutics, Inc. - Common stock",NASDAQ,N
ALLT,Allot Ltd. - Ordinary Shares,NASDAQ,N
ALLW,SPDR Bridgewater All Weather ETF,NASDAQ,Y
ALLY,Ally Financial Inc. Common Stock,N,N
ALM,Almonty Industries Inc. - Common Shares,NASDAQ,N
ALMS,Alumis Inc. - Common Stock,NASDAQ,N
ALMU,"Aeluma, Inc. - Common Stock",NASDAQ,N
ALNT,Allient Inc. - Common Stock,NASDAQ,N
ALNY,"Alnylam Pharmaceuticals, Inc. - Common Stock",NASDAQ,N
ALOT,"AstroNova, Inc. - Common Stock",NASDAQ,N
ALPS,ALPS Group Inc - Ordinary Share,NASDAQ,N
ALRG,Allspring LT Large Core ETF,P,Y
ALRM,"Alarm.com Holdings, Inc. - Common Stock",NASDAQ,N
ALRS,Alerus Financial Corporation - Common Stock,NASDAQ,N
ALSN,"Allison Transmission Holdings, Inc. Common Stock",N,N
ALT,"Altimmune, Inc. - Common Stock",NASDAQ,N
ALTG,Alta Equipment Group Inc. Class A Common Stock,N,N
ALTG$A,Alta Equipment Group Inc. Depositary Shares (each representing 1/1000th in a share of 10% Series A Cumulative Perpetual Preferred Stock),N,N
ALTI,"AlTi Global, Inc. - Class A Common Stock",NASDAQ,N
ALTL,Pacer Lunt Large Cap Alternator ETF,P,Y
ALTO,"Alto Ingredients, Inc. - Common Stock",NASDAQ,N
ALTS,ALT5 Sigma Corporation - Common Stock,NASDAQ,N
ALTY,Global X Alternative Income ETF,NASDAQ,Y
ALUB,Alussa Energy Acquisition Corp. II Class A Ordinary Shares,N,N
ALUB.U,"Alussa Energy Acquisition Corp. II Units, each consisting of one Class A ordinary share and one-third of one redeemable warrant",N,N
ALUB.W,"Alussa Energy Acquisition Corp. II Redeemable Warrants, each whole warrant exercisable for one Class A ordinary share at an exercise price of $11.50 per share",N,N
ALUR,"Allurion Technologies, Inc. Common Stock",N,N
ALUR.W,"Allurion Technologies, Inc. Warrants, each whole warrant exercisable to purchase 1.420455 shares of common stock at an exercise price of $8.10 per share of common stock",N,N
ALV,"Autoliv, Inc. Common Stock",N,N
ALVO,Alvotech - Ordinary Shares,NASDAQ,N
ALVOW,Alvotech - Warrant,NASDAQ,N
ALX,"Alexander's, Inc. Common Stock",N,N
ALXO,ALX Oncology Holdings Inc. - Common Stock,NASDAQ,N
ALZN,"Alzamend Neuro, Inc. - Common Stock",NASDAQ,N
AM,Antero Midstream Corporation Common Stock,N,N
AMAL,Amalgamated Financial Corp. - Common Stock,NASDAQ,N
AMAT,"Applied Materials, Inc. - Common Stock",NASDAQ,N
AMAX,Adaptive Hedged Multi-Asset Income ETF,P,Y
AMBA,"Ambarella, Inc. - Ordinary Shares",NASDAQ,N
AMBO,Ambow Education Holding Ltd. American Depository Shares (each representing twenty (20) Class A Ordinary Shares),A,N
AMBP,Ardagh Metal Packaging S.A. Ordinary Shares,N,N
AMBQ,"Ambiq Micro, Inc. Common Stock",N,N
AMBR,Amber International Holding Limited - American Depositary Shares,NASDAQ,N
AMC,"AMC Entertainment Holdings, Inc. Class A Common Stock",N,N
AMCI,AMC Robotics Corporation - Common Stock,NASDAQ,N
AMCR,Amcor plc Ordinary Shares,N,N
AMCX,AMC Networks Inc. - Class A Common Stock,NASDAQ,N
AMD,"Advanced Micro Devices, Inc. - Common Stock",NASDAQ,N
AMDD,Direxion Daily AMD Bear 1X Shares,NASDAQ,Y
AMDG,Leverage Shares 2X Long AMD Daily ETF,NASDAQ,Y
AMDL,GraniteShares 2x Long AMD Daily ETF,NASDAQ,Y
AMDU,Defiance Leveraged Long + Income AMD ETF,NASDAQ,Y
AMDW,Roundhill AMD WeeklyPay ETF,Z,Y
AMDY,Yieldmax AMD Option Income Strategy ETF,P,Y
AME,"AMETEK, Inc.",N,N
AMG,"Affiliated Managers Group, Inc. Common Stock",N,N
AMGN,Amgen Inc. - Common Stock,NASDAQ,N
AMH,American Homes 4 Rent Common Shares of Beneficial Interest,N,N
AMH$G,American Homes 4 Rent Series G cumulative redeemable perpetual preferred shares of beneficial interest,N,N
AMH$H,American Homes 4 Rent Series H cumulative redeemable perpetual Preferred Shares of Beneficial Interest,N,N
AMID,Argent Mid Cap ETF,NASDAQ,Y
AMIX,"Autonomix Medical, Inc. - Common Stock",NASDAQ,N
AMJB,Alerian MLP Index ETN,P,Y
AMKR,"Amkor Technology, Inc. - Common Stock",NASDAQ,N
AMLP,Alerian MLP ETF,P,Y
AMLX,"Amylyx Pharmaceuticals, Inc. - Common Stock",NASDAQ,N
AMN,AMN Healthcare Services Inc,N,N
AMOD,"Alpha Modus Holdings, Inc. - Class A Common Stock",NASDAQ,N
AMODW,"Alpha Modus Holdings, Inc. - Warrant",NASDAQ,N
AMOM,QRAFT AI-Enhanced U.S. Large Cap Momentum ETF,P,Y
AMP,"Ameriprise Financial, Inc. Common Stock",N,N
AMPG,"Amplitech Group, Inc. - Common Stock",NASDAQ,N
AMPGW,"Amplitech Group, Inc. - Warrants",NASDAQ,N
AMPH,"Amphastar Pharmaceuticals, Inc. - Common Stock",NASDAQ,N
AMPL,"Amplitude, Inc. - Class A Common Stock",NASDAQ,N
AMPX,"Amprius Technologies, Inc. Common Stock",N,N
AMPX.W,"Amprius Technologies, Inc. Warrants to purchase one share of Common Stock at an exercise price of $11.50 per share",N,N
AMPY,Amplify Energy Corp. Common Stock,N,N
AMR,"Alpha Metallurgical Resources, Inc. Common Stock",N,N
AMRC,"Ameresco, Inc. Class A Common Stock",N,N
AMRN,Amarin Corporation plc - American Depositary Shares,NASDAQ,N
AMRX,"Amneal Pharmaceuticals, Inc. - Class A Common Stock",NASDAQ,N
AMRZ,Amrize Ltd Ordinary Shares,N,N
AMS,American Shared Hospital Services Common Stock,A,N
AMSC,American Superconductor Corporation - Common Stock,NASDAQ,N
AMSF,"AMERISAFE, Inc. - Common Stock",NASDAQ,N
AMST,Amesite Inc. - Common Stock,NASDAQ,N
AMT,American Tower Corporation (REIT) Common Stock,N,N
AMTB,Amerant Bancorp Inc. Class A Common Stock,N,N
AMTD,"AMTD IDEA Group American Depositary Shares, each representing six (6) Class A Ordinary Shares",N,N
AMTM,"Amentum Holdings, Inc. Common Stock",N,N
AMTX,"Aemetis, Inc - Common Stock",NASDAQ,N
AMUB,"ETRACS Alerian MLP Index ETN Series B due July 18, 2042",P,N
AMUN,abrdn Ultra Short Municipal Income Active ETF,NASDAQ,Y
AMUU,Direxion Daily AMD Bull 2X Shares,NASDAQ,Y
AMWD,American Woodmark Corporation - Common Stock,NASDAQ,N
AMWL,American Well Corporation Class A Common Stock,N,N
AMX,"America Movil, S.A.B. de C.V. American Depositary Shares (each representing the right to receive twenty (20) Series B Shares",N,N
AMYY,GraniteShares YieldBOOST AMD ETF,NASDAQ,Y
AMZA,InfraCap MLP ETF,P,Y
AMZD,Direxion Daily AMZN Bear 1X Shares,NASDAQ,Y
AMZE,"Amaze Holdings, Inc. Common Stock",A,N
AMZN,"Amazon.com, Inc. - Common Stock",NASDAQ,N
AMZP,Kurv Yield Premium Strategy Amazon (AMZN) ETF,Z,Y
AMZU,Direxion Daily AMZN Bull 2X Shares,NASDAQ,Y
AMZW,Roundhill AMZN WeeklyPay ETF,Z,Y
AMZY,YieldMax AMZN Option Income Strategy ETF,P,Y
AMZZ,GraniteShares 2x Long AMZN Daily ETF,NASDAQ,Y
AN,"AutoNation, Inc. Common Stock",N,N
ANAB,"AnaptysBio, Inc. - Common Stock",NASDAQ,N
ANDE,"The Andersons, Inc. - Common Stock",NASDAQ,N
ANDG,Andersen Group Inc. Class A Common Stock,N,N
ANEB,"Anebulo Pharmaceuticals, Inc. - Common Stock",NASDAQ,N
ANEL,Defiance Daily Target 2x Long ANET ETF,NASDAQ,Y
ANET,"Arista Networks, Inc. Common Stock",N,N
ANEW,ProShares MSCI Transformational Changes ETF,P,Y
ANF,Abercrombie & Fitch Company Common Stock,N,N
ANG$D,"American National Group Inc. Depositary Shares, each representing a 1/1000th interest in a share of 7.375% Fixed-Rate Non-Cumulative Preferred Stock, Series D",N,N
ANGH,Anghami Inc. - Ordinary Shares,NASDAQ,N
ANGHW,Anghami Inc. - Warrants,NASDAQ,N
ANGI,Angi Inc. - Class A Common Stock,NASDAQ,N
ANGL,VanEck Fallen Angel High Yield Bond ETF,NASDAQ,Y
ANGO,"AngioDynamics, Inc. - Common Stock",NASDAQ,N
ANGX,"Angel Studios, Inc. Class A Common Stock",N,N
ANIK,Anika Therapeutics Inc. - Common Stock,NASDAQ,N
ANIP,"ANI Pharmaceuticals, Inc. - Common Stock",NASDAQ,N
ANIX,"Anixa Biosciences, Inc. - Common Stock",NASDAQ,N
ANL,Adlai Nortye Ltd. - American Depositary Shares,NASDAQ,N
ANNA,"AleAnna, Inc. - Class A Common Stock",NASDAQ,N
ANNAW,"AleAnna, Inc. - Warrant",NASDAQ,N
ANNX,"Annexon, Inc. - common stock",NASDAQ,N
ANPA,Rich Sparkle Holdings Limited - Ordinary Shares,NASDAQ,N
ANRO,"Alto Neuroscience, Inc. Common Stock",N,N
ANSC,Agriculture & Natural Solutions Acquisition Corporation - Class A Ordinary Shares,NASDAQ,N
ANSCU,Agriculture & Natural Solutions Acquisition Corporation - Unit,NASDAQ,N
ANSCW,Agriculture & Natural Solutions Acquisition Corporation - Warrant,NASDAQ,N
ANTA,Antalpha Platform Holding Company - Class A Ordinary Shares,NASDAQ,N
ANTX,"AN2 Therapeutics, Inc. - Common Stock",NASDAQ,N
ANVS,"Annovis Bio, Inc. Common Stock",N,N
ANY,Sphere 3D Corp. - Common Shares,NASDAQ,N
AOA,iShares Core 80/20 Aggressive Allocation ETF,P,Y
AOCT,Innovator Equity Defined Protection ETF - 2 Yr to October 2026,Z,Y
AOD,abrdn Total Dynamic Dividend Fund Common Shares of Beneficial Interest,N,N
AOHY,Angel Oak High Yield Opportunities ETF,NASDAQ,Y
AOK,iShares Core 30/70 Conservative Allocation ETF,P,Y
AOM,iShares Core 40/60 Moderate Allocation ETF,P,Y
AOMD,"Angel Oak Mortgage REIT, Inc. 9.750% Senior Notes due 2030",N,N
AOMN,"Angel Oak Mortgage REIT, Inc. 9.500% Senior Notes due 2029",N,N
AOMR,"Angel Oak Mortgage REIT, Inc. Common Stock",N,N
AON,Aon plc Class A Ordinary Shares (Ireland),N,N
AOR,iShares Core 60/40 Balanced Allocation ETF,P,Y
AORT,"Artivion, Inc. Common Stock",N,N
AOS,A.O. Smith Corporation Common Stock,N,N
AOSL,Alpha and Omega Semiconductor Limited - Common Shares,NASDAQ,N
AOTG,AOT Growth and Innovation ETF,NASDAQ,Y
AOTS,AOT Software Platform ETF,P,Y
AOUT,"American Outdoor Brands, Inc. - Common Stock",NASDAQ,N
AP,Ampco-Pittsburgh Corporation Common Stock,N,N
APA,APA Corporation - Common Stock,NASDAQ,N
APAC,StoneBridge Acquisition II Corporation - Class A Ordinary Shares,NASDAQ,N
APACR,StoneBridge Acquisition II Corporation - Rights,NASDAQ,N
APACU,StoneBridge Acquisition II Corporation - Units,NASDAQ,N
APAD,A Paradise Acquisition Corp. - Class A Ordinary Shares,NASDAQ,N
APADR,A Paradise Acquisition Corp. - Rights,NASDAQ,N
APADU,A Paradise Acquisition Corp. - Unit,NASDAQ,N
APAM,Artisan Partners Asset Management Inc. Class A Common Stock,N,N
APCB,ActivePassive Core Bond ETF,P,Y
APD,"Air Products and Chemicals, Inc. Common Stock",N,N
APEI,"American Public Education, Inc. - Common Stock",NASDAQ,N
APG,APi Group Corporation Common Stock,N,N
APGE,"Apogee Therapeutics, Inc. - Common Stock",NASDAQ,N
APH,Amphenol Corporation Common Stock,N,N
API,"Agora, Inc. - ADS",NASDAQ,N
APIE,ActivePassive International Equity ETF,P,Y
APLD,Applied Digital Corporation - Common Stock,NASDAQ,N
APLE,"Apple Hospitality REIT, Inc. Common Shares",N,N
APLM,Apollomics Inc. - Class A Ordinary Shares,NASDAQ,N
APLMW,Apollomics Inc. - Warrant,NASDAQ,N
APLS,"Apellis Pharmaceuticals, Inc. - Common Stock",NASDAQ,N
APLT,"Applied Therapeutics, Inc. - Common Stock",NASDAQ,N
APLU,Allspring Core Plus ETF,P,Y
APLX,Tradr 2X Long APLD Daily ETF,Z,Y
APLY,YieldMax AAPL Option Income Strategy ETF,P,Y
APM,Aptorum Group Limited - Class A Ordinary Shares,NASDAQ,N
APMU,ActivePassive Intermediate Municipal Bond ETF,P,Y
APO,"Apollo Global Management, Inc. (New) Common Stock",N,N
APO$A,"Apollo Global Management, Inc. 6.75% Series A Mandatory Convertible Preferred Stock",N,N
APOC,Innovator Equity Defined Protection ETF - 6mo Apr/Oct,Z,Y
APOG,"Apogee Enterprises, Inc. - Common Stock",NASDAQ,N
APOS,"Apollo Global Management, Inc. 7.625% Fixed-Rate Resettable Junior Subordinated Notes due 2053",N,N
APP,Applovin Corporation - Class A Common Stock,NASDAQ,N
APPF,"AppFolio, Inc. - Class A Common Stock",NASDAQ,N
APPN,Appian Corporation - Class A Common Stock,NASDAQ,N
APPS,"Digital Turbine, Inc. - Common Stock",NASDAQ,N
APPX,Tradr 2X Long APP Daily ETF,NASDAQ,Y
APRB,Aptus April Buffer ETF,Z,Y
APRE,"Aprea Therapeutics, Inc. - Common Stock",NASDAQ,N
APRH,Innovator Premium Income 20 Barrier ETF - April,Z,Y
APRJ,Innovator Premium Income 30 Barrier ETF - April,Z,Y
APRP,PGIM S&P 500 Buffer 12 ETF - April,Z,Y
APRT,AllianzIM U.S. Large Cap Buffer10 Apr ETF,Z,Y
APRW,AllianzIM U.S. Large Cap Buffer20 Apr ETF,Z,Y
APRZ,TrueShares Structured Outcome (April) ETF,Z,Y
APT,"Alpha Pro Tech, Ltd. Common Stock",A,N
APTV,Aptiv PLC Ordinary Shares,N,N
APUE,ActivePassive U.S. Equity ETF,P,Y
APUS,"Apimeds Pharmaceuticals US, Inc. Common Stock",A,N
APVO,Aptevo Therapeutics Inc. - Common Stock,NASDAQ,N
APWC,"Asia Pacific Wire & Cable Corporation Limited  - Common shares, Par value .01 per share",NASDAQ,N
APXM,FT Vest U.S. Equity Max Buffer ETF - April,Z,Y
APXT,Apex Treasury Corporation - Class A Ordinary Share,NASDAQ,N
APXTU,Apex Treasury Corporation - Units,NASDAQ,N
APXTW,Apex Treasury Corporation - Warrants,NASDAQ,N
APYX,Apyx Medical Corporation - Common Stock,NASDAQ,N
AQB,"AquaBounty Technologies, Inc. - Common Stock",NASDAQ,N
AQEC,AQE Core ETF,Z,Y
AQLT,iShares MSCI Global Quality Factor ETF,Z,Y
AQMS,"Aqua Metals, Inc. - Common Stock",NASDAQ,N
AQN,Algonquin Power & Utilities Corp. Common Shares,N,N
AQNB,"Algonquin Power & Utilities Corp. 6.20% Fixed-to-Floating Subordinated Notes Series 2019-A due July 1, 2079",N,N
AQST,"Aquestive Therapeutics, Inc. - Common Stock",NASDAQ,N
AQWA,Global X Clean Water ETF,NASDAQ,Y
AR,Antero Resources Corporation Common Stock,N,N
ARAI,Arrive AI Inc. - Common Stock,NASDAQ,N
ARAY,Accuray Incorporated - Common Stock,NASDAQ,N
ARB,AltShares Merger Arbitrage ETF,P,Y
ARBB,ARB IOT Group Limited - Ordinary Shares,NASDAQ,N
ARBE,Arbe Robotics Ltd. - Ordinary Shares,NASDAQ,N
ARBEW,Arbe Robotics Ltd. - Warrant,NASDAQ,N
ARBK,Argo Blockchain plc - American Depositary Shares,NASDAQ,N
ARCB,ArcBest Corporation - Common Stock,NASDAQ,N
ARCC,Ares Capital Corporation - Closed End Fund,NASDAQ,N
ARCM,Arrow Reserve Capital Management ETF,Z,Y
ARCO,Arcos Dorados Holdings Inc. Class A Shares,N,N
ARCT,Arcturus Therapeutics Holdings Inc. - Common Stock,NASDAQ,N
ARCX,Tradr 2X Long ACHR Daily ETF,Z,Y
ARDC,"Ares Dynamic Credit Allocation Fund, Inc. Common Shares",N,N
ARDT,"Ardent Health, Inc. Common Stock",N,N
ARDX,"Ardelyx, Inc. - Common Stock",NASDAQ,N
ARE,"Alexandria Real Estate Equities, Inc. Common Stock",N,N
AREA,Harbor AlphaEdge Next Generation REITs ETF,P,Y
AREB,"American Rebel Holdings, Inc. - Common Stock",NASDAQ,N
AREBW,"American Rebel Holdings, Inc. - warrants",NASDAQ,N
AREC,American Resources Corporation - Class A Common Stock,NASDAQ,N
AREN,"The Arena Group Holdings, Inc. Common Stock",A,N
ARES,Ares Management Corporation Class A Common Stock,N,N
ARES$B,Ares Management Corporation 6.75% Series B Mandatory Convertible Preferred Stock,N,N
ARGT,Global X MSCI Argentina ETF,P,Y
ARGX,argenx SE - American Depositary Shares,NASDAQ,N
ARHS,"Arhaus, Inc. - Class A Common Stock",NASDAQ,N
ARI,"Apollo Commercial Real Estate Finance, Inc",N,N
ARKB,ARK 21Shares Bitcoin ETF,Z,Y
ARKD,ARK DIET Q1 Buffer ETF,Z,Y
ARKF,ARK Blockchain & Fintech Innovation ETF,Z,Y
ARKG,ARK Genomic Revolution ETF,Z,Y
ARKK,ARK Innovation ETF,Z,Y
ARKO,ARKO Corp. - Common Stock,NASDAQ,N
ARKQ,ARK Autonomous Technology & Robotics ETF,Z,Y
ARKR,Ark Restaurants Corp. - Common Stock,NASDAQ,N
ARKT,ARK DIET Q4 Buffer ETF,Z,Y
ARKW,ARK Next Generation Internet ETF,Z,Y
ARKX,ARK Space & Defense Innovation ETF,Z,Y
ARL,"American Realty Investors, Inc. Common Stock",N,N
ARLO,"Arlo Technologies, Inc. Common Stock",N,N
ARLP,"Alliance Resource Partners, L.P. - Common Units Representing Limited Partnership Interests",NASDAQ,N
ARLU,AllianzIM U.S. Equity Buffer15 Uncapped Apr ETF,Z,Y
ARM,Arm Holdings plc - American Depositary Shares,NASDAQ,N
ARMG,Leverage Shares 2X Long ARM Daily ETF,NASDAQ,Y
ARMH,Arm Holdings PLC ADRhedged,P,Y
ARMK,Aramark Common Stock,N,N
ARMN,Aris Mining Corporation Common Shares,A,N
ARMP,"Armata Pharmaceuticals, Inc. Common Stock",A,N
ARMU,T-REX 2X Long ARM Daily Target ETF,Z,Y
ARMW,Roundhill ARM WeeklyPay ETF,Z,Y
AROC,"Archrock, Inc. Common Stock",N,N
AROW,Arrow Financial Corporation - Common Stock,NASDAQ,N
ARP,PMV Adaptive Risk Parity ETF,P,Y
ARQ,"Arq, Inc. - Common Stock",NASDAQ,N
ARQQ,Arqit Quantum Inc. - Ordinary Shares,NASDAQ,N
ARQQW,Arqit Quantum Inc. - Warrants,NASDAQ,N
ARQT,"Arcutis Biotherapeutics, Inc. - Common stock",NASDAQ,N
ARR,"ARMOUR Residential REIT, Inc.",N,N
ARR$C,"ARMOUR Residential REIT, Inc. 7% Series C Cumulative Redeemable Preferred Stock (liquidation preference $25.00 per share)",N,N
ARRY,"Array Technologies, Inc. - Common Stock",NASDAQ,N
ARTCU,Art Technology Acquisition Corp. - Units,NASDAQ,N
ARTL,"Artelo Biosciences, Inc. - Common Stock",NASDAQ,N
ARTNA,Artesian Resources Corporation - Class A Non-Voting Common Stock,NASDAQ,N
ARTV,"Artiva Biotherapeutics, Inc. - Common Stock",NASDAQ,N
ARTW,"Art's-Way Manufacturing Co., Inc. - Common Stock",NASDAQ,N
ARTY,iShares Future AI & Tech ETF,P,Y
ARVN,"Arvinas, Inc. - Common Stock",NASDAQ,N
ARVR,First Trust Indxx Metaverse ETF,NASDAQ,Y
ARW,"Arrow Electronics, Inc. Common Stock",N,N
ARWG,Archer Growth ETF,Z,Y
ARWR,"Arrowhead Pharmaceuticals, Inc. - Common Stock",NASDAQ,N
ARX,Accelerant Holdings Class A Common Shares,N,N
AS,"Amer Sports, Inc. Ordinary Shares",N,N
ASA,ASA  Gold and Precious Metals Limited,N,N
ASAN,"Asana, Inc. Class A Common Stock",N,N
ASB,Associated Banc-Corp Common Stock,N,N
ASB$E,"Associated Banc-Corp Depositary Shares, each representing a 1/40th interest in a share of 5.875% Non-Cumulative Perpetual Preferred Stock, Series E",N,N
ASB$F,"Associated Banc-Corp Depositary Shares, each representing a 1/40th interest in a share of Associated Banc-Corp 5.625% Non-Cumulative Perpetual Preferred Stock, Series F",N,N
ASBA,Associated Banc-Corp 6.625% Fixed-Rate Reset Subordinated Notes due 2033,N,N
ASBP,"Aspire Biopharma Holdings, Inc.  - Common Stock",NASDAQ,N
ASBPW,"Aspire Biopharma Holdings, Inc.  - Warrant",NASDAQ,N
ASC,Ardmore Shipping Corporation Common Stock,N,N
ASCE,Allspring SMID Core ETF,P,Y
ASCI,abrdn International Small Cap Active ETF,NASDAQ,Y
ASEA,Global X FTSE Southeast Asia ETF,P,Y
ASG,"Liberty All-Star Growth Fund, Inc.",N,N
ASGI,abrdn Global Infrastructure Income Fund Common Shares of Beneficial Interest,N,N
ASGM,Virtus AlphaSimplex Global Macro ETF,P,Y
ASGN,ASGN Incorporated Common Stock,N,N
ASH,Ashland Inc. Common Stock,N,N
ASHR,Xtrackers Harvest CSI 300 China A-Shares ETF,P,Y
ASHS,Xtrackers Harvest CSI 500 China A-Shares Small Cap ETF,P,Y
ASIA,Matthews Pacific Tiger Active ETF,P,Y
ASIC,Ategrity Specialty Insurance Company Holdings Common Stock,N,N
ASIX,AdvanSix Inc. Common Stock,N,N
ASLE,AerSale Corporation - Common Stock,NASDAQ,N
ASLV,Allspring Special Large Value ETF,P,Y
ASM,Avino Silver & Gold Mines Ltd. Common Shares (Canada),A,N
ASMB,"Assembly Biosciences, Inc. - Common Stock",NASDAQ,N
ASMF,Virtus AlphaSimplex Managed Futures ETF,P,Y
ASMG,Leverage Shares 2X Long ASML Daily ETF,NASDAQ,Y
ASMH,ASML Holding NV ADRhedged,P,Y
ASML,ASML Holding N.V. - New York Registry Shares,NASDAQ,N
ASND,Ascendis Pharma A/S - American Depositary Shares,NASDAQ,N
ASNS,"Actelis Networks, Inc. - Common Stock",NASDAQ,N
ASO,"Academy Sports and Outdoors, Inc. - Common Stock",NASDAQ,N
ASPC,A SPAC III Acquisition Corp. - Class A Ordinary Shares,NASDAQ,N
ASPCR,A SPAC III Acquisition Corp. - Right,NASDAQ,N
ASPCU,A SPAC III Acquisition Corp. - Unit,NASDAQ,N
ASPI,ASP Isotopes Inc. - Common Stock,NASDAQ,N
ASPN,"Aspen Aerogels, Inc. Common Stock",N,N
ASPS,Altisource Portfolio Solutions S.A. - Common Stock,NASDAQ,N
ASPSW,Altisource Portfolio Solutions S.A. - Net Settle Stakeholder Warrants,NASDAQ,N
ASPSZ,Altisource Portfolio Solutions S.A. - Cash Exercise Stakeholder Warrants,NASDAQ,N
ASR,"Grupo Aeroportuario del Sureste, S.A. de C.V. Common Stock",N,N
ASRT,"Assertio Holdings, Inc. - Common Stock",NASDAQ,N
ASRV,AmeriServ Financial Inc. - Common Stock,NASDAQ,N
ASST,"Strive, Inc. - Class A Common Stock",NASDAQ,N
ASTC,Astrotech Corporation - Common Stock,NASDAQ,N
ASTE,"Astec Industries, Inc. - Common Stock",NASDAQ,N
ASTH,Astrana Health Inc. - Common Stock,NASDAQ,N
ASTI,"Ascent Solar Technologies, Inc - Common Stock",NASDAQ,N
ASTL,Algoma Steel Group Inc. - Common Shares,NASDAQ,N
ASTLW,Algoma Steel Group Inc. - Warrant,NASDAQ,N
ASTS,"AST SpaceMobile, Inc. - Class A Common Stock",NASDAQ,N
ASTX,Tradr 2X Long ASTS Daily ETF,Z,Y
ASUR,Asure Software Inc - Common Stock,NASDAQ,N
ASX,"ASE Technology Holding Co., Ltd. American Depositary Shares (each representing Two Common Shares)",N,N
ASYS,"Amtech Systems, Inc. - Common Stock",NASDAQ,N
ATAI,AtaiBeckley Inc. - Common Stock,NASDAQ,N
ATAT,Atour Lifestyle Holdings Limited - American Depositary Shares,NASDAQ,N
ATCH,"AtlasClear Holdings, Inc. Common Stock",A,N
ATCX,Atlas Critical Minerals Corporation - Common Stock,NASDAQ,N
ATEC,"Alphatec Holdings, Inc. - Common Stock",NASDAQ,N
ATEN,"A10 Networks, Inc. Common Stock",N,N
ATER,"Aterian, Inc. - Common Stock",NASDAQ,N
ATEX,Anterix Inc. - Common Stock,NASDAQ,N
ATFV,Alger 35 ETF,P,Y
ATGE,Adtalem Global Education Inc. Common Stock,N,N
ATGL,Alpha Technology Group Limited - Class A Ordinary Shares,NASDAQ,N
ATH$A,"Athene Holding Ltd. Depositary Shares, Each Representing a 1/1,000th Interest in a 6.35% Fixed-to-Floating Rate Perpetual Non-Cumulative Preference Share, Series A",N,N
ATH$B,"Athene Holding Ltd. Depositary Shares, Each Representing a 1/1,000th Interest in a 5.625% Fixed Rate Perpetual Non- Cumulative Preference Share, Series B, par value $1.00 per share",N,N
ATH$D,"Athene Holding Ltd. Depositary Shares, Each Representing a 1/1,000th Interest in a 4.875% Fixed-Rate Perpetual Non-Cumulative Preference Share, Series D",N,N
ATH$E,"Athene Holding Ltd. Depositary Shares, Each Representing a 1/1,000th Interest in a 7.750% Fixed-Rate Reset Perpetual Non-Cumulative Preference Share, Series E",N,N
ATHA,"Athira Pharma, Inc. - Common Stock",NASDAQ,N
ATHE,Alterity Therapeutics Limited - American Depositary Shares,NASDAQ,N
ATHM,"Autohome Inc. American Depositary Shares, each representing four class A ordinary shares.",N,N
ATHR,"Aether Holdings, Inc. - Common Stock",NASDAQ,N
ATHS,Athene Holding Ltd. 7.250% Fixed-Rate Reset Junior Subordinated Debentures due 2064,N,N
ATI,ATI Inc. Common Stock,N,N
ATII,Archimedes Tech SPAC Partners II Co. - Ordinary Shares,NASDAQ,N
ATIIU,Archimedes Tech SPAC Partners II Co. - Unit,NASDAQ,N
ATIIW,Archimedes Tech SPAC Partners II Co. - Warrant,NASDAQ,N
ATKR,Atkore Inc. Common Stock,N,N
ATLC,Atlanticus Holdings Corporation - Common Stock,NASDAQ,N
ATLCL,Atlanticus Holdings Corporation - 6.125% Senior Notes due 2026,NASDAQ,N
ATLCP,"Atlanticus Holdings Corporation - 7.625% Series B Cumulative Perpetual Preferred Stock, no par value per share",NASDAQ,N
ATLCZ,Atlanticus Holdings Corporation - 9.25% Senior Notes due 2029,NASDAQ,N
ATLN,Atlantic International Corp. - Common Stock,NASDAQ,N
ATLO,Ames National Corporation - Common Stock,NASDAQ,N
ATLX,Atlas Lithium Corporation - Common Stock,NASDAQ,N
ATMP,iPath Select MLP ETN,Z,N
ATMU,Atmus Filtration Technologies Inc. Common Stock,N,N
ATNI,"ATN International, Inc. - Common Stock",NASDAQ,N
ATNM,"Actinium Pharmaceuticals, Inc. (Delaware) Common Stock",A,N
ATO,Atmos Energy Corporation Common Stock,N,N
ATOM,Atomera Incorporated - Common Stock,NASDAQ,N
ATON,AlphaTON Capital Corp. - Common Stock,NASDAQ,N
ATOS,"Atossa Therapeutics, Inc. - Common Stock",NASDAQ,N
ATPC,Agape ATP Corporation - Common Stock,NASDAQ,N
ATR,"AptarGroup, Inc. Common Stock",N,N
ATRA,"Atara Biotherapeutics, Inc. - Common Stock",NASDAQ,N
ATRC,"AtriCure, Inc. - Common Stock",NASDAQ,N
ATRO,Astronics Corporation - Common Stock,NASDAQ,N
ATS,ATS Corporation Common Shares,N,N
ATTR,Arin Tactical Tail Risk ETF,Z,Y
ATXG,Addentax Group Corp. - Common Stock,NASDAQ,N
ATXS,"Astria Therapeutics, Inc. - Common Stock",NASDAQ,N
ATYR,"aTyr Pharma, Inc. - Common Stock",NASDAQ,N
AU,AngloGold Ashanti PLC Ordinary Shares,N,N
AUAU,Global X Gold Miners ETF,P,Y
AUB,Atlantic Union Bankshares Corporation Common Stock,N,N
AUB$A,"Atlantic Union Bankshares Corporation Depositary Shares each representing a 1/400th ownership interest in a share of 6.875% Perpetual Non-Cumulative Preferred Stock, Series A",N,N
AUBN,"Auburn National Bancorporation, Inc. - Common Stock",NASDAQ,N
AUDC,AudioCodes Ltd. - Ordinary Shares,NASDAQ,N
AUGM,FT Vest U.S. Equity Max Buffer ETF - August,Z,Y
AUGO,Aura Minerals Inc. - Common Shares,NASDAQ,N
AUGP,PGIM S&P 500 Buffer 12 ETF - August,Z,Y
AUGT,AllianzIM U.S. Large Cap Buffer10 Aug ETF,Z,Y
AUGU,AllianzIM U.S. Equity Buffer15 Uncapped Aug ETF,Z,Y
AUGW,AllianzIM U.S. Large Cap Buffer20 Aug ETF,Z,Y
AUGZ,TrueShares Structured Outcome (August) ETF,Z,Y
AUID,authID Inc. - Common Stock,NASDAQ,N
AUMI,Themes Gold Miners ETF,NASDAQ,Y
AUNA,Auna SA Class A Ordinary Shares,N,N
AUPH,Aurinia Pharmaceuticals Inc - Common Shares,NASDAQ,N
AUR,"Aurora Innovation, Inc.  - Class A Common Stock",NASDAQ,N
AURA,"Aura Biosciences, Inc. - Common Stock",NASDAQ,N
AURE,Aurelion Inc.  - Class A Ordinary Shares,NASDAQ,N
AUROW,"Aurora Innovation, Inc.  - Warrant",NASDAQ,N
AURU,Tradr 2X Long AUR Daily ETF,Z,Y
AUSF,Global X Adaptive U.S. Factor ETF,P,Y
AUSM,Allspring Ultra Short Municipal ETF,P,Y
AUST,Austin Gold Corp. Common Shares,A,N
AUTL,Autolus Therapeutics plc - American Depositary Shares,NASDAQ,N
AUUD,Auddia Inc. - Common Stock,NASDAQ,N
AUUDW,Auddia Inc. - Warrants,NASDAQ,N
AVA,Avista Corporation Common Stock,N,N
AVAH,Aveanna Healthcare Holdings Inc. - Common Stock,NASDAQ,N
AVAL,Grupo Aval Acciones y Valores S.A. ADR (Each representing 20 preferred shares),N,N
AVAV,"AeroVironment, Inc. - Common Stock",NASDAQ,N
AVB,"AvalonBay Communities, Inc. Common Stock",N,N
AVBC,"Avidia Bancorp, Inc. Common Stock",N,N
AVBH,"Avidbank Holdings, Inc. - Common Stock",NASDAQ,N
AVBP,"ArriVent BioPharma, Inc. - Common Stock",NASDAQ,N
AVD,American Vanguard Corporation Common Stock ($0.10 Par Value),N,N
AVDE,Avantis International Equity ETF,P,Y
AVDL,Avadel Pharmaceuticals plc - Ordinary Share,NASDAQ,N
AVDS,Avantis International Small Cap Equity ETF,P,Y
AVDV,Avantis International Small Cap Value ETF,P,Y
AVEE,Avantis Emerging Markets Small Cap Equity ETF,P,Y
AVEM,Avantis Emerging Markets Equity ETF,P,Y
AVES,Avantis Emerging Markets Value ETF,P,Y
AVGB,Avantis Credit ETF,NASDAQ,Y
AVGE,Avantis All Equity Markets ETF,P,Y
AVGG,Leverage Shares 2X Long AVGO Daily ETF,NASDAQ,Y
AVGO,Broadcom Inc. - Common Stock,NASDAQ,N
AVGU,GraniteShares 2x Long AVGO Daily ETF,NASDAQ,Y
AVGV,Avantis All Equity Markets Value ETF,P,Y
AVGW,Roundhill AVGO WeeklyPay ETF,Z,Y
AVGX,Defiance Daily Target 2X Long AVGO ETF,NASDAQ,Y
AVIE,Avantis Inflation Focused Equity ETF,P,Y
AVIG,Avantis Core Fixed Income ETF,P,Y
AVIR,"Atea Pharmaceuticals, Inc. - common stock",NASDAQ,N
AVIV,Avantis International Large Cap Value ETF,P,Y
AVK,Advent Convertible and Income Fund,N,N
AVL,Direxion Daily AVGO Bull 2X Shares,NASDAQ,Y
AVLC,Avantis U.S. Large Cap Equity ETF,P,Y
AVLV,Avantis U.S. Large Cap Value ETF,P,Y
AVMA,Avantis Moderate Allocation ETF,P,Y
AVMC,Avantis U.S. Mid Cap Equity ETF,P,Y
AVMU,Avantis Core Municipal Fixed Income ETF,P,Y
AVMV,Avantis U.S. Mid Cap Value ETF,P,Y
AVNM,Avantis All International Markets Equity ETF,P,Y
AVNS,"Avanos Medical, Inc. Common Stock",N,N
AVNT,Avient Corporation Common Stock,N,N
AVNV,Avantis All International Markets Value ETF,P,Y
AVNW,"Aviat Networks, Inc. - Common Stock",NASDAQ,N
AVO,"Mission Produce, Inc. - Common Stock",NASDAQ,N
AVPT,"AvePoint, Inc. - Class A Common Stock",NASDAQ,N
AVR,Anteris Technologies Global Corp. - Common Stock,NASDAQ,N
AVRE,Avantis Real Estate ETF,P,Y
AVS,Direxion Daily AVGO Bear 1X Shares,NASDAQ,Y
AVSC,Avantis U.S Small Cap Equity ETF,P,Y
AVSD,Avantis Responsible International Equity ETF,P,Y
AVSE,Avantis Responsible Emerging Markets Equity ETF,P,Y
AVSF,Avantis Short-Term Fixed Income ETF,P,Y
AVSU,Avantis Responsible U.S. Equity ETF,P,Y
AVT,"Avnet, Inc. - Common Stock",NASDAQ,N
AVTR,"Avantor, Inc. Common Stock",N,N
AVTX,"Avalo Therapeutics, Inc. - Common Stock",NASDAQ,N
AVUQ,Avantis U.S. Quality ETF,NASDAQ,Y
AVUS,Avantis U.S. Equity ETF,P,Y
AVUV,Avantis U.S. Small Cap Value ETF,P,Y
AVX,Avax One Technology Ltd. - Common Shares,NASDAQ,N
AVXC,Avantis Emerging Markets ex-China Equity ETF,NASDAQ,Y
AVXL,Anavex Life Sciences Corp. - Common Stock,NASDAQ,N
AVXX,Defiance Daily Target 2x Long AVAV ETF,NASDAQ,Y
AVY,Avery Dennison Corporation Common Stock,N,N
AWAY,Amplify Travel Tech ETF,P,Y
AWF,Alliancebernstein Global High Income Fund,N,N
AWI,Armstrong World Industries Inc Common Stock,N,N
AWK,"American Water Works Company, Inc. Common Stock",N,N
AWP,abrdn Global Premier Properties Fund Common Shares of Beneficial Interest,N,N
AWR,American States Water Company Common Stock,N,N
AWRE,"Aware, Inc. - Common Stock",NASDAQ,N
AWX,Avalon Holdings Corporation Common Stock,A,N
AX,"Axos Financial, Inc. Common Stock",N,N
AXG,Solowin Holdings - Class A Ordinary Share,NASDAQ,N
AXGN,"Axogen, Inc. - Common Stock",NASDAQ,N
AXIA,AXIA Energia American Depositary Shares (Each representing one Common Share),N,N
AXIA$,AXIA Energia AXIA Energia American Depositary Shares (Each representing one Preferred Class B1 Share),N,N
AXIA$C,"AXIA Energia American Depositary Shares, each representing one Preferred Class C Share",N,N
AXIL,"AXIL Brands, Inc. Common Stock",A,N
AXIN,Axiom Intelligence Acquisition Corp 1 - Class A Ordinary Shares,NASDAQ,N
AXINR,Axiom Intelligence Acquisition Corp 1 - Right,NASDAQ,N
AXINU,Axiom Intelligence Acquisition Corp 1 - Units,NASDAQ,N
AXL,"American Axle & Manufacturing Holdings, Inc. Common Stock",N,N
AXON,"Axon Enterprise, Inc. - Common Stock",NASDAQ,N
AXP,American Express Company Common Stock,N,N
AXR,AMREP Corporation Common Stock,N,N
AXS,Axis Capital Holdings Limited Common Stock,N,N
AXS$E,"Axis Capital Holdings Limited Depositary Shares, each representing 1/100th interest in a share of a 5.50% Series E Preferred Shares",N,N
AXSM,"Axsome Therapeutics, Inc. - Common Stock",NASDAQ,N
AXTA,Axalta Coating Systems Ltd. Common Shares,N,N
AXTI,AXT Inc - Common Stock,NASDAQ,N
AXUP,T-REX 2X Long AXON Daily Target ETF,Z,Y
AYI,Acuity Inc. Common Stock,N,N
AYTU,"Aytu BioPharma, Inc.  - Common Stock",NASDAQ,N
AZ,A2Z Cust2Mate Solutions Corp. - Common Shares,NASDAQ,N
AZI,Autozi Internet Technology (Global) Ltd. - Class A Ordinary Shares,NASDAQ,N
AZN,AstraZeneca PLC - American Depositary Shares,NASDAQ,N
AZNH,AstraZeneca PLC ADRhedged,P,Y
AZO,"AutoZone, Inc. Common Stock",N,N
AZTA,"Azenta, Inc. - Common Stock",NASDAQ,N
AZTD,Aztlan Global Stock Selection DM SMID ETF,P,Y
AZTR,Azitra Inc Common Stock,A,N
AZYY,GraniteShares YieldBoost AMZN ETF,NASDAQ,Y
AZZ,AZZ Inc.,N,N
B,Barrick Mining Corporation Common Shares,N,N
BA,Boeing Company (The) Common Stock,N,N
BA$A,"Boeing Company (The) Depositary Shares, each representing a 1/20th interest in a share of 6.00% Series A Mandatory Convertible Preferred Stock, par value $1.00",N,N
BAB,Invesco Taxable Municipal Bond ETF,P,Y
BABA,Alibaba Group Holding Limited American Depositary Shares each representing eight Ordinary share,N,N
BABO,YieldMax BABA Option Income Strategy ETF,P,Y
BABW,Roundhill BABA WeeklyPay ETF,Z,Y
BABX,GraniteShares 2x Long BABA Daily ETF,NASDAQ,Y
BAC,Bank of America Corporation Common Stock,N,N
BAC$B,"Bank of America Corporation Depositary Shares, each representing a 1/1,000th interest in a share of 6.000% Non-Cumulative Preferred Stock, Series GG",N,N
BAC$E,Bank of America Corporation Depositary Sh repstg 1/1000th Perp Pfd Ser E,N,N
BAC$K,"Bank of America Corporation Depositary Shares, each representing a 1/1,000th interest in a share of 5.875% Non- Cumulative Preferred Stock, Series HH",N,N
BAC$L,Bank of America Corporation Non Cumulative Perpetual Conv Pfd Ser L,N,N
BAC$M,"Bank of America Corporation Depositary Shares, each representing a 1/1,000th interest in a share of 5.375% Non-Cumulative Preferred Stock, Series KK",N,N
BAC$N,"Bank of America Corporation Depositary shares, each representing 1/1,000th interest in a share of 5.000% Non-Cumulative Preferred Stock, Series LL",N,N
BAC$O,"Bank of America Corporation Depositary shares, each representing 1/1,000th interest in a share of 4.375% Non-Cumulative Preferred Stock, Series NN",N,N
BAC$P,"Bank of America Corporation Depositary Shares, each representing a 1/1,000th interest in a share of 4.125% Non-Cumulative Preferred Stock, Series PP",N,N
BAC$Q,"Bank of America Corporation Depositary shares, each representing 1/1,000th interest in a share of 4.250% Non-Cumulative Preferred Stock, Series QQ",N,N
BAC$S,"Bank of America Corporation Depositary shares, each representing 1/1,000th interest in a share of 4.750% Non-Cumulative Preferred Stock, Series SS",N,N
BACC,Blue Acquisition Corp. - Class A Ordinary Shares,NASDAQ,N
BACCR,Blue Acquisition Corp. - Right,NASDAQ,N
BACCU,Blue Acquisition Corp. - Unit,NASDAQ,N
BACQ,Inflection Point Acquisition Corp. IV - Class A Ordinary Shares,NASDAQ,N
BACQR,Inflection Point Acquisition Corp. IV - Right,NASDAQ,N
BACQU,Inflection Point Acquisition Corp. IV - Unit,NASDAQ,N
BAER,"Bridger Aerospace Group Holdings, Inc. - Common Stock",NASDAQ,N
BAERW,"Bridger Aerospace Group Holdings, Inc. - Warrant",NASDAQ,N
BAFE,Brown Advisory Flexible Equity ETF,NASDAQ,Y
BAFN,BayFirst Financial Corp. - Common Stock,NASDAQ,N
BAGY,Amplify Bitcoin Max Income Covered Call ETF,Z,Y
BAH,Booz Allen Hamilton Holding Corporation Common Stock,N,N
BAI,iShares A.I. Innovation and Tech Active ETF,P,Y
BAIG,Leverage Shares 2X Long BBAI Daily ETF,NASDAQ,Y
BAK,Braskem SA ADR,N,N
BALI,iShares U.S. Large Cap Premium Income Active ETF,Z,Y
BALL,Ball Corporation Common Stock,N,N
BALQ,iShares Nasdaq Premium Income Active ETF,NASDAQ,Y
BALT,Innovator Defined Wealth Shield ETF,Z,Y
BALY,Bally's Corporation Common Stock,N,N
BAM,Brookfield Asset Management Inc Class A Limited Voting Shares,N,N
BAMA,Brookstone Active ETF,Z,Y
BAMB,Brookstone Intermediate Bond ETF,Z,Y
BAMD,Brookstone Dividend Stock ETF,Z,Y
BAMG,Brookstone Growth Stock ETF,Z,Y
BAMO,Brookstone Opportunities ETF,Z,Y
BAMU,Brookstone Ultra-Short Bond ETF,Z,Y
BAMV,Brookstone Value Stock ETF,Z,Y
BAMY,Brookstone Yield ETF,Z,Y
BANC,"Banc of California, Inc. Common Stock",N,N
BANC$F,"Banc of California, Inc. Depositary Shares, each representing a 1/40th interest in a share of 7.75% non-cumulative perpetual preferred stock, Series F",N,N
BAND,Bandwidth Inc. - Class A Common Stock,NASDAQ,N
BANF,BancFirst Corporation - Common Stock,NASDAQ,N
BANFP,BancFirst Corporation - 7.2% Cumulative Trust Preferred Securities,NASDAQ,N
BANL,CBL International Limited - Ordinary Shares,NASDAQ,N
BANR,Banner Corporation - Common Stock,NASDAQ,N
BANX,ArrowMark Financial Corp. - Closed End Fund,NASDAQ,N
BAOS,Baosheng Media Group Holdings Limited - Ordinary shares,NASDAQ,N
BAP,Credicorp Ltd. Common Stock,N,N
BAPR,Innovator U.S. Equity Buffer ETF - April,Z,Y
BAR,GraniteShares Gold Trust Shares of Beneficial Interest,P,N
BARK,"BARK, Inc. Class A Common Stock",N,N
BASG,Brown Advisory Sustainable Growth ETF,NASDAQ,Y
BASV,Brown Advisory Sustainable Value ETF,NASDAQ,Y
BATL,Battalion Oil Corporation Common Stock,A,N
BATRA,"Atlanta Braves Holdings, Inc. - Series A Common Stock",NASDAQ,N
BATRK,"Atlanta Braves Holdings, Inc. - Series C Common Stock",NASDAQ,N
BATT,Amplify Lithium & Battery Technology ETF,P,Y
BAUG,Innovator U.S. Equity Buffer ETF - August,Z,Y
BAX,Baxter International Inc. Common Stock,N,N
BAYA,Bayview Acquisition Corp - Ordinary Share,NASDAQ,N
BAYAR,Bayview Acquisition Corp - Right,NASDAQ,N
BAYAU,Bayview Acquisition Corp - Unit,NASDAQ,N
BB,BlackBerry Limited Common Stock,N,N
BBAG,JPMorgan BetaBuilders U.S. Aggregate Bond ETF,P,Y
BBAI,"BigBear.ai, Inc. Common Stock",N,N
BBAI.W,"BigBear.ai, Inc. Redeemable Warrants, each exercisable for one share of Common Stock at an exercise price of $11.50 per share",N,N
BBAR,Banco BBVA Argentina S.A. ADS,N,N
BBAX,JPMorgan BetaBuilders Developed Asia Pacific-ex Japan ETF,Z,Y
BBB,CYBER HORNET S&P 500 and Bitcoin 75/25 Strategy ETF,NASDAQ,Y
BBBI,BondBloxx BBB Rated 5-10 Year Corporate Bond ETF,P,Y
BBBL,BondBloxx BBB Rated 10+ Year Corporate Bond ETF,P,Y
BBBS,BondBloxx BBB Rated 1-5 Year Corporate Bond ETF,P,Y
BBBY,"Bed Bath & Beyond, Inc. Common Stock",N,N
BBBY.W,"Bed Bath & Beyond, Inc. Warrants to Purchase Common Stock",N,N
BBC,Virtus LifeSci Biotech Clinical Trials ETF,P,Y
BBCA,JPMorgan BetaBuilders Canada ETF,Z,Y
BBCB,JPMorgan BetaBuilders USD Investment Grade Corporate Bond ETF,P,Y
BBCP,"Concrete Pumping Holdings, Inc.  - Common Stock",NASDAQ,N
BBCQU,Bleichroeder Acquisition Corp. II - Units,NASDAQ,N
BBD,Banco Bradesco Sa American Depositary Shares,N,N
BBDC,"Barings BDC, Inc. Common Stock",N,N
BBDO,Banco Bradesco Sa American Depositary Shares (each representing one Common Share),N,N
BBEM,JPMorgan BetaBuilders Emerging Markets Equity ETF,Z,Y
BBEU,JPMorgan BetaBuilders Europe ETF,Z,Y
BBGI,"Beasley Broadcast Group, Inc. - Class A Common Stock",NASDAQ,N
BBH,VanEck Biotech ETF,NASDAQ,Y
BBHL,BBH Select Large Cap ETF,P,Y
BBHM,BBH Select Mid Cap ETF,P,Y
BBHY,JPMorgan BetaBuilders USD High Yield Corporate Bond ETF,Z,Y
BBIB,JPMorgan BetaBuilders U.S. Treasury Bond 3-10 Year ETF,Z,Y
BBIN,JPMorgan BetaBuilders International Equity ETF,Z,Y
BBIO,"BridgeBio Pharma, Inc. - Common Stock",NASDAQ,N
BBJP,JPMorgan BetaBuilders Japan ETF,Z,Y
BBLB,JPMorgan BetaBuilders U.S. Treasury Bond 20+ Year ETF,Z,Y
BBLG,Bone Biologics Corp - Common Stock,NASDAQ,N
BBLGW,Bone Biologics Corp - warrants,NASDAQ,N
BBLU,EA Bridgeway Blue Chip ETF,P,Y
BBMC,JPMorgan BetaBuilders U.S. Mid Cap Equity ETF,P,Y
BBN,BlackRock Taxable Municipal Bond Trust Common Shares of Beneficial Interest,N,N
BBNX,"Beta Bionics, Inc. - Common Stock",NASDAQ,N
BBOT,"BridgeBio Oncology Therapeutics, Inc. - Common Stock",NASDAQ,N
BBP,Virtus LifeSci Biotech Products ETF,P,Y
BBRE,JPMorgan BetaBuilders MSCI U.S. REIT ETF,Z,Y
BBSB,JPMorgan BetaBuilders U.S. Treasury Bond 1-3 Year ETF,Z,Y
BBSC,JPMorgan BetaBuilders U.S. Small Cap Equity ETF,P,Y
BBSI,"Barrett Business Services, Inc. - Common Stock",NASDAQ,N
BBT,Beacon Financial Corporation Common stock,N,N
BBU,Brookfield Business Partners L.P. Limited Partnership Units,N,N
BBUC,Brookfield Business Corporation Class A Exchangeable Subordinate Voting Shares,N,N
BBUS,JPMorgan BetaBuilders U.S. Equity ETF,Z,Y
BBVA,Banco Bilbao Vizcaya Argentaria S.A. Common Stock,N,N
BBW,"Build-A-Bear Workshop, Inc. Common Stock",N,N
BBWI,"Bath & Body Works, Inc.",N,N
BBY,"Best Buy Co., Inc. Common Stock",N,N
BBYY,GraniteShares YieldBOOST BABA ETF,NASDAQ,Y
BC,Brunswick Corporation Common Stock,N,N
BC$C,Brunswick Corporation 6.375% Notes due 2049,N,N
BCAB,"BioAtla, Inc. - Common Stock",NASDAQ,N
BCAL,California BanCorp - Common Stock,NASDAQ,N
BCAR,D. Boral ARC Acquisition I Corp. - Class A Ordinary Shares,NASDAQ,N
BCARU,D. Boral ARC Acquisition I Corp. - Units,NASDAQ,N
BCARW,D. Boral ARC Acquisition I Corp. - Warrant,NASDAQ,N
BCAT,BlackRock Capital Allocation Term Trust Common Shares of Beneficial Interest,N,N
BCAX,Bicara Therapeutics Inc. - Common Stock,NASDAQ,N
BCBP,"BCB Bancorp, Inc. (NJ) - Common Stock",NASDAQ,N
BCC,"Boise Cascade, L.L.C. Common Stock",N,N
BCCC,Global X Bitcoin Covered Call ETF,Z,Y
BCD,abrdn Bloomberg All Commodity Longer Dated Strategy K-1 Free ETF,P,Y
BCDA,"BioCardia, Inc. - Common Stock",NASDAQ,N
BCDF,Horizon Kinetics Blockchain Development ETF,P,Y
BCE,"BCE, Inc. Common Stock",N,N
BCFN,Baron Financials ETF,NASDAQ,Y
BCG,"Binah Capital Group, Inc. - Common Stock",NASDAQ,N
BCGD,Baron Global Durable Advantage ETF,N,Y
BCGWW,"Binah Capital Group, Inc. - Warrants",NASDAQ,N
BCH,Banco De Chile ADS,N,N
BCHI,GMO Beyond China ETF,P,Y
BCHP,Principal Focused Blue Chip ETF,Z,Y
BCI,abrdn Bloomberg All Commodity Strategy K-1 Free ETF,P,Y
BCIC,BCP Investment Corporation - Closed End Fund,NASDAQ,N
BCIL,Bancreek International Large Cap ETF,P,Y
BCKT,LifeX 2030 Income Bucket ETF,Z,Y
BCLO,iShares BBB-B CLO Active ETF,NASDAQ,Y
BCML,BayCom Corp - Common Stock,NASDAQ,N
BCO,Brinks Company (The) Common Stock,N,N
BCOR,Grayscale Bitcoin Adopters ETF,P,Y
BCPC,Balchem Corporation - Common Stock,NASDAQ,N
BCRX,"BioCryst Pharmaceuticals, Inc. - Common Stock",NASDAQ,N
BCS,Barclays PLC Common Stock,N,N
BCSF,"Bain Capital Specialty Finance, Inc. Common Stock",N,N
BCSM,Baron SMID Cap ETF,N,Y
BCSS,Bain Capital GSS Investment Corp. Class A Ordinary Shares,N,N
BCSS.U,"Bain Capital GSS Investment Corp. Units, each consisting of one Class A Ordinary Share and one-fifth of one redeemable warrant",N,N
BCSS.W,"Bain Capital GSS Investment Corp. Redeemable warrants, each whole warrant exercisable for one Class A ordinary share at an exercise price of $11.50",N,N
BCTK,Baron Technology ETF,NASDAQ,Y
BCTX,BriaCell Therapeutics Corp. - Common Shares,NASDAQ,N
BCTXW,BriaCell Therapeutics Corp. - Warrant,NASDAQ,N
BCTXZ,BriaCell Therapeutics Corp. - Warrant,NASDAQ,N
BCUS,Bancreek U.S. Large Cap ETF,P,Y
BCV,"Bancroft Fund, Ltd.",A,N
BCV$A,Bancroft Fund Limited 5.375% Series A Cumulative Preferred Shares,A,N
BCX,BlackRock Resources Common Shares of Beneficial Interest,N,N
BCYC,Bicycle Therapeutics plc - American Depositary Shares,NASDAQ,N
BDBT,Bluemonte Core Bond ETF,P,Y
BDC,Belden Inc Common Stock,N,N
BDCI,BTC Development Corp. - Class A Ordinary Shares,NASDAQ,N
BDCIU,BTC Development Corp. - Unit,NASDAQ,N
BDCIW,BTC Development Corp. - Warrant,NASDAQ,N
BDCX,"ETRACS Quarterly Pay 1.5x Leveraged MarketVector BDC Liquid Index ETN due June 10, 2050",P,Y
BDCZ,"ETRACS MarketVector Business Development Companies Liquid Index ETN due April 26, 2041",P,N
BDEC,Innovator U.S. Equity Buffer ETF - December,Z,Y
BDGS,Bridges Capital Tactical ETF,NASDAQ,Y
BDIV,AAM Brentview Dividend Growth ETF,P,Y
BDJ,Blackrock Enhanced Equity Dividend Trust,N,N
BDL,"Flanigan's Enterprises, Inc. Common Stock",A,N
BDMD,Baird Medical Investment Holdings Ltd - Ordinary Share,NASDAQ,N
BDMDW,Baird Medical Investment Holdings Ltd - Warrant,NASDAQ,N
BDN,Brandywine Realty Trust Common Stock,N,N
BDRX,Biodexa Pharmaceuticals plc - American Depositary Shares,NASDAQ,N
BDRY,Breakwave Dry Bulk Shipping ETF,P,Y
BDSX,"Biodesix, Inc. - Common Stock",NASDAQ,N
BDTX,"Black Diamond Therapeutics, Inc. - Common Stock",NASDAQ,N
BDVG,IMGP Berkshire Dividend Growth ETF,P,Y
BDVL,iShares Disciplined Volatility Equity Active ETF,NASDAQ,Y
BDX,"Becton, Dickinson and Company Common Stock",N,N
BDYN,iShares Dynamic Equity Active ETF,NASDAQ,Y
BE,Bloom Energy Corporation Class A Common Stock,N,N
BEAG,Bold Eagle Acquisition Corp. - Class A Ordinary Shares,NASDAQ,N
BEAGR,Bold Eagle Acquisition Corp. - Right,NASDAQ,N
BEAGU,Bold Eagle Acquisition Corp. - Units,NASDAQ,N
BEAM,Beam Therapeutics Inc. - Common Stock,NASDAQ,N
BEAT,"Heartbeam, Inc. - Common Stock",NASDAQ,N
BEATW,"Heartbeam, Inc. - Warrant",NASDAQ,N
BEBE.U,"TGE Value Creative Solutions Corp Units, each consisting of one Class A ordinary share and one-half of one redeemable warrant",N,N
BEDY,BNY Mellon Enhanced Dividend and Income ETF,NASDAQ,Y
BEDZ,AdvisorShares Hotel ETF,P,Y
BEEM,Beam Global - Common Stock,NASDAQ,N
BEEP,Mobile Infrastructure Corporation - Common Stock,NASDAQ,N
BEEX,The Beehive ETF,NASDAQ,Y
BEEZ,Honeytree U.S. Equity ETF,NASDAQ,Y
BEG,Leverage Shares 2x Long BE Daily ETF,NASDAQ,Y
BEGS,Rareview 2x Bull Cryptocurrency & Precious Metals ETF,Z,Y
BEKE,KE Holdings Inc American Depositary Shares (each representing three Class A Ordinary Shares),N,N
BELFA,Bel Fuse Inc. - Class A Common Stock,NASDAQ,N
BELFB,Bel Fuse Inc. - Class B Common Stock,NASDAQ,N
BELT,iShares U.S. Select Equity Active ETF,NASDAQ,Y
BEMB,iShares J.P. Morgan Broad USD Emerging Markets Bond ETF,Z,Y
BEN,"Franklin Resources, Inc. Common Stock",N,N
BENF,Beneficient - Class A Common Stock,NASDAQ,N
BENFW,Beneficient - Warrant,NASDAQ,N
BENJ,Horizon Landmark ETF,P,Y
BEP,Brookfield Renewable Partners L.P. Limited Partnership Units,N,N
BEP$A,"Brookfield Renewable Partners L.P. 5.25% Class A Preferred Limited Partnership Units, Series 17",N,N
BEPC,Brookfield Renewable Corporation Brookfield Renewable Corporation Class A Subordinate Voting Shares,N,N
BEPH,Brookfield BRP Holdings (Canada) Inc. 4.625% Perpetual Subordinated Notes,N,N
BEPI,Brookfield BRP Holdings (Canada) Inc. 4.875% Perpetual Subordinated Notes,N,N
BEPJ,Brookfield BRP Holdings (Canada) Inc. 7.250% Perpetual Subordinated Notes,N,N
BERZ,MicroSectors FANG & Innovation -3x Inverse Leveraged ETN,P,Y
BESF,Bastion Energy ETF,Z,Y
BETA,"Beta Technologies, Inc. Class A Common Stock",N,N
BETE,ProShares Bitcoin & Ether Equal Weight ETF,P,Y
BETH,ProShares Bitcoin & Ether Market Cap Weight ETF,P,Y
BETR,Better Home & Finance Holding Company - Class A Common Stock,NASDAQ,N
BETRW,Better Home & Finance Holding Company - Warrant,NASDAQ,N
BETZ,Roundhill Sports Betting & iGaming ETF,P,Y
BEX,Tradr 2X Long BE Daily ETF,Z,Y
BF.A,Brown Forman Inc Class A Common Stock,N,N
BF.B,Brown Forman Inc Class B Common Stock,N,N
BFAM,Bright Horizons Family Solutions Inc. Common Stock,N,N
BFAP,FT Vest Bitcoin Strategy Floor15 ETF April,P,Y
BFC,Bank First Corporation - Common Stock,NASDAQ,N
BFEB,Innovator U.S. Equity Buffer ETF - February,Z,Y
BFH,"Bread Financial Holdings, Inc. Common Stock",N,N
BFH$A,"Bread Financial Holdings, Inc. Depositary Shares, each representing a 1/40th interest in a share of 8.625% Non-Cumulative Perpetual Preferred Stock, Series A",N,N
BFIX,Build Bond Innovation ETF,P,Y
BFJL,FT Vest Bitcoin Strategy Floor15 ETF July,P,Y
BFK,BlackRock Municipal Income Trust,N,N
BFLB,BufferLABS US Equity Dynamic Buffer ETF,Z,Y
BFLY,"Butterfly Network, Inc. Class A Common Stock",N,N
BFLY.W,"Butterfly Network, Inc. Warrants",N,N
BFOC,FT Vest Bitcoin Strategy Floor15 ETF - October,P,Y
BFOR,Barron's 400 ETF,P,Y
BFRE,Westwood LBRTY Global Equity ETF,P,Y
BFRG,"Bullfrog AI Holdings, Inc. - Common Stock",NASDAQ,N
BFRGW,"Bullfrog AI Holdings, Inc. - Warrants",NASDAQ,N
BFRI,Biofrontera Inc. - Common Stock,NASDAQ,N
BFRIW,Biofrontera Inc. - Warrants,NASDAQ,N
BFRZ,Innovator Equity Managed 100 Buffer ETF,P,Y
BFS,"Saul Centers, Inc. Common Stock",N,N
BFS$D,"Saul Centers, Inc. Depositary Shares, each representing 1/100th of a share of 6.125% Series D Cumulative Redeemable Preferred Stock",N,N
BFS$E,"Saul Centers, Inc. Depositary shares, each representing a 1/100th fractional interest in a share of 6.000% Series E Cumulative Redeemable Preferred Stock",N,N
BFST,"Business First Bancshares, Inc. - Common Stock",NASDAQ,N
BFZ,BlackRock California Municipal Income Trust,N,N
BG,Bunge Limited Common Shares,N,N
BGB,Blackstone Strategic Credit 2027 Term Fund Common Shares of Beneficial Interest,N,N
BGC,"BGC Group, Inc. - Class A Common Stock",NASDAQ,N
BGDV,Bahl & Gaynor Dividend ETF,P,Y
BGH,Barings Global Short Duration High Yield Fund Common Shares of Beneficial Interests,N,N
BGI,Birks Group Inc. Common Stock,A,N
BGIG,Bahl & Gaynor Income Growth ETF,P,Y
BGIN,Bgin Blockchain Limited - Class A Ordinary Shares,NASDAQ,N
BGL,Blue Gold Limited - Class A ordinary shares,NASDAQ,N
BGLC,BioNexus Gene Lab Corp - Common stock,NASDAQ,N
BGLD,FT Vest Gold Strategy Quarterly Buffer ETF,Z,Y
BGLWW,Blue Gold Limited - Warrant,NASDAQ,N
BGM,BGM Group Ltd. - Class A Ordinary Shares,NASDAQ,N
BGMS,"Bio Green Med Solution, Inc. - Common Stock",NASDAQ,N
BGMSP,"Bio Green Med Solution, Inc. - 6% Convertible Preferred Stock",NASDAQ,N
BGR,BlackRock Energy and Resources Trust,N,N
BGRN,iShares USD Green Bond ETF,NASDAQ,Y
BGRO,iShares Large Cap Growth Active ETF,NASDAQ,Y
BGS,"B&G Foods, Inc. Common Stock",N,N
BGSF,"BGSF, Inc. Common Stock",N,N
BGSI,Boyd Group Services Inc. Common Shares,N,N
BGT,BlackRock Floating Rate Income Trust,N,N
BGX,Blackstone Long Short Credit Income Fund Common Shares,N,N
BGY,Blackrock Enhanced International Dividend Trust,N,N
BH,Biglari Holdings Inc. Class B Common Stock,N,N
BH.A,Biglari Holdings Inc. Class A Common Stock,N,N
BHAT,Blue Hat Interactive Entertainment Technology - Ordinary Shares,NASDAQ,N
BHB,"Bar Harbor Bankshares, Inc. Common Stock",A,N
BHC,Bausch Health Companies Inc. Common Stock,N,N
BHE,"Benchmark Electronics, Inc. Common Stock",N,N
BHF,"Brighthouse Financial, Inc. - Common Stock",NASDAQ,N
BHFAL,"Brighthouse Financial, Inc. - Junior Subordinated Debentures due 2058",NASDAQ,N
BHFAM,"Brighthouse Financial, Inc. - Depositary shares each representing a 1/1,000th Interest in a Share of 4.625% Non-Cumulative Preferred Stock, Series D",NASDAQ,N
BHFAN,"Brighthouse Financial, Inc. - depositary shares, each representing a 1/1,000th interest in a share of 5.375% Non-Cumulative Preferred Stock, Series C",NASDAQ,N
BHFAO,"Brighthouse Financial, Inc. - Depositary Shares, each representing a 1/1,000th interest in a share of 6.750% Non-Cumulative Preferred Stock, Series B",NASDAQ,N
BHFAP,"Brighthouse Financial, Inc. - Depositary Shares 6.6% Non-Cumulative Preferred Stock, Series A",NASDAQ,N
BHK,Blackrock Core Bond Trust,N,N
BHM,"Bluerock Homes Trust, Inc. Class A Common Stock",A,N
BHP,BHP Group Limited American Depositary Shares (Each representing two Ordinary Shares),N,N
BHR,Braemar Hotels & Resorts Inc. Common Stock,N,N
BHR$B,"Braemar Hotels & Resorts Inc. 5.50% Series B Cumulative Convertible Preferred Stock, par value $0.01 per share",N,N
BHR$D,"Braemar Hotels & Resorts Inc. 8.25% Series D Cumulative Preferred Stock,  par value $0.01 per share",N,N
BHRB,Burke & Herbert Financial Services Corp. - Common Stock,NASDAQ,N
BHST,BioHarvest Sciences Inc. - Common Stock,NASDAQ,N
BHV,BlackRock Virginia Municipal Bond Trust,N,N
BHVN,Biohaven Ltd. Common Shares,N,N
BHYB,Xtrackers USD High Yield BB-B ex Financials ETF,Z,Y
BIAF,"bioAffinity Technologies, Inc. - Common Stock",NASDAQ,N
BIAFW,"bioAffinity Technologies, Inc. - Warrant",NASDAQ,N
BIB,ProShares Ultra Nasdaq Biotechnology,NASDAQ,Y
BIBL,Inspire 100 ETF,P,Y
BIDD,iShares International Dividend Active ETF,P,Y
BIDG,Leverage Shares 2X Long BIDU Daily ETF,NASDAQ,Y
BIDU,"Baidu, Inc. - American Depositary Shares, each representing 8 ordinary share",NASDAQ,N
BIGY,YieldMax Target 12 Big 50 Option Income ETF,P,Y
BIIB,Biogen Inc. - Common Stock,NASDAQ,N
BIII.U,"Black Spade Acquisition III Co Units, each consisting of one Class A ordinary share and one-third of one redeemable warrant",N,N
BIL,State Street SPDR Bloomberg 1-3 Month T-Bill ETF,P,Y
BILD,Nomura Global Listed Infrastructure ETF,P,Y
BILI,Bilibili Inc. - American Depositary Shares,NASDAQ,N
BILL,"BILL Holdings, Inc. Common Stock",N,N
BILS,State Street SPDR Bloomberg 3-12 Month T-Bill ETF,P,Y
BILT,iShares Infrastructure Active ETF,Z,Y
BILZ,PIMCO Ultra Short Government Active Exchange-Traded Fund,P,Y
BINC,iShares Flexible Income Active ETF,P,Y
BINT,Bluemonte Global Equity ETF,P,Y
BINV,Brandes International ETF,Z,Y
BIO,"Bio-Rad Laboratories, Inc. Class A Common Stock",N,N
BIO.B,"Bio-Rad Laboratories, Inc. Class B  Common Stock",N,N
BIOA,"BioAge Labs, Inc. - Common Stock",NASDAQ,N
BIOX,Bioceres Crop Solutions Corp. - Ordinary Shares,NASDAQ,N
BIP,Brookfield Infrastructure Partners LP Limited Partnership Units,N,N
BIP$A,"Brookfield Infrastructure Partners LP 5.125% Class A Preferred Limited Partnership Units, Series 13",N,N
BIP$B,"Brookfield Infrastructure Partners LP 5.000% Class A Preferred Limited Partnership Units, Series 14",N,N
BIPC,Brookfield Infrastructure Corporation Brookfield Infrastructure Corporation,N,N
BIPH,Brookfield Infrastructure Corporation 5.000% Subordinated Notes due 2081,N,N
BIPI,BIP Bermuda Holdings I Limited 5.125% Perpetual Subordinated Notes,N,N
BIPJ,Brookfield Infrastructure Corporation 7.250% Subordinated Notes due 2084,N,N
BIRD,"Allbirds, Inc. - Class A Common Stock",NASDAQ,N
BIRK,Birkenstock Holding plc Ordinary Shares,N,N
BIS,ProShares UltraShort Nasdaq Biotechnology,NASDAQ,Y
BIT,BlackRock Multi-Sector Income Trust Common Shares of Beneficial Interest,N,N
BITB,Bitwise Bitcoin ETF,P,Y
BITC,Bitwise Trendwise Bitcoin and Treasuries Rotation Strategy ETF,P,Y
BITF,Bitfarms Ltd. - Common Stock,NASDAQ,N
BITI,ProShares Short Bitcoin ETF,P,Y
BITK,Tuttle Capital IBIT 0DTE Covered Call ETF,Z,Y
BITO,ProShares Bitcoin ETF,P,Y
BITQ,Bitwise Crypto Industry Innovators ETF,P,Y
BITS,Global X Blockchain & Bitcoin Strategy ETF,NASDAQ,Y
BITU,ProShares Ultra Bitcoin ETF,P,Y
BITW,Common Shares of Beneficial Interest,P,Y
BITX,2x Bitcoin Strategy ETF,Z,Y
BITY,Amplify Bitcoin 2% Monthly Option Income ETF,Z,Y
BIV,Vanguard Intermediate-Term Bond ETF,P,Y
BIVI,BioVie Inc. - Common stock,NASDAQ,N
BIVIW,BioVie Inc. - Warrant,NASDAQ,N
BIXI,Bitcoin Infrastructure Acquisition Corp Ltd. - Class A Ordinary Shares,NASDAQ,N
BIXIU,Bitcoin Infrastructure Acquisition Corp Ltd. - Units,NASDAQ,N
BIXIW,Bitcoin Infrastructure Acquisition Corp Ltd. - Warrants,NASDAQ,N
BIYA,Baiya International Group Inc.  - Ordinary Shares,NASDAQ,N
BIZD,VanEck BDC Income ETF,P,Y
BJ,"BJ's Wholesale Club Holdings, Inc. Common Stock",N,N
BJAN,Innovator U.S. Equity Buffer ETF - January,Z,Y
BJDX,"Bluejay Diagnostics, Inc. - Common Stock",NASDAQ,N
BJK,VanEck Gaming ETF,NASDAQ,Y
BJRI,"BJ's Restaurants, Inc. - Common Stock",NASDAQ,N
BJUL,Innovator U.S. Equity Buffer ETF - July,Z,Y
BJUN,Innovator U.S. Equity Buffer ETF - June,Z,Y
BK,The Bank of New York Mellon Corporation Common Stock,N,N
BK$K,"The Bank Of New York Mellon Corporation  Depositary Shares, each representing a 1/4,000th interest in a share of Series K Noncumulative Perpetual Preferred Stock",N,N
BKAG,BNY Mellon Core Bond ETF,P,Y
BKCG,BNY Mellon Concentrated Growth ETF,P,Y
BKCH,Global X Blockchain ETF,NASDAQ,Y
BKCI,BNY Mellon Concentrated International ETF,P,Y
BKD,Brookdale Senior Living Inc. Common Stock,N,N
BKDV,BNY Mellon Dynamic Value ETF,P,Y
BKE,"Buckle, Inc. (The) Common Stock",N,N
BKEM,BNY Mellon Emerging Markets Equity ETF,P,Y
BKF,iShares MSCI BIC ETF,P,Y
BKGI,BNY Mellon Global Infrastructure Income ETF,Z,Y
BKH,Black Hills Corporation Common Stock,N,N
BKHA,Black Hawk Acquisition Corporation - Class A Ordinary Shares,NASDAQ,N
BKHAR,Black Hawk Acquisition Corporation - Rights,NASDAQ,N
BKHAU,Black Hawk Acquisition Corporation - Units,NASDAQ,N
BKHY,BNY Mellon High Yield ETF,P,Y
BKIE,BNY Mellon International Equity ETF,P,Y
BKKT,"Bakkt Holdings, Inc. Class A Common Stock",N,N
BKKT.W,"Bakkt Holdings, Inc. Warrant",N,N
BKLC,BNY Mellon US Large Cap Core Equity ETF,P,Y
BKLN,Invesco Senior Loan ETF,P,Y
BKMC,BNY Mellon US Mid Cap Core Equity ETF,P,Y
BKN,BlackRock Investment Quality Municipal Trust Inc. (The),N,N
BKNG,Booking Holdings Inc. - Common Stock,NASDAQ,N
BKNU,T-REX 2X Long BKNG Daily Target ETF,Z,Y
BKR,Baker Hughes Company - Common Stock,NASDAQ,N
BKSE,BNY Mellon US Small Cap Core Equity ETF,P,Y
BKSY,BlackSky Technology Inc. Class A Common Stock,N,N
BKSY.W,"BlackSky Technology Inc. Redeemable Warrants, each whole Warrant exercisable for one share of Class A Common Stock",N,N
BKT,BlackRock Income Trust Inc. (The),N,N
BKTI,BK Technologies Corporation Common Stock,A,N
BKU,"BankUnited, Inc. Common Stock",N,N
BKUI,BNY Mellon Ultra Short Income ETF,P,Y
BKV,BKV Corporation Common Stock,N,N
BKYI,"BIO-key International, Inc. - Common Stock",NASDAQ,N
BL,"BlackLine, Inc. - Common Stock",NASDAQ,N
BLBD,Blue Bird Corporation - Common Stock,NASDAQ,N
BLBX,Blackboxstocks Inc. - Common Stock,NASDAQ,N
BLCN,Siren Nasdaq NexGen Economy ETF,NASDAQ,Y
BLCO,Bausch + Lomb Corporation Common Shares,N,N
BLCR,iShares Large Cap Core Active ETF,NASDAQ,Y
BLCV,iShares Large Cap Value Active ETF,P,Y
BLD,TopBuild Corp. Common Stock,N,N
BLDG,Cambria Global Real Estate ETF,Z,Y
BLDP,"Ballard Power Systems, Inc. - Common Shares",NASDAQ,N
BLDR,"Builders FirstSource, Inc. Common Stock",N,N
BLE,BlackRock Municipal Income Trust II,N,N
BLES,Inspire Global Hope ETF,P,Y
BLFS,"BioLife Solutions, Inc. - Common Stock",NASDAQ,N
BLFY,Blue Foundry Bancorp - Common Stock,NASDAQ,N
BLGR,Bluemonte Large Cap Growth ETF,P,Y
BLIN,"Bridgeline Digital, Inc. - Common Stock",NASDAQ,N
BLIV,BeLive Holdings - ordinary shares,NASDAQ,N
BLK,"BlackRock, Inc. Common Stock",N,N
BLKB,"Blackbaud, Inc. - Common Stock",NASDAQ,N
BLKC,Invesco Alerian Galaxy Blockchain Users and Decentralized Commerce ETF,Z,Y
BLLN,"BillionToOne, Inc. - Class A common stock",NASDAQ,N
BLMN,"Bloomin' Brands, Inc. - Common Stock",NASDAQ,N
BLND,"Blend Labs, Inc. Class A Common Stock",N,N
BLNE,"Beeline Holdings, Inc. - Common Stock",NASDAQ,N
BLNK,Blink Charging Co. - Common Stock,NASDAQ,N
BLOK,Amplify Blockchain Technology ETF,P,Y
BLOX,Nicholas Crypto Income ETF,P,Y
BLRKU,Bluerock Acquisition Corp. - Units,NASDAQ,N
BLRX,BioLineRx Ltd. - American Depositary Shares,NASDAQ,N
BLSG,Leverage Shares 2X Long BLSH Daily ETF,NASDAQ,Y
BLSH,Bullish Ordinary Shares,N,N
BLST,Bluemonte Short Term Bond ETF,P,Y
BLSX,Tradr 2X Long BLSH Daily ETF,Z,Y
BLTD,Bluemonte Long Term Bond ETF,P,Y
BLTE,"Belite Bio, Inc - American Depositary Shares",NASDAQ,N
BLUC,Bluemonte Large Cap Core ETF,P,Y
BLUI,Bluemonte Diversified Income ETF,P,Y
BLUW,Blue Water Acquisition Corp. III - Class A Ordinary Shares,NASDAQ,N
BLUWU,Blue Water Acquisition Corp. III - Unit.,NASDAQ,N
BLUWW,Blue Water Acquisition Corp. III - Warrant.,NASDAQ,N
BLUX,Bluemonte Dynamic Total Market ETF,P,Y
BLV,Vanguard Long-Term Bond ETF,P,Y
BLW,Blackrock Limited Duration Income Trust,N,N
BLX,"Banco Latinoamericano de Comercio Exterior, S.A.",N,N
BLZE,"Backblaze, Inc. - Common Stock",NASDAQ,N
BLZR,Trailblazer Acquisition Corp. - Class A Ordinary Shares,NASDAQ,N
BLZRU,Trailblazer Acquisition Corp. - Unit,NASDAQ,N
BLZRW,Trailblazer Acquisition Corp. - Warrant,NASDAQ,N
BMA,Banco Macro S.A.  ADR (representing Ten Class B Common Shares),N,N
BMAR,Innovator U.S. Equity Buffer ETF - March,Z,Y
BMAX,REX Bitcoin Corporate Treasury Convertible Bond ETF,NASDAQ,Y
BMAY,Innovator U.S. Equity Buffer ETF - May,Z,Y
BMBL,Bumble Inc. - common stock,NASDAQ,N
BMDL,VictoryShares WestEnd Economic Cycle Bond ETF,NASDAQ,Y
BME,Blackrock Health Sciences Trust,N,N
BMEA,"Biomea Fusion, Inc. - Common Stock",NASDAQ,N
BMED,iShares Health Innovation Active ETF,P,Y
BMEZ,BlackRock Health Sciences Term Trust Common Shares of Beneficial Interest,N,N
BMGL,Basel Medical Group Ltd - ordinary shares,NASDAQ,N
BMHL,Bluemount Holdings Limited - Class B Ordinary Shares,NASDAQ,N
BMI,"Badger Meter, Inc. Common Stock",N,N
BML$G,"Bank of America Corporation Depositary Shares (Each representing a 1/1200th interest in a share of Floating Rate Non-Cumulative Preferred Stock , Series 1)",N,N
BML$H,"Bank of America Corporation Depositary Shares (Each representing a 1/1200th interest in a Share of Floating Rate Non-Cumulative Preferred Stock, Series 2)",N,N
BML$J,"Bank of America Corporation Depositary Shares (Each representing a 1/1200th interest in a Share of Floating Rate Non-Cumulative Preferred Stock, Series 4)",N,N
BML$L,"Bank of America Corporation Depositary Shares (Each representing a 1/1200th Interest in a Share of Floating Rate Non-Cumulative Preferred Stock, Series 5)",N,N
BMN,BlackRock 2037 Municipal Target Term Trust Common Shares of Beneficial Interest,N,N
BMNG,Leverage Shares 2X Long BMNR Daily ETF,NASDAQ,Y
BMNR,"BitMine Immersion Technologies, Inc. Common Stock",A,N
BMNU,T-REX 2X Long BMNR Daily Target ETF,Z,Y
BMNZ,Defiance Daily Target 2X Short BMNR ETF,P,Y
BMO,Bank Of Montreal Common Stock,N,N
BMR,Beamr Imaging Ltd. - Ordinary Share,NASDAQ,N
BMRA,"Biomerica, Inc. - Common Stock",NASDAQ,N
BMRC,Bank of Marin Bancorp - Common Stock,NASDAQ,N
BMRN,BioMarin Pharmaceutical Inc. - Common Stock,NASDAQ,N
BMVP,Invesco Bloomberg MVP Multi-factor ETF,P,Y
BMY,Bristol-Myers Squibb Company Common Stock,N,N
BN,Brookfield Corporation Class A Limited Voting Shares,N,N
BNAI,Brand Engagement Network Inc. - Common Stock,NASDAQ,N
BNAIW,Brand Engagement Network Inc. - Warrant,NASDAQ,N
BNBX,BNB Plus Corp. - Common Stock,NASDAQ,N
BNC,CEA Industries Inc. - Common Stock,NASDAQ,N
BNCWW,CEA Industries Inc. - Warrant,NASDAQ,N
BND,Vanguard Total Bond Market ETF,NASDAQ,Y
BNDC,FlexShares Core Select Bond Fund,P,Y
BNDD,Quadratic Deflation ETF,P,Y
BNDI,NEOS Enhanced Income Aggregate Bond ETF,P,Y
BNDP,Vanguard Core-Plus Bond Index ETF,NASDAQ,Y
BNDS,Infrastructure Capital Bond Income ETF,P,Y
BNDW,Vanguard Total World Bond ETF,NASDAQ,Y
BNDX,Vanguard Total International Bond ETF,NASDAQ,Y
BNDY,Horizon Core Bond ETF,Z,Y
BNED,"Barnes & Noble Education, Inc Common Stock",N,N
BNGE,First Trust S-Network Streaming and Gaming ETF,P,Y
BNGO,"Bionano Genomics, Inc. - Common Stock",NASDAQ,N
BNH,"Brookfield Finance Inc. 4.625% Subordinated Notes due October 16, 2080",N,N
BNJ,Brookfield Finance Inc. 4.50% Perpetual Subordinated Notes,N,N
BNKD,"MicroSectors U.S. Big Banks -3 Inverse Leveraged ETNs due February 17, 2045",P,Y
BNKK,"Bonk, Inc. - Common Stock",NASDAQ,N
BNKU,"MicroSectors U.S. Big Banks 3 Leveraged ETNs due February 17, 2045",P,Y
BNL,"Broadstone Net Lease, Inc. Common Stock",N,N
BNO,"United States Brent Oil Fund, LP ETV",P,Y
BNOV,Innovator U.S. Equity Buffer ETF - November,Z,Y
BNR,Burning Rock Biotech Limited - American Depositary Shares,NASDAQ,N
BNRG,Brenmiller Energy Ltd - Ordinary Shares,NASDAQ,N
BNS,Bank Nova Scotia Halifax Pfd 3 Ordinary Shares,N,N
BNT,Brookfield Wealth Solutions Ltd. Class A Exchangeable Limited Voting Shares,N,N
BNTC,Benitec Biopharma Inc. - Common Stock,NASDAQ,N
BNTX,BioNTech SE - American Depositary Shares,NASDAQ,N
BNY,BlackRock New York Municipal Income Trust,N,N
BNZI,"Banzai International, Inc. - Class A Common Stock",NASDAQ,N
BNZIW,"Banzai International, Inc. - Warrant",NASDAQ,N
BOAT,SonicShares Global Shipping ETF,P,Y
BOBP,CORE16 Best of Breed Premier Index ETF,P,Y
BOC,Boston Omaha Corporation Class A Common Stock,N,N
BOCT,Innovator U.S. Equity Buffer ETF - October,Z,Y
BODI,"The Beachbody Company, Inc. - Class A Common Stock",NASDAQ,N
BOE,Blackrock Enhanced Global Dividend Trust Common Shares of Beneficial Interest,N,N
BOED,Direxion Daily BA Bear 1X Shares,NASDAQ,Y
BOEG,Leverage Shares 2X Long BA Daily ETF,NASDAQ,Y
BOEU,Direxion Daily BA Bull 2X Shares,NASDAQ,Y
BOF,BranchOut Food Inc. - Common Stock,NASDAQ,N
BOH,Bank of Hawaii Corporation Common Stock,N,N
BOH$A,"Bank of Hawaii Corporation Depositary Shares Each Representing a 1/40th Interest in a Share of 4.375% Fixed Rate Non-Cumulative Perpetual Preferred Stock, Series A",N,N
BOH$B,"Bank of Hawaii Corporation Depositary Shares, Each Representing a 1/40th Interest in a Share of 8.000% Fixed Rate Non-Cumulative Perpetual Preferred Stock, Series B",N,N
BOIL,ProShares Ultra Bloomberg Natural Gas,P,Y
BOKF,BOK Financial Corporation - Common Stock,NASDAQ,N
BOLD,"Boundless Bio, Inc. - Common Stock",NASDAQ,N
BOLT,"Bolt Biotherapeutics, Inc. - Common Stock",NASDAQ,N
BON,Bon Natural Life Limited - Class A Ordinary Shares,NASDAQ,N
BOND,PIMCO Active Bond Exchange-Traded Fund Exchange-Traded Fund,N,Y
BOOM,DMC Global Inc. - Common Stock,NASDAQ,N
BOOT,"Boot Barn Holdings, Inc. Common Stock",N,N
BORR,Borr Drilling Limited Common Shares,N,N
BOSC,B.O.S. Better Online Solutions - Ordinary Shares,NASDAQ,N
BOTJ,"Bank of the James Financial Group, Inc. - Common Stock",NASDAQ,N
BOTT,Themes Humanoid Robotics ETF,NASDAQ,Y
BOTZ,Global X Robotics & Artificial Intelligence ETF,NASDAQ,Y
BOUT,Innovator IBD Breakout Opportunities ETF,P,Y
BOW,Bowhead Specialty Holdings Inc. Common Stock,N,N
BOX,"Box, Inc. Class A Common Stock",N,N
BOXA,Alpha Architect Aggregate Bond ETF,Z,Y
BOXL,Boxlight Corporation - Class A Common Stock,NASDAQ,N
BOXX,Alpha Architect 1-3 Month Box ETF,Z,Y
BP,BP p.l.c. Common Stock,N,N
BPAC,Blueport Acquisition Ltd - Class A Ordinary Shares,NASDAQ,N
BPACR,Blueport Acquisition Ltd - Rights,NASDAQ,N
BPACU,Blueport Acquisition Ltd - Units,NASDAQ,N
BPAY,iShares FinTech Active ETF,P,Y
BPH,BP plc ADRhedged,P,Y
BPI,Grayscale Bitcoin Premium Income ETF,P,Y
BPOP,"Popular, Inc. - Common Stock",NASDAQ,N
BPOPM,"Popular, Inc. - Popular Capital Trust II - 6.125% Cumulative Monthly Income Trust Preferred Securities",NASDAQ,N
BPRE,Bluerock Private Real Estate Fund Common Shares of Beneficial Interest,N,N
BPRN,"Princeton Bancorp, Inc. - Common Stock",NASDAQ,N
BPYPM,"Brookfield Property Partners L.P. - 6.25% Class A Cumulative Redeemable Preferred Units, Series 1",NASDAQ,N
BPYPN,"Brookfield Property Partners L.P. - 5.750% Class A Cumulative Redeemable Perpetual Preferred Units, Series 3",NASDAQ,N
BPYPO,"Brookfield Property Partners L.P. - 6.375% Class A Cumulative Redeemable Perpetual Preferred Units, Series 2",NASDAQ,N
BPYPP,Brookfield Property Partners L.P. - 6.50% Class A Cumulative Redeemable Perpetual Preferred Units,NASDAQ,N
BQ,Boqii Holding Limited Class A Ordinary Shares,A,N
BR,"Broadridge Financial Solutions, Inc. Common Stock",N,N
BRAG,Bragg Gaming Group Inc. - Common Shares,NASDAQ,N
BRAZ,Global X Brazil Active ETF,P,Y
BRBI,BRBI BR Partners S.A. - ADSs,NASDAQ,N
BRBR,"BellRing Brands, Inc. Common Stock",N,N
BRBS,"Blue Ridge Bankshares, Inc. Common Stock",A,N
BRC,Brady Corporation Common Stock,N,N
BRCB,"Black Rock Coffee Bar, Inc. - Class A Common Stock",NASDAQ,N
BRCC,BRC Inc. Class A Common Stock,N,N
BRCE,MFS Blended Research Core Equity ETF,N,Y
BREM,iShares Emerging Markets Bond Active ETF,NASDAQ,Y
BRF,VanEck Brazil Small-Cap ETF,P,Y
BRFH,Barfresh Food Group Inc. - Common Stock,NASDAQ,N
BRHY,iShares High Yield Active ETF,NASDAQ,Y
BRIA,BrilliA Inc Class A Ordinary Shares,A,N
BRID,Bridgford Foods Corporation - Common Stock,NASDAQ,N
BRIE,MFS Blended Research International Equity ETF,N,Y
BRIF,FIS Bright Portfolios Focused Equity ETF,P,Y
BRK.A,Berkshire Hathaway Inc. Common Stock,N,N
BRK.B,Berkshire Hathaway Inc. New Common Stock,N,N
BRKC,YieldMax BRK.B Option Income Strategy ETF,P,Y
BRKD,Direxion Daily BRKB Bear 1X Shares,NASDAQ,Y
BRKR,Bruker Corporation - Common Stock,NASDAQ,N
BRKRP,"Bruker Corporation - 6.375% Mandatory Convertible Preferred Stock, Series A",NASDAQ,N
BRKU,Direxion Daily BRKB Bull 2X Shares,NASDAQ,Y
BRKW,Roundhill BRKB WeeklyPay ETF,Z,Y
BRLN,iShares Floating Rate Loan Active ETF,Z,Y
BRLS,Borealis Foods Inc. - Class A Common Shares,NASDAQ,N
BRLSW,Borealis Foods Inc. - Warrant,NASDAQ,N
BRLT,"Brilliant Earth Group, Inc. - Class A Common Stock",NASDAQ,N
BRN,"Barnwell Industries, Inc. Common Stock",A,N
BRNS,Barinthus Biotherapeutics plc - American Depositary Shares,NASDAQ,N
BRNY,Burney U.S. Factor Rotation ETF,NASDAQ,Y
BRO,"Brown & Brown, Inc. Common Stock",N,N
BROS,Dutch Bros Inc. Class A Common Stock,N,N
BRR,"ProCap Financial, Inc. - Common Stock",NASDAQ,N
BRRR,Coinshares Bitcoin ETF,NASDAQ,Y
BRRWW,"ProCap Financial, Inc. - Warrant.",NASDAQ,N
BRSL,"Brightstar Lottery PLC Trading under the Legal Name to begin at the market open on July 21, 2025. Ordinary Shares",N,N
BRSP,"BrightSpire Capital, Inc. Class A Common Stock",N,N
BRT,BRT Apartments Corp. (MD) Common Stock,N,N
BRTR,iShares Total Return Active ETF,NASDAQ,Y
BRTX,"BioRestorative Therapies, Inc. - Common Stock",NASDAQ,N
BRW,Saba Capital Income & Opportunities Fund SBI,N,N
BRX,Brixmor Property Group Inc. Common Stock,N,N
BRZE,"Braze, Inc. - Class A Common Stock",NASDAQ,N
BRZU,Direxion Daily Brazil Bull 2X Shares,P,Y
BSAA,BEST SPAC I Acquisition Corp. - Class A Ordinary Shares,NASDAQ,N
BSAAR,BEST SPAC I Acquisition Corp. - Rights,NASDAQ,N
BSAAU,BEST SPAC I Acquisition Corp. - Unit,NASDAQ,N
BSAC,Banco Santander - Chile ADS,N,N
BSBK,Bogota Financial Corp. - Common Stock,NASDAQ,N
BSBR,"Banco Santander Brasil SA American Depositary Shares, each representing one unit",N,N
BSCQ,Invesco BulletShares 2026 Corporate Bond ETF,NASDAQ,Y
BSCR,Invesco BulletShares 2027 Corporate Bond ETF,NASDAQ,Y
BSCS,Invesco BulletShares 2028 Corporate Bond ETF,NASDAQ,Y
BSCT,Invesco BulletShares 2029 Corporate Bond ETF,NASDAQ,Y
BSCU,Invesco BulletShares 2030 Corporate Bond ETF,NASDAQ,Y
BSCV,Invesco BulletShares 2031 Corporate Bond ETF,NASDAQ,Y
BSCW,Invesco BulletShares 2032 Corporate Bond ETF,NASDAQ,Y
BSCX,Invesco BulletShares 2033 Corporate Bond ETF,NASDAQ,Y
BSCY,Invesco BulletShares 2034 Corporate Bond ETF,NASDAQ,Y
BSCZ,Invesco BulletShares 2035 Corporate Bond ETF,NASDAQ,Y
BSEP,Innovator U.S. Equity Buffer ETF - September,Z,Y
BSET,"Bassett Furniture Industries, Incorporated - Common Stock",NASDAQ,N
BSJQ,Invesco BulletShares 2026 High Yield Corporate Bond ETF,NASDAQ,Y
BSJR,Invesco BulletShares 2027 High Yield Corporate Bond ETF,NASDAQ,Y
BSJS,Invesco BulletShares 2028 High Yield Corporate Bond ETF,NASDAQ,Y
BSJT,Invesco BulletShares 2029 High Yield Corporate Bond ETF,NASDAQ,Y
BSJU,Invesco BulletShares 2030 High Yield Corporate Bond ETF,NASDAQ,Y
BSJV,Invesco BulletShares 2031 High Yield Corporate Bond ETF,NASDAQ,Y
BSJW,Invesco BulletShares 2032 High Yield Corporate Bond ETF,NASDAQ,Y
BSJX,Invesco BulletShares 2033 High Yield Corporate Bond ETF,NASDAQ,Y
BSL,Blackstone Senior Floating Rate 2027 Term Fund Common Shares of Beneficial Interest,N,N
BSM,"Black Stone Minerals, L.P. Common units representing limited partner interests",N,N
BSMC,Brandes U.S. Small-Mid Cap Value ETF,Z,Y
BSMQ,Invesco BulletShares 2026 Municipal Bond ETF,NASDAQ,Y
BSMR,Invesco BulletShares 2027 Municipal Bond ETF,NASDAQ,Y
BSMS,Invesco BulletShares 2028 Municipal Bond ETF,NASDAQ,Y
BSMT,Invesco BulletShares 2029 Municipal Bond ETF,NASDAQ,Y
BSMU,Invesco BulletShares 2030 Municipal Bond ETF,NASDAQ,Y
BSMV,Invesco BulletShares 2031 Municipal Bond ETF,NASDAQ,Y
BSMW,Invesco BulletShares 2032 Municipal Bond ETF,NASDAQ,Y
BSMY,Invesco BulletShares 2034 Municipal Bond ETF,NASDAQ,Y
BSMZ,Invesco BulletShares 2035 Municipal Bond ETF,NASDAQ,Y
BSOL,Bitwise Solana Staking ETF,P,Y
BSR,Beacon Selective Risk ETF,P,Y
BSRR,Sierra Bancorp - Common Stock,NASDAQ,N
BSSX,Invesco BulletShares 2033 Municipal Bond ETF,NASDAQ,Y
BST,BlackRock Science and Technology Trust Common Shares of Beneficial Interest,N,N
BSTP,Innovator Buffer Step-Up Strategy ETF,P,Y
BSTZ,BlackRock Science and Technology Term Trust Common Shares of Beneficial Interest,N,N
BSV,Vanguard Short-Term Bond ETF,P,Y
BSVN,Bank7 Corp. - Common stock,NASDAQ,N
BSVO,EA Bridgeway Omni Small-Cap Value ETF,NASDAQ,Y
BSX,Boston Scientific Corporation Common Stock,N,N
BSY,"Bentley Systems, Incorporated - Class B Common Stock",NASDAQ,N
BTA,BlackRock Long-Term Municipal Advantage Trust Common Shares of Beneficial Interest,N,N
BTAI,"BioXcel Therapeutics, Inc. - Common Stock",NASDAQ,N
BTAL,AGF U.S. Market Neutral Anti-Beta Fund,P,Y
BTBD,"BT Brands, Inc. - Common Stock",NASDAQ,N
BTBDW,"BT Brands, Inc. - Warrant",NASDAQ,N
BTBT,"Bit Digital, Inc. - Ordinary Share",NASDAQ,N
BTC,Grayscale Bitcoin Mini Trust (BTC),P,Y
BTCC,Grayscale Bitcoin Covered Call ETF,P,Y
BTCI,NEOS Bitcoin High Income ETF,Z,Y
BTCL,T-Rex 2X Long Bitcoin Daily Target ETF,Z,Y
BTCO,Invesco Galaxy Bitcoin ETF,Z,Y
BTCS,BTCS Inc. - Common Stock,NASDAQ,N
BTCT,BTC Digital Ltd. - Ordinary Shares,NASDAQ,N
BTCW,WisdomTree Bitcoin Fund,Z,Y
BTCZ,T-Rex 2X Inverse Bitcoin Daily Target ETF,Z,Y
BTDR,Bitdeer Technologies Group - Ordinary Shares,NASDAQ,N
BTE,Baytex Energy Corp Common Shares,N,N
BTF,CoinShares Bitcoin and Ether ETF,NASDAQ,Y
BTFL,Defiance Daily Target 2X Long BITF ETF,Z,Y
BTG,B2Gold Corp Common shares (Canada),A,N
BTGD,STKd 100% Bitcoin & 100% Gold ETF,NASDAQ,Y
BTI,"British American Tobacco  Industries, p.l.c. Common Stock ADR",N,N
BTM,Bitcoin Depot Inc. - Class A Common Stock,NASDAQ,N
BTMD,Biote Corp. - Class A common stock,NASDAQ,N
BTMWW,Bitcoin Depot Inc. - Warrant,NASDAQ,N
BTO,John Hancock Financial Opportunities Fund Common Stock,N,N
BTOC,Armlogi Holding Corp. - common stock,NASDAQ,N
BTOG,Bit Origin Limited - Class A Ordinary Shares,NASDAQ,N
BTOP,Bitwise Trendwise BTC/ETH and Treasuries Rotation Strategy ETF,P,Y
BTOT,iShares Total USD Fixed Income Market ETF,P,Y
BTQ,BTQ Technologies Corp. - Common Stock,NASDAQ,N
BTR,Beacon Tactical Risk ETF,P,Y
BTRN,Global X Bitcoin Trend Strategy ETF,P,Y
BTSG,"BrightSpring Health Services, Inc. - Common Stock",NASDAQ,N
BTSGU,"BrightSpring Health Services, Inc. - Tangible Equity Unit",NASDAQ,N
BTT,BlackRock Municipal 2030 Target Term Trust,N,N
BTTC,Black Titan Corp - Ordinary Shares,NASDAQ,N
BTU,Peabody Energy Corporation Common Stock,N,N
BTX,BlackRock Technology and Private Equity Term Trust Common Shares of Beneficial Interest,N,N
BTZ,BlackRock Credit Allocation Income Trust,N,N
BU,Defiance Daily Target 2X Long BU ETF,NASDAQ,Y
BUCK,Simplify Treasury Option Income ETF,P,Y
BUD,Anheuser-Busch Inbev SA Sponsored ADR (Belgium),N,N
BUDA,"Buda Juice, Inc. Common Stock",A,N
BUFB,Innovator Laddered Allocation Buffer ETF,Z,Y
BUFC,AB Conservative Buffer ETF,NASDAQ,Y
BUFD,FT Vest Laddered Deep Buffer ETF,Z,Y
BUFF,Innovator Laddered Allocation Power Buffer ETF,Z,Y
BUFG,FT Vest Buffered Allocation Growth ETF,Z,Y
BUFH,FT Vest Laddered Max Buffer ETF,Z,Y
BUFI,AB International Buffer ETF,NASDAQ,Y
BUFM,AB Moderate Buffer ETF,NASDAQ,Y
BUFP,PGIM Laddered S&P 500 Buffer 12 ETF,Z,Y
BUFQ,FT Vest Laddered Nasdaq Buffer ETF,Z,Y
BUFR,FT Vest Laddered Buffer ETF,Z,Y
BUFS,FT Vest Laddered Small Cap Moderate Buffer ETF,Z,Y
BUFT,FT Vest Buffered Allocation Defensive ETF,Z,Y
BUFX,FT Vest Laddered Enhance & Moderate Buffer ETF,Z,Y
BUFY,FT Vest Laddered International Moderate Buffer ETF,Z,Y
BUFZ,FT Vest Laddered Moderate Buffer ETF,Z,Y
BUG,Global X Cybersecurity ETF,NASDAQ,Y
BUI,"BlackRock Utility, Infrastructure & Power Opportunities Trust",N,N
BUL,Pacer US Cash Cows Growth ETF,P,Y
BULD,Pacer BlueStar Engineering the Future ETF,NASDAQ,Y
BULG,Leverage Shares 2X Long BULL Daily ETF,NASDAQ,Y
BULL,Webull Corporation - Class A Ordinary Shares,NASDAQ,N
BULLW,Webull Corporation - Warrants,NASDAQ,N
BULU,T-REX 2X Long BULL Daily Target ETF,Z,Y
BULX,GraniteShares 2x Long BULL Daily ETF,NASDAQ,Y
BULZ,MicroSectors FANG & Innovation 3x Leveraged ETN,P,Y
BUR,Burford Capital Limited Ordinary Shares,N,N
BURL,"Burlington Stores, Inc. Common Stock",N,N
BURU,"Nuburu, Inc. Common Stock",A,N
BUSA,Brandes U.S. Value ETF,Z,Y
BUSE,First Busey Corporation - Common Stock,NASDAQ,N
BUSEP,"First Busey Corporation - Depositary Shares, Each Representing a 1/40th Interest in a Share of 8.25% Fixed-Rate Series B Non-Cumulative Perpetual Preferred Stock, $0.001 par value",NASDAQ,N
BUUU,BUUU Group Limited - Class A Ordinary Share,NASDAQ,N
BUXX,Strive Enhanced Income Short Maturity ETF,N,Y
BUYO,KraneShares Man Buyout Beta Index ETF,P,Y
BUYW,Main BuyWrite ETF,Z,Y
BUYZ,Franklin Disruptive Commerce ETF,Z,Y
BUZZ,VanEck Social Sentiment ETF,P,Y
BV,"BrightView Holdings, Inc. Common Stock",N,N
BVAL,Bluemonte Large Cap Value ETF,P,Y
BVC,BitVentures Limited - Ordinary Share,NASDAQ,N
BVFL,"BV Financial, Inc. - Common Stock",NASDAQ,N
BVN,Buenaventura Mining Company Inc.,N,N
BVS,Bioventus Inc. - Class A Common Stock,NASDAQ,N
BW,"Babcock & Wilcox Enterprises, Inc. Common Stock",N,N
BW$A,"Babcock & Wilcox Enterprises, Inc. 7.75% Series A Cumulative Perpetual Preferred Stock",N,N
BWA,BorgWarner Inc. Common Stock,N,N
BWAY,BrainsWay Ltd. - American Depositary Shares,NASDAQ,N
BWB,"Bridgewater Bancshares, Inc. - Common Stock",NASDAQ,N
BWBBP,"Bridgewater Bancshares, Inc. - Depositary Shares, Each Representing a 1/100th Interest in a Share of 5.875% Non-Cumulative Perpetual Preferred Stock, Series A",NASDAQ,N
BWEB,Bitwise Web3 ETF,P,Y
BWEN,"Broadwind, Inc. - Common Stock",NASDAQ,N
BWET,Breakwave Tanker Shipping ETF,P,Y
BWFG,"Bankwell Financial Group, Inc. - Common Stock",NASDAQ,N
BWG,BrandywineGLOBAL Global Income Opportunities Fund Inc.,N,N
BWIN,"The Baldwin Insurance Group, Inc. - Class A Common Stock",NASDAQ,N
BWLP,BW LPG Limited Common Shares,N,N
BWMN,Bowman Consulting Group Ltd. - Common Stock,NASDAQ,N
BWMX,"Betterware de Mexico, S.A.P.I. de C.V. Ordinary Shares",N,N
BWNB,"Babcock & Wilcox Enterprises, Inc. 6.50% Senior Notes due 2026",N,N
BWOW,Bitwise Dogecoin ETF,P,Y
BWTG,Brendan Wood TopGun Index ETF,Z,Y
BWX,SPDR Bloomberg International Treasury Bond ETF,P,Y
BWXT,"BWX Technologies, Inc. Common Stock",N,N
BWZ,SPDR Bloomberg Short Term International Treasury Bond ETF,P,Y
BX,Blackstone Inc. Common Stock,N,N
BXC,Bluelinx Holdings Inc. Common Stock,N,N
BXMT,"Blackstone Mortgage Trust, Inc. Common Stock",N,N
BXMX,Nuveen S&P 500 Buy-Write Income Fund Common Shares of Beneficial Interest,N,N
BXP,"BXP, Inc. Common Stock",N,N
BXSL,Blackstone Secured Lending Fund Common Shares of Beneficial Interest,N,N
BY,"Byline Bancorp, Inc. Common Stock",N,N
BYAH,"Park Ha Biological Technology Co., Ltd. - ordinary shares",NASDAQ,N
BYD,Boyd Gaming Corporation Common Stock,N,N
BYFC,Broadway Financial Corporation - Class A Common Stock,NASDAQ,N
BYLD,iShares Yield Optimized Bond ETF,P,Y
BYM,Blackrock Municipal Income Quality Trust Common Shares of Beneficial Interest,N,N
BYND,"Beyond Meat, Inc. - Common stock",NASDAQ,N
BYRE,Principal Real Estate Active Opportunities ETF,P,Y
BYRN,"Byrna Technologies, Inc. - Common Stock",NASDAQ,N
BYSI,"BeyondSpring, Inc. - Ordinary Shares",NASDAQ,N
BZ,KANZHUN LIMITED - American Depository Shares,NASDAQ,N
BZAI,"Blaize Holdings, Inc. - Common Stock",NASDAQ,N
BZAIW,"Blaize Holdings, Inc. - Warrant",NASDAQ,N
BZFD,"BuzzFeed, Inc. - Class A Common Stock",NASDAQ,N
BZFDW,"BuzzFeed, Inc. - Warrant",NASDAQ,N
BZH,"Beazer Homes USA, Inc. Common Stock",N,N
BZQ,ProShares UltraShort MSCI Brazil Capped,P,Y
BZUN,Baozun Inc. - American Depositary Shares,NASDAQ,N
C,"Citigroup, Inc. Common Stock",N,N
C$N,Citigroup Capital XIII 7.875% Fixed rate Floating Rate trust Preferred Securities (TruPS),N,N
CA,Xtrackers California Municipal Bonds ETF,NASDAQ,Y
CAAA,First Trust AAA CMBS ETF,P,Y
CAAP,Corporacion America Airports SA Common Shares,N,N
CAAS,"China Automotive Systems, Inc. - Ordinary Share",NASDAQ,N
CABA,"Cabaletta Bio, Inc. - Common Stock",NASDAQ,N
CABO,"Cable One, Inc. Common Stock",N,N
CABR,"Caring Brands, Inc. - Common Stock",NASDAQ,N
CAC,Camden National Corporation - Common Stock,NASDAQ,N
CACC,Credit Acceptance Corporation - Common Stock,NASDAQ,N
CACI,"CACI International, Inc. Class A Common Stock",N,N
CADE,Cadence Bank Common Stock,N,N
CADE$A,Cadence Bank 5.50% Series A,N,N
CADL,"Candel Therapeutics, Inc. - Common Stock",NASDAQ,N
CAE,CAE Inc. Ordinary Shares,N,N
CAEP,"Cantor Equity Partners III, Inc. - Class A Ordinary Shares",NASDAQ,N
CAF,Morgan Stanley China A Share Fund Inc. Common Stock,N,N
CAFG,Pacer US Small Cap Cash Cows Growth Leaders ETF,NASDAQ,Y
CAFX,Congress Intermediate Bond ETF,P,Y
CAG,"ConAgra Brands, Inc. Common Stock",N,N
CAH,"Cardinal Health, Inc. Common Stock",N,N
CAI,"Caris Life Sciences, Inc. - Common Stock",NASDAQ,N
CAIE,Calamos Autocallable Income ETF,P,Y
CAIQ,Calamos Nasdaq Autocallable Income ETF,NASDAQ,Y
CAKE,The Cheesecake Factory Incorporated - Common Stock,NASDAQ,N
CAL,"Caleres, Inc. Common Stock",N,N
CALC,"CalciMedica, Inc. - Common Stock",NASDAQ,N
CALF,Pacer US Small Cap Cash Cows ETF,Z,Y
CALI,iShares Short-Term California Muni Active ETF,NASDAQ,Y
CALM,"Cal-Maine Foods, Inc. - Common Stock",NASDAQ,N
CALX,"Calix, Inc Common Stock",N,N
CAM,AB California Intermediate Municipal ETF,P,Y
CAML,Congress Large Cap Growth ETF,P,Y
CAMP,CAMP4 Therapeutics Corporation - Common Stock,NASDAQ,N
CAMT,Camtek Ltd. - Ordinary Shares,NASDAQ,N
CAMX,Cambiar Aggressive Value ETF,P,Y
CAN,Canaan Inc. - American Depositary Shares,NASDAQ,N
CANC,Tema Oncology ETF,NASDAQ,Y
CANE,Teucrium Sugar Fund ETV,P,Y
CANF,"Can-Fite Biopharma Ltd American Depositary Shares, each representing two (2) Ordinary Shares",A,N
CANG,Cango Inc. Class A Ordinary Shares,N,N
CANQ,Calamos Nasdaq Equity & Income ETF,NASDAQ,Y
CAOS,Alpha Architect Tail Risk ETF,Z,Y
CAPE,DoubleLine Shiller CAPE U.S. Equities ETF,P,Y
CAPL,CrossAmerica Partners LP Common Units representing limited partner interests,N,N
CAPN,Cayson Acquisition Corp - Ordinary Shares,NASDAQ,N
CAPNR,Cayson Acquisition Corp - Right,NASDAQ,N
CAPNU,Cayson Acquisition Corp - Units,NASDAQ,N
CAPR,"Capricor Therapeutics, Inc. - Common Stock",NASDAQ,N
CAPS,Capstone Holding Corp. - Common Stock,NASDAQ,N
CAPT,Captivision Inc. - Ordinary Shares,NASDAQ,N
CAPTW,Captivision Inc. - Warrant,NASDAQ,N
CAR,"Avis Budget Group, Inc. - Common Stock",NASDAQ,N
CARD,MAX Auto Industry -3x Inverse Leveraged ETN,P,Y
CARE,"Carter Bankshares, Inc. - Common Stock",NASDAQ,N
CARG,"CarGurus, Inc. - Class A Common Stock",NASDAQ,N
CARK,CastleArk Large Growth ETF,P,Y
CARL,"Carlsmed, Inc. - Common Stock",NASDAQ,N
CARR,Carrier Global Corporation Common Stock,N,N
CARS,Cars.com Inc. Common Stock,N,N
CART,Maplebear Inc. - Common Stock,NASDAQ,N
CARU,MAX Auto Industry 3x Leveraged ETN,P,Y
CARY,Angel Oak Income ETF,NASDAQ,Y
CARZ,First Trust S-Network Future Vehicles & Technology ETF,NASDAQ,Y
CAS,Simplify China A Shares PLUS Income ETF,P,Y
CASH,"Pathward Financial, Inc. - Common Stock",NASDAQ,N
CASI,"CASI Pharmaceuticals, Inc. - Ordinary Shares",NASDAQ,N
CASS,"Cass Information Systems, Inc - Common Stock",NASDAQ,N
CASY,"Caseys General Stores, Inc. - Common Stock",NASDAQ,N
CAT,"Caterpillar, Inc. Common Stock",N,N
CATF,American Century California Municipal Bond ETF,P,Y
CATH,Global X S&P 500 Catholic Values ETF,NASDAQ,Y
CATO,Cato Corporation (The) Class A Common Stock,N,N
CATX,"Perspective Therapeutics, Inc. Common Stock",A,N
CATY,Cathay General Bancorp - Common Stock,NASDAQ,N
CAVA,"CAVA Group, Inc. Common Stock",N,N
CB,Chubb Limited  Common Stock,N,N
CBAN,"Colony Bankcorp, Inc. Common Stock",N,N
CBAT,"CBAK Energy Technology, Inc. - Common Stock",NASDAQ,N
CBC,"Central Bancompany, Inc. - Class A Common Stock",NASDAQ,N
CBFV,"CB Financial Services, Inc. - Common Stock",NASDAQ,N
CBIO,"Crescent Biopharma, Inc. - Common Stock",NASDAQ,N
CBK,"Commercial Bancgroup, Inc. - Common Stock",NASDAQ,N
CBL,"CBL & Associates Properties, Inc. Common Stock",N,N
CBLL,"CeriBell, Inc. - Common Stock",NASDAQ,N
CBLS,Clough Hedged Equity ETF,P,Y
CBNA,"Chain Bridge Bancorp, Inc. Class A Common Stock",N,N
CBNK,"Capital Bancorp, Inc. - Common Stock",NASDAQ,N
CBOA,Calamos Bitcoin Structured Alt Protection ETF - April,Z,Y
CBOE,"Cboe Global Markets, Inc. Common Stock",Z,N
CBOJ,Calamos Bitcoin Structured Alt Protection ETF - January,Z,Y
CBOL,Calamos Laddered Bitcoin Structured Alt Protection ETF,Z,Y
CBON,VanEck China Bond ETF,P,Y
CBOO,Calamos Bitcoin Structured Alt Protection ETF - October,Z,Y
CBOY,Calamos Bitcoin Structured Alt Protection ETF - July,Z,Y
CBRE,CBRE Group Inc Common Stock Class A,N,N
CBRL,"Cracker Barrel Old Country Store, Inc. - Common Stock",NASDAQ,N
CBSE,Clough Select Equity ETF,P,Y
CBSH,"Commerce Bancshares, Inc. - Common Stock",NASDAQ,N
CBT,Cabot Corporation Common Stock,N,N
CBTA,Calamos Bitcoin 80 Series Structured Alt Protection ETF - April,Z,Y
CBTJ,Calamos Bitcoin 80 Series Structured Alt Protection ETF - January,Z,Y
CBTL,Calamos Laddered Bitcoin 80 Series Structured Alt Protection ETF,Z,Y
CBTO,Calamos Bitcoin 80 Series Structured Alt Protection ETF - October,Z,Y
CBTY,Calamos Bitcoin 80 Series Structured Alt Protection ETF - July,Z,Y
CBU,"Community Financial System, Inc. Common Stock",N,N
CBUS,"Cibus, Inc. - Class A Common Stock",NASDAQ,N
CBXA,Calamos Bitcoin 90 Series Structured Alt Protection ETF - April,Z,Y
CBXJ,Calamos Bitcoin 90 Series Structured Alt Protection ETF - January,Z,Y
CBXL,Calamos Laddered Bitcoin 90 Series Structured Alt Protection ETF,Z,Y
CBXO,Calamos Bitcoin 90 Series Structured Alt Protection ETF - October,Z,Y
CBXY,Calamos Bitcoin 90 Series Structured Alt Protection ETF - July,Z,Y
CBZ,"CBIZ, Inc. Common Stock",N,N
CC,Chemours Company (The) Common Stock,N,N
CCAP,"Crescent Capital BDC, Inc. - Common Stock",NASDAQ,N
CCB,Coastal Financial Corporation - Common Stock,NASDAQ,N
CCBG,Capital City Bank Group - Common Stock,NASDAQ,N
CCC,CCC Intelligent Solutions Holdings Inc. - Common Stock,NASDAQ,N
CCCC,"C4 Therapeutics, Inc. - Common Stock",NASDAQ,N
CCCX,Churchill Capital Corp X - Class A Ordinary Shares,NASDAQ,N
CCCXU,Churchill Capital Corp X - Unit,NASDAQ,N
CCCXW,Churchill Capital Corp X - Warrants,NASDAQ,N
CCD,Calamos Dynamic Convertible & Income Fund - Closed End Fund,NASDAQ,N
CCEC,Capital Clean Energy Carriers Corp. - Common Share,NASDAQ,N
CCEF,Calamos CEF Income & Arbitrage ETF,P,Y
CCEL,"Cryo-Cell International, Inc. Common Stock",A,N
CCEP,Coca-Cola Europacific Partners plc - Ordinary Shares,NASDAQ,N
CCFE,Concourse Capital Focused Equity ETF,NASDAQ,Y
CCG,Cheche Group Inc. - Class A Ordinary Shares,NASDAQ,N
CCGWW,Cheche Group Inc. - Warrant,NASDAQ,N
CCHH,CCH Holdings Ltd - Ordinary Shares,NASDAQ,N
CCI,Crown Castle Inc. Common Stock,N,N
CCID,Carlyle Credit Income Fund 7.375% Series D Term Preferred Shares due 2028,N,N
CCIF,Carlyle Credit Income Fund Shares of Beneficial Interest,N,N
CCII,Cohen Circle Acquisition Corp. II - Class A Ordinary Shares,NASDAQ,N
CCIIU,Cohen Circle Acquisition Corp. II - Unit,NASDAQ,N
CCIIW,Cohen Circle Acquisition Corp. II - Warrant,NASDAQ,N
CCIX,Churchill Capital Corp IX - Ordinary Shares,NASDAQ,N
CCIXU,Churchill Capital Corp IX - Unit,NASDAQ,N
CCIXW,Churchill Capital Corp IX - Warrant,NASDAQ,N
CCJ,Cameco Corporation Common Stock,N,N
CCK,"Crown Holdings, Inc.",N,N
CCL,Carnival Corporation Common Stock,N,N
CCLD,"CareCloud, Inc. - Common Stock",NASDAQ,N
CCLDO,"CareCloud, Inc. - 8.75% Series B Cumulative Redeemable Perpetual Preferred Stock",NASDAQ,N
CCM,Concord Medical Services Holdings Limited American Depositary Shares (Each represents thirty (30) Class A ordinary shares),N,N
CCNE,CNB Financial Corporation - Common Stock,NASDAQ,N
CCNEP,"CNB Financial Corporation - Depositary shares, each representing a 1/40th ownership interest in a share of 7.125% Series A Fixed- Rate Non-Cumulative Perpetual Preferred Stock",NASDAQ,N
CCNR,ALPS/CoreCommodity Natural Resources ETF,NASDAQ,Y
CCO,"Clear Channel Outdoor Holdings, Inc. Common Stock",N,N
CCOI,"Cogent Communications Holdings, Inc. - Common Stock",NASDAQ,N
CCOR,Core Alternative ETF,P,Y
CCRN,"Cross Country Healthcare, Inc. - Common Stock",NASDAQ,N
CCRP,Columbia Corporate Bond ETF,P,Y
CCS,"Century Communities, Inc. Common Stock",N,N
CCSB,Carbon Collective Short Duration Green Bond ETF,NASDAQ,Y
CCSI,"Consensus Cloud Solutions, Inc. - Common Stock",NASDAQ,N
CCSO,Carbon Collective Climate Solutions U.S. Equity ETF,NASDAQ,Y
CCTG,CCSC Technology International Holdings Limited - Class A Ordinary Shares,NASDAQ,N
CCU,"Compania Cervecerias Unidas, S.A. Common Stock",N,N
CCUP,T-REX 2X Long CRCL Daily Target ETF,Z,Y
CCXIU,Churchill Capital Corp XI - Units,NASDAQ,N
CCZ,Comcast Holdings ZONES,N,N
CD,Chaince Digital Holdings Inc. - American Ordinary Shares,NASDAQ,N
CDC,VictoryShares US EQ Income Enhanced Volatility Wtd ETF,NASDAQ,Y
CDE,"Coeur Mining, Inc. Common Stock",N,N
CDEI,"Calvert US Large-Cap Diversity, Equity and Inclusion Index ETF",P,Y
CDIG,City Different Investments Global Equity ETF,NASDAQ,Y
CDIO,Cardio Diagnostics Holdings Inc. - Common stock,NASDAQ,N
CDIOW,Cardio Diagnostics Holdings Inc. - Warrant,NASDAQ,N
CDL,VictoryShares US Large Cap High Div Volatility Wtd ETF,NASDAQ,Y
CDLR,Cadeler A/S American Depositary Share (each representing four (4) Ordinary Shares),N,N
CDLX,"Cardlytics, Inc. - Common Stock",NASDAQ,N
CDNA,"CareDx, Inc. - Common Stock",NASDAQ,N
CDNL,Cardinal Infrastructure Group Inc. - Class A Common Stock,NASDAQ,N
CDNS,"Cadence Design Systems, Inc. - Common Stock",NASDAQ,N
CDP,COPT Defense Properties Common Shares of Beneficial Interest,N,N
CDR$B,"Cedar Realty Trust, Inc. 7.25% Series B Cumulative Redeemable Preferred Stock",N,N
CDR$C,"Cedar Realty Trust, Inc. 6.50% Series C Cumulative Redeemable Preferred Stock",N,N
CDRE,"Cadre Holdings, Inc. Common Stock",N,N
CDRO,"Codere Online Luxembourg, S.A. - Ordinary Shares",NASDAQ,N
CDROW,"Codere Online Luxembourg, S.A. - Warrants",NASDAQ,N
CDT,CDT Equity Inc. - Common Stock,NASDAQ,N
CDTG,CDT Environmental Technology Investment Holdings Limited - ordinary shares,NASDAQ,N
CDTTW,CDT Equity Inc. - Warrant,NASDAQ,N
CDW,CDW Corporation - Common Stock,NASDAQ,N
CDX,Simplify High Yield ETF,P,Y
CDXS,"Codexis, Inc. - Common Stock",NASDAQ,N
CDZI,"Cadiz, Inc. - Common Stock",NASDAQ,N
CDZIP,"Cadiz, Inc. - Depositary Shares",NASDAQ,N
CE,Celanese Corporation Common Stock,N,N
CECO,CECO Environmental Corp. - Common Stock,NASDAQ,N
CEE,"The Central and Eastern Europe Fund, Inc. (The) Common Stock",N,N
CEF,Sprott Physical Gold and Silver Trust Units,P,Y
CEFA,Global X S&P Catholic Values Developed ex-U.S. ETF,NASDAQ,Y
CEFD,ETRACS Monthly Pay 1.5X Leveraged Closed-End Fund Index ETN,P,Y
CEFS,Saba Closed-End Funds ETF,Z,Y
CEFZ,RiverNorth Active Income ETF,Z,Y
CEG,Constellation Energy Corporation - Common Stock When-Issued,NASDAQ,N
CEGX,Tradr 2X Long CEG Daily ETF,Z,Y
CELC,Celcuity Inc. - Common Stock,NASDAQ,N
CELG.R,Bristol-Myers Squibb Company Celegne Contingent Value Rights,N,N
CELH,"Celsius Holdings, Inc. - Common Stock",NASDAQ,N
CELT,Tradr 2X Long CELH Daily ETF,Z,Y
CELU,Celularity Inc. - Class A Common Stock,NASDAQ,N
CELUW,Celularity Inc. - Warrant,NASDAQ,N
CELZ,"Creative Medical Technology Holdings, Inc. - Common Stock",NASDAQ,N
CEMB,iShares J.P. Morgan EM Corporate Bond ETF,Z,Y
CENN,Cenntro Inc. - Common Stock,NASDAQ,N
CENT,Central Garden & Pet Company - Common Stock,NASDAQ,N
CENTA,Central Garden & Pet Company - Class A Common Stock Nonvoting,NASDAQ,N
CENX,Century Aluminum Company - Common Stock,NASDAQ,N
CEPF,"Cantor Equity Partners IV, Inc. - Class A Ordinary Shares",NASDAQ,N
CEPI,REX Crypto Equity Premium Income ETF,NASDAQ,Y
CEPO,"Cantor Equity Partners I, Inc. - Class A Ordinary Shares",NASDAQ,N
CEPT,"Cantor Equity Partners II, Inc. - Class A ordinary share",NASDAQ,N
CEPU,Central Puerto S.A. American Depositary Shares (each represents ten Common Shares),N,N
CEPV,"Cantor Equity Partners V, Inc. - Class A Ordinary Shares",NASDAQ,N
CERS,Cerus Corporation - Common Stock,NASDAQ,N
CERT,"Certara, Inc. - Common Stock",NASDAQ,N
CERY,SPDR Bloomberg Enhanced Roll Yield Commodity Strategy No K-1 ETF,P,Y
CET,Central Securities Corporation Common Stock,A,N
CETX,Cemtrex Inc. - Common Stock,NASDAQ,N
CETY,"Clean Energy Technologies, Inc. - Common Stock",NASDAQ,N
CEV,Eaton Vance California Municipal Income Trust Shares of Beneficial Interest,A,N
CEVA,"CEVA, Inc. - Common Stock",NASDAQ,N
CEW,WisdomTree Emerging Currency Strategy Fund,P,Y
CF,"CF Industries Holdings, Inc. Common Stock",N,N
CFA,VictoryShares US 500 Volatility Wtd ETF,NASDAQ,Y
CFBK,CF Bankshares Inc. - Common Stock,NASDAQ,N
CFFI,C&F Financial Corporation - Common Stock,NASDAQ,N
CFFN,"Capitol Federal Financial, Inc. - Common Stock",NASDAQ,N
CFG,"Citizens Financial Group, Inc. Common Stock",N,N
CFG$E,"Citizens Financial Group, Inc. Depositary Shares Each Representing 1/40th Interest in a Share of 5.000% Fixed-Rate Non-Cumulative Perpetual Preferred Stock, Series E",N,N
CFG$H,"Citizens Financial Group, Inc. Depositary Shares Each Representing a 1/40th Interest in a Share of 7.375% Fixed-Rate Non-Cumulative Perpetual Preferred Stock, Series H",N,N
CFG$I,"Citizens Financial Group, Inc. Depositary Shares, Each Representing a 1/40th Interest in a Share of 6.500% Fixed-Rate Reset Non-Cumulative Perpetual Preferred Stock, Series I",N,N
CFIT,Cambria Fixed Income Trend ETF,Z,Y
CFLT,"Confluent, Inc. - Class A Common Stock",NASDAQ,N
CFND,C1 Fund Inc. Common Stock,N,N
CFO,VictoryShares US 500 Enhanced Volatility Wtd ETF,NASDAQ,Y
CFR,"Cullen/Frost Bankers, Inc. Common Stock",N,N
CFR$B,"Cullen/Frost Bankers, Inc. Depositary Shares, each representing a 1/40th ownership interest in a share of 4.450% non-cumulative perpetual preferred stock, Series B",N,N
CG,The Carlyle Group Inc. - Common Stock,NASDAQ,N
CGABL,The Carlyle Group Inc. - 4.625% Subordinated Notes due 2061,NASDAQ,N
CGAU,Centerra Gold Inc. Common Shares,N,N
CGBD,"Carlyle Secured Lending, Inc. - Closed End Fund",NASDAQ,N
CGBL,Capital Group Core Balanced ETF,P,Y
CGC,Canopy Growth Corporation - Common Shares,NASDAQ,N
CGCB,Capital Group Core Bond ETF,P,Y
CGCP,Capital Group Core Plus Income ETF,P,Y
CGCT,Cartesian Growth Corporation III - Class A Ordinary Shares,NASDAQ,N
CGCTU,Cartesian Growth Corporation III - unit,NASDAQ,N
CGCTW,Cartesian Growth Corporation III - Warrant,NASDAQ,N
CGCV,Capital Group Conservative Equity ETF,P,Y
CGDG,Capital Group Dividend Growers ETF,P,Y
CGDV,Capital Group Dividend Value ETF,P,Y
CGEM,"Cullinan Therapeutics, Inc. - Common Stock",NASDAQ,N
CGEN,Compugen Ltd. - Ordinary Shares,NASDAQ,N
CGGE,Capital Group Global Equity ETF,P,Y
CGGG,Capital Group U.S. Large Growth ETF,P,Y
CGGO,Capital Group Global Growth Equity ETF,P,Y
CGGR,Capital Group Growth ETF,P,Y
CGHM,Capital Group Municipal High-Income ETF,P,Y
CGHY,Capital Group High Yield Bond ETF,P,Y
CGIB,Capital Group International Bond ETF (USD-Hedged),P,Y
CGIC,Capital Group International Core Equity ETF,P,Y
CGIE,Capital Group International Equity ETF,P,Y
CGMM,Capital Group U.S. Small and Mid Cap ETF,P,Y
CGMS,Capital Group U.S. Multi-Sector Income ETF,P,Y
CGMU,Capital Group Municipal Income ETF,P,Y
CGNG,Capital Group New Geography Equity ETF,P,Y
CGNT,Cognyte Software Ltd. - Ordinary Shares,NASDAQ,N
CGNX,Cognex Corporation - Common Stock,NASDAQ,N
CGO,Calamos Global Total Return Fund - Closed End Fund,NASDAQ,N
CGON,"CG Oncology, Inc. - Common stock",NASDAQ,N
CGRO,CoreValues Alpha Greater China Growth ETF,P,Y
CGSD,Capital Group Short Duration Income ETF,P,Y
CGSM,Capital Group Short Duration Municipal Income ETF,P,Y
CGTL,Creative Global Technology Holdings Limited - Class A Ordinary Shares,NASDAQ,N
CGTX,"Cognition Therapeutics, Inc. - Common Stock",NASDAQ,N
CGUI,Capital Group Ultra Short Income ETF,P,Y
CGUS,Capital Group Core Equity ETF,P,Y
CGV,Conductor Global Equity Value ETF,N,Y
CGVV,Capital Group U.S. Large Value ETF,P,Y
CGW,Invesco S&P Global Water Index ETF,P,Y
CGXU,Capital Group International Focus Equity ETF,P,Y
CHA,"Chagee Holdings Limited - American Depositary Shares, each representing 1 Class A ordinary share",NASDAQ,N
CHAC,Crane Harbor Acquisition Corp. - Class A Ordinary Shares,NASDAQ,N
CHACR,Crane Harbor Acquisition Corp. - Rights,NASDAQ,N
CHACU,Crane Harbor Acquisition Corp. - Units,NASDAQ,N
CHAI,"Core AI Holdings, Inc. - Common Shares",NASDAQ,N
CHAR,Charlton Aria Acquisition Corporation - Class A Ordinary Shares,NASDAQ,N
CHARR,Charlton Aria Acquisition Corporation - Rights,NASDAQ,N
CHARU,Charlton Aria Acquisition Corporation - Units,NASDAQ,N
CHAT,Roundhill Generative AI & Technology ETF,P,Y
CHAU,Direxion Daily CSI 300 China A Share Bull 2X Shares,P,Y
CHCI,"Comstock Holding Companies, Inc. - Class A Common Stock",NASDAQ,N
CHCO,City Holding Company - Common Stock,NASDAQ,N
CHCT,Community Healthcare Trust Incorporated Common Stock,N,N
CHD,"Church & Dwight Company, Inc. Common Stock",N,N
CHDN,"Churchill Downs, Incorporated - Common Stock",NASDAQ,N
CHE,Chemed Corp,N,N
CHEC,Chenghe Acquisition III Co. - Class A Ordinary Shares,NASDAQ,N
CHECU,Chenghe Acquisition III Co. - Units,NASDAQ,N
CHECW,Chenghe Acquisition III Co. - Warrants,NASDAQ,N
CHEF,"The Chefs' Warehouse, Inc. - Common Stock",NASDAQ,N
CHGG,"Chegg, Inc. Common Stock",N,N
CHGX,Stance Sustainable Beta ETF,NASDAQ,Y
CHH,"Choice Hotels International, Inc. Common Stock",N,N
CHI,Calamos Convertible Opportunities and Income Fund - Closed End Fund,NASDAQ,N
CHIQ,Global X MSCI China Consumer Discretionary ETF,P,Y
CHKP,Check Point Software Technologies Ltd. - Ordinary Shares,NASDAQ,N
CHMG,Chemung Financial Corp  - Common Stock,NASDAQ,N
CHMI,Cherry Hill Mortgage Investment Corporation Common Stock,N,N
CHMI$A,Cherry Hill Mortgage Investment Corporation 8.20% Series A Cumulative Redeemable Preferred Stock,N,N
CHMI$B,Cherry Hill Mortgage Investment Corporation 8.250% Series B Fixed-to-Floating Rate Cumulative Redeemable Preferred Stock,N,N
CHNR,"China Natural Resources, Inc. - Common Shares",NASDAQ,N
CHOW,ChowChow Cloud International Holdings Limited Ordinary Shares,A,N
CHPG,ChampionsGate Acquisition Corporation - Class A Ordinary Share,NASDAQ,N
CHPGR,ChampionsGate Acquisition Corporation - Rights,NASDAQ,N
CHPGU,ChampionsGate Acquisition Corporation - Unit,NASDAQ,N
CHPS,Xtrackers Semiconductor Select Equity ETF,NASDAQ,Y
CHPT,"ChargePoint Holdings, Inc. Common Stock",N,N
CHPX,Global X AI Semiconductor & Quantum ETF,NASDAQ,Y
CHPY,YieldMax Semiconductor Portfolio Option Income ETF,P,Y
CHR,"Cheer Holding, Inc.  - Class A Ordinary Share",NASDAQ,N
CHRD,Chord Energy Corporation - Common Stock,NASDAQ,N
CHRI,Global X S&P 500 Christian Values ETF,NASDAQ,Y
CHRS,"Coherus Oncology, Inc. - Common Stock",NASDAQ,N
CHRW,"C.H. Robinson Worldwide, Inc. - Common Stock",NASDAQ,N
CHSCL,"CHS Inc - Class B Cumulative Redeemable Preferred Stock, Series 4",NASDAQ,N
CHSCM,"CHS Inc - Class B Reset Rate Cumulative Redeemable Preferred Stock, Series 3",NASDAQ,N
CHSCN,CHS Inc - Preferred Class B Series 2 Reset Rate,NASDAQ,N
CHSCO,CHS Inc - Class B Cumulative Redeemable Preferred Stock,NASDAQ,N
CHSCP,CHS Inc - 8%  Cumulative Redeemable Preferred Stock,NASDAQ,N
CHSN,Chanson International Holding - Class A Ordinary Shares,NASDAQ,N
CHT,"Chunghwa Telecom Co., Ltd.",N,N
CHTR,"Charter Communications, Inc. - Class A Common Stock",NASDAQ,N
CHW,Calamos Global Dynamic Income Fund - Closed End Fund,NASDAQ,N
CHWY,"Chewy, Inc. Class A Common Stock",N,N
CHY,Calamos Convertible and High Income Fund - Closed End Fund,NASDAQ,N
CHYM,"Chime Financial, Inc. - Class A Common Stock",NASDAQ,N
CI,The Cigna Group Common Stock,N,N
CIA,"Citizens, Inc. Class A Common Stock ($1.00 Par)",N,N
CIB,Grupo Cibest S.A. American Depositary Shares each representing four Preferred Shares,N,N
CIBR,First Trust NASDAQ Cybersecurity ETF,NASDAQ,Y
CICB,CION Investment Corporation 7.50% Notes due 2029,N,N
CIEN,Ciena Corporation Common Stock,N,N
CIF,MFS Intermediate High Income Fund Common Stock,N,N
CIFG,Leverage Shares 2X Long CIFR Daily ETF,NASDAQ,Y
CIFR,Cipher Mining Inc. - Common Stock,NASDAQ,N
CIFU,T-REX 2X Long CIFR Daily Target ETF,Z,Y
CIG,Comp En De Mn Cemig ADS American Depositary Shares,N,N
CIG.C,Comp En De Mn Cemig ADS American Depositary Receipts,N,N
CIGI,Colliers International Group Inc.  - Subordinate Voting Shares,NASDAQ,N
CIGL,Concorde International Group Ltd - Class A Ordinary Shares,NASDAQ,N
CII,"BlackRock Enhanced Large Cap Core Fund, Inc. Common Stock",N,N
CIIT,"Tianci International, Inc. - Common Stock",NASDAQ,N
CIK,"Credit Suisse Asset Management Income Fund, Inc. Common Stock",A,N
CIL,VictoryShares International Volatility Wtd ETF,NASDAQ,Y
CIM,Chimera Investment Corporation Common Stock,N,N
CIM$A,Chimera Investment Corporation 8.00% Series A Cumulative Redeemable Preferred Stock,N,N
CIM$B,Chimera Investment Corporation 8.00% Series B Fixed-to-Floating Rate Cumulative Redeemable Preferred Stock,N,N
CIM$C,Chimera Investment Corporation 7.75% Series C Fixed-to-Floating Rate  Cumulative Redeemable  Preferred Stock,N,N
CIM$D,Chimera Investment Corporation 8.00% Series D Fixed-to-Floating Rate Cumulative Redeemable Preferred Stock,N,N
CIMN,Chimera Investment Corporation 9.000% Senior Notes due 2029,N,N
CIMO,Chimera Investment Corporation 9.250% Senior Notes due 2029,N,N
CIMP,Chimera Investment Corporation 8.875% Senior Notes due 2030,N,N
CINF,Cincinnati Financial Corporation - Common Stock,NASDAQ,N
CING,Cingulate Inc. - Common Stock,NASDAQ,N
CINGW,Cingulate Inc. - Warrants,NASDAQ,N
CINT,CI&T Inc Class A Common Shares,N,N
CION,CION Investment Corporation Common Stock,N,N
CISO,"CISO Global, Inc. - Common Stock",NASDAQ,N
CISS,C3is Inc. - Common Stock,NASDAQ,N
CITR,"General Enterprise Ventures, Inc. Common Stock",A,N
CIVB,"Civista Bancshares, Inc.  - Common Stock",NASDAQ,N
CIVI,"Civitas Resources, Inc. Common Stock",N,N
CIX,CompX International Inc. Common Stock,A,N
CJMB,Callan JMB Inc. - Common Stock,NASDAQ,N
CKX,"CKX Lands, Inc. Common Stock",A,N
CL,Colgate-Palmolive Company Common Stock,N,N
CLAR,Clarus Corporation - Common Stock,NASDAQ,N
CLB,Core Laboratories Inc. Common Stock,N,N
CLBK,"Columbia Financial, Inc. - Common Stock",NASDAQ,N
CLBT,Cellebrite DI Ltd. - Ordinary Shares,NASDAQ,N
CLCG,Crossmark Large Cap Growth ETF,P,Y
CLCV,Crossmark Large Cap Value ETF,P,Y
CLDI,"Calidi Biotherapeutics, Inc. Common Stock",A,N
CLDT,Chatham Lodging Trust (REIT) Common Shares of Beneficial Interest,N,N
CLDT$A,Chatham Lodging Trust (REIT) 6.625% Series A Cumulative Redeemable Preferred Shares of Beneficial Interest,N,N
CLDX,"Celldex Therapeutics, Inc. - Common Stock",NASDAQ,N
CLF,Cleveland-Cliffs Inc. Common Stock,N,N
CLFD,"Clearfield, Inc. - Common Stock",NASDAQ,N
CLGN,CollPlant Biotechnologies Ltd. - Ordinary Shares,NASDAQ,N
CLH,"Clean Harbors, Inc. Common Stock",N,N
CLIK,Click Holdings Limited - Ordinary Share,NASDAQ,N
CLIP,Global X 1-3 Month T-Bill ETF,P,Y
CLIR,ClearSign Technologies Corporation - Common Stock,NASDAQ,N
CLIX,ProShares Long Online/Short Stores ETF,P,Y
CLLS,Cellectis S.A. - American Depositary Shares,NASDAQ,N
CLM,"Cornerstone Strategic Investment Fund, Inc. Common Shares",A,N
CLMB,"Climb Global Solutions, Inc. - Common Stock",NASDAQ,N
CLMT,"Calumet, Inc - Common Stock",NASDAQ,N
CLNE,Clean Energy Fuels Corp. - Common Stock,NASDAQ,N
CLNN,Clene Inc. - Common Stock,NASDAQ,N
CLOA,iShares AAA CLO Active ETF,NASDAQ,Y
CLOB,VanEck AA-BB CLO ETF,P,Y
CLOC,AAM Crescent CLO ETF,P,Y
CLOD,Themes Cloud Computing ETF,NASDAQ,Y
CLOI,VanEck CLO ETF,P,Y
CLOU,Global X Cloud Computing ETF,NASDAQ,Y
CLOV,"Clover Health Investments, Corp.  - Class A Common stock",NASDAQ,N
CLOX,Eldridge AAA CLO ETF,P,Y
CLOZ,Eldridge BBB-B CLO ETF,P,Y
CLPR,Clipper Realty Inc. Common Stock,N,N
CLPS,CLPS Incorporation - Common Stock,NASDAQ,N
CLPT,ClearPoint Neuro Inc. - Common Stock,NASDAQ,N
CLRB,"Cellectar Biosciences, Inc. - Common Stock",NASDAQ,N
CLRO,"ClearOne, Inc. - Common Stock",NASDAQ,N
CLS,"Celestica, Inc. Common Stock",N,N
CLSE,Convergence Long/Short Equity ETF,Z,Y
CLSK,"CleanSpark, Inc. - Common Stock",NASDAQ,N
CLSKW,"CleanSpark, Inc. - Warrant",NASDAQ,N
CLSM,ETC Cabana Target Leading Sector Moderate ETF,NASDAQ,Y
CLST,"Catalyst Bancorp, Inc. - common stock",NASDAQ,N
CLSX,Tradr 2X Long CLSK Daily ETF,Z,Y
CLVT,Clarivate Plc Ordinary Shares,N,N
CLW,Clearwater Paper Corporation Common Stock,N,N
CLWT,Euro Tech Holdings Company Limited - Ordinary Shares,NASDAQ,N
CLX,Clorox Company (The) Common Stock,N,N
CLYM,"Climb Bio, Inc. - Common Stock",NASDAQ,N
CM,Canadian Imperial Bank of Commerce Common Stock,N,N
CMA,Comerica Incorporated Common Stock,N,N
CMA$B,"Comerica Incorporated Depositary Shares, each representing a 1/40th interest in a share of 6.875% Fixed-Rate Reset Non-Cumulative Perpetual Preferred Stock, Series B",N,N
CMBM,Cambium Networks Corporation - Ordinary Shares,NASDAQ,N
CMBO,Wayfinder Dynamic U.S. Interest Rate ETF,NASDAQ,Y
CMBS,iShares CMBS Bond ETF,P,Y
CMBT,CMB.TECH NV Ordinary Shares,N,N
CMC,Commercial Metals Company Common Stock,N,N
CMCI,VanEck CMCI Commodity Strategy ETF,Z,Y
CMCL,Caledonia Mining Corporation Plc Common Shares,A,N
CMCM,"Cheetah Mobile Inc. American Depositary Shares, each representing fifty (50) Class A Ordinary Shares",N,N
CMCO,Columbus McKinnon Corporation - Common Stock,NASDAQ,N
CMCSA,Comcast Corporation - Class A Common Stock,NASDAQ,N
CMCT,Creative Media  - Common Stock,NASDAQ,N
CMDB,Costamare Bulkers Holdings Limited Common Stock,N,N
CMDT,PIMCO Commodity Strategy Active Exchange-Traded Fund,P,Y
CMDY,iShares Bloomberg Roll Select Commodity Strategy ETF,P,Y
CME,CME Group Inc. - Class A Common Stock,NASDAQ,N
CMF,iShares California Muni Bond ETF,P,Y
CMG,"Chipotle Mexican Grill, Inc. Common Stock",N,N
CMGG,Leverage Shares 2X Long CMG Daily ETF,NASDAQ,Y
CMI,Cummins Inc. Common Stock,N,N
CMMB,Chemomab Therapeutics Ltd.  - American Depositary Shares,NASDAQ,N
CMND,Clearmind Medicine Inc. - Common Shares,NASDAQ,N
CMP,Compass Minerals Intl Inc Common Stock,N,N
CMPO,"CompoSecure, Inc. Class A Common Stock",N,N
CMPR,Cimpress plc - Ordinary Shares,NASDAQ,N
CMPS,COMPASS Pathways Plc - American Depository Shares,NASDAQ,N
CMPX,"Compass Therapeutics, Inc. - Common Stock",NASDAQ,N
CMRC,"Commerce.com, Inc. - Series 1 Common Stock",NASDAQ,N
CMRE,Costamare Inc. Common Stock $0.0001 par value,N,N
CMRE$B,Costamare Inc. Perpetual Preferred Stock Series B (Marshall Islands),N,N
CMRE$C,Costamare Inc. Perpetual Preferred Series C (Marshall Islands),N,N
CMRE$D,Costamare Inc. 8.75% Series D Cumulative Redeemable Perpetual Preferred Stock,N,N
CMS,CMS Energy Corporation Common Stock,N,N
CMS$B,CMS Energy Corporation Preferred Stock,N,N
CMS$C,"CMS Energy Corporation Depositary Shares, each representing a 1/1,000th interest in a share of 4.200% Cumulative Redeemable Perpetual Preferred Stock, Series C",N,N
CMSA,CMS Energy Corporation 5.625% Junior Subordinated Notes due 2078,N,N
CMSC,CMS Energy Corporation 5.875% Junior Subordinated Notes due 2078,N,N
CMSD,CMS Energy Corporation 5.875% Junior Subordinated Notes due 2079,N,N
CMT,Core Molding Technologies Inc Common Stock,A,N
CMTG,"Claros Mortgage Trust, Inc. Common Stock",N,N
CMTL,Comtech Telecommunications Corp. - Common Stock,NASDAQ,N
CMU,MFS Municipal Income Trust Common Stock,N,N
CNA,CNA Financial Corporation Common Stock,N,N
CNAV,Mohr Company Nav ETF,Z,Y
CNBS,Amplify Seymour Cannabis ETF,P,Y
CNC,Centene Corporation Common Stock,N,N
CNCG,Leverage Shares 2X Long CNC Daily ETF,NASDAQ,Y
CNCK,Coincheck Group N.V. - Ordinary Shares,NASDAQ,N
CNCKW,Coincheck Group N.V. - Warrants,NASDAQ,N
CNDT,Conduent Incorporated - Common Stock,NASDAQ,N
CNEQ,Alger Concentrated Equity ETF,P,Y
CNET,ZW Data Action Technologies Inc. - Common Stock,NASDAQ,N
CNEY,CN Energy Group Inc. - Class A Ordinary Shares,NASDAQ,N
CNF,"CNFinance Holdings Limited American Depositary Shares, each representing two hundred (200) Ordinary Shares",N,N
CNH,CNH Industrial N.V. Common Shares,N,N
CNI,Canadian National Railway Company Common Stock,N,N
CNK,"Cinemark Holdings Inc Cinemark Holdings, Inc. Common Stock",N,N
CNL,Collective Mining Ltd. Common Shares,A,N
CNM,"Core & Main, Inc. Class A Common Stock",N,N
CNMD,CONMED Corporation Common Stock,N,N
CNNE,"Cannae Holdings, Inc. Common Stock",N,N
CNO,"CNO Financial Group, Inc. Common Stock",N,N
CNO$A,"CNO Financial Group, Inc. 5.125% Subordinated Debentures due 2060",N,N
CNOB,"ConnectOne Bancorp, Inc. - Common Stock",NASDAQ,N
CNOBP,"ConnectOne Bancorp, Inc. - Depositary Shares (each representing a 1/40th interest in a share of 5.25% Fixed-Rate Reset Non-Cumulative Perpetual Preferred Stock, Series A, par value $0.00 per share)",NASDAQ,N
CNP,"CenterPoint Energy, Inc (Holding Co) Common Stock",N,N
CNQ,Canadian Natural Resources Limited Common Stock,N,N
CNQQ,Rayliant-ChinaAMC Transformative China Tech ETF,NASDAQ,Y
CNR,"Core Natural Resources, Inc. Common Stock",N,N
CNRG,State Street SPDR S&P Kensho Clean Power ETF,P,Y
CNS,Cohen & Steers Inc Common Stock,N,N
CNSP,"CNS Pharmaceuticals, Inc. - Common Stock",NASDAQ,N
CNTA,Centessa Pharmaceuticals plc - American Depositary Shares,NASDAQ,N
CNTB,Connect Biopharma Holdings Limited - Ordinary Shares,NASDAQ,N
CNTX,Context Therapeutics Inc. - Common Stock,NASDAQ,N
CNTY,"Century Casinos, Inc. - Common Stock",NASDAQ,N
CNVS,Cineverse Corp. - Class A Common Stock,NASDAQ,N
CNX,CNX Resources Corporation Common Stock,N,N
CNXC,Concentrix Corporation - Common Stock,NASDAQ,N
CNXN,"PC Connection, Inc. - Common Stock",NASDAQ,N
CNXT,VanEck ChiNext ETF,P,Y
CNYA,iShares MSCI China A ETF,Z,Y
COAL,Range Global Coal Index ETF,P,Y
COCH,"Envoy Medical, Inc. - Class A Common Stock",NASDAQ,N
COCHW,"Envoy Medical, Inc. - Warrant",NASDAQ,N
COCO,"The Vita Coco Company, Inc. - Common Stock",NASDAQ,N
COCP,"Cocrystal Pharma, Inc. - Common Stock",NASDAQ,N
CODA,"Coda Octopus Group, Inc. - Common stock",NASDAQ,N
CODI,D/B/A Compass Diversified Holdings Shares of Beneficial Interest,N,N
CODI$A,Compass Diversified Holdings 7.250% Series A Preferred Shares representing beneficial interest in Compass Diversified Holdings,N,N
CODI$B,Compass Diversified Holdings 7.875% Series B Fixed-to-Floating Rate Cumulative Preferred Shares representing beneficial interests in Compass Diversified Holdings,N,N
CODI$C,Compass Diversified Holdings 7.875% Series C Cumulative Preferred Shares,N,N
CODX,"Co-Diagnostics, Inc. - Common Stock",NASDAQ,N
COE,"51Talk Online Education Group American depositary shares, each representing 60 Class A ordinary shares",A,N
COEP,"Coeptis Therapeutics Holdings, Inc. - Common Stock",NASDAQ,N
COEPW,"Coeptis Therapeutics Holdings, Inc. - Warrants",NASDAQ,N
COF,Capital One Financial Corporation Common Stock,N,N
COF$I,"Capital One Financial Corporation Depositary shares each representing a 1/40th interest in a share of Fixed Rate Non-Cumulative Perpetual Preferred Stock, Series I of the Issuer",N,N
COF$J,"Capital One Financial Corporation Depositary Shares, Each Representing a 1/40th Interest in a Share of Fixed Rate Non- Cumulative Perpetual Preferred Stock, Series J",N,N
COF$K,"Capital One Financial Corporation Depositary Shares, Each Representing a 1/40th Ownership Interest in a Share of Fixed Rate Non-Cumulative Perpetual Preferred Stock, Series K",N,N
COF$L,"Capital One Financial Corporation Depositary Shares, Each Representing a 1/40th Interest in a Share of Fixed Rate Non-Cumulative Perpetual Preferred Stock, Series L",N,N
COF$N,"Capital One Financial Corporation Depositary Shares, Each Representing a 1/40th Ownership Interest in a Share of Fixed Rate Non-Cumulative Perpetual Preferred Stock, Series N",N,N
COFS,"ChoiceOne Financial Services, Inc. - Common Stock",NASDAQ,N
COGT,"Cogent Biosciences, Inc. - Common Stock",NASDAQ,N
COHN,Cohen & Company Inc.,A,N
COHR,Coherent Corp. Common Stock,N,N
COHU,"Cohu, Inc. - Common Stock",NASDAQ,N
COIA,ProShares Ultra COIN,P,Y
COIG,Leverage Shares 2X Long COIN Daily ETF,NASDAQ,Y
COII,REX COIN Growth & Income ETF,Z,Y
COIN,"Coinbase Global, Inc. - 3Class A Common Stock",NASDAQ,N
COIO,Leverage Shares 2x Capped Accelerated COIN Monthly ETF,Z,Y
COIW,Roundhill COIN WeeklyPay ETF,Z,Y
COKE,"Coca-Cola Consolidated, Inc. - Common Stock",NASDAQ,N
COLA,Columbus Acquisition Corp - Ordinary Shares,NASDAQ,N
COLAR,Columbus Acquisition Corp - Rights,NASDAQ,N
COLAU,Columbus Acquisition Corp - Unit,NASDAQ,N
COLB,"Columbia Banking System, Inc. - Common Stock",NASDAQ,N
COLD,"Americold Realty Trust, Inc. Common Stock",N,N
COLL,"Collegium Pharmaceutical, Inc. - Common Stock",NASDAQ,N
COLM,Columbia Sportswear Company - Common Stock,NASDAQ,N
COLO,Global X MSCI Colombia ETF,P,Y
COM,Direxion Auspice Broad Commodity Strategy ETF,P,Y
COMB,GraniteShares Bloomberg Commodity Broad Strategy No K-1 ETF,P,Y
COMM,"CommScope Holding Company, Inc. - Common Stock",NASDAQ,N
COMP,"Compass, Inc. Class A Common Stock",N,N
COMT,iShares GSCI Commodity Dynamic Roll Strategy ETF,NASDAQ,Y
CON,"Concentra Group Holdings Parent, Inc. Common Stock",N,N
CONI,GraniteShares 2x Short COIN Daily ETF,NASDAQ,Y
CONL,GraniteShares 2x Long COIN Daily ETF,NASDAQ,Y
CONX,Direxion Daily COIN Bull 2X ETF,NASDAQ,Y
CONY,YieldMax COIN Option Income Strategy ETF,P,Y
COO,"The Cooper Companies, Inc.  - Common Stock",NASDAQ,N
COOK,"Traeger, Inc. Common Stock",N,N
COOT,Australian Oilseeds Holdings Limited - Ordinary Shares,NASDAQ,N
COOTW,Australian Oilseeds Holdings Limited - Warrant,NASDAQ,N
COP,ConocoPhillips Common Stock,N,N
COPA,Themes Copper Miners ETF,Z,Y
COPJ,Sprott Junior Copper Miners ETF,NASDAQ,Y
COPL,Copley Acquisition Corp Ordinary Shares,N,N
COPL.U,"Copley Acquisition Corp Units, each consisting of one ordinary share and one-half warrant",N,N
COPL.W,"Copley Acquisition Corp Redeemable warrants, each whole warrant exercisable for one Class A ordinary share at an exercise price of $11.50",N,N
COPP,Sprott Copper Miners ETF,NASDAQ,Y
COPX,Global X Copper Miners ETF,P,Y
COPY,"Tweedy, Browne Insider + Value ETF",P,Y
COR,"Cencora, Inc. Common Stock",N,N
CORB,AB Core Bond ETF,P,Y
CORD,T-REX 2X Inverse CRWV Daily Target ETF,Z,Y
CORN,Teucrium Corn Fund ETV,P,Y
CORO,iShares International Country Rotation Active ETF,NASDAQ,Y
CORP,PIMCO Investment Grade Corporate Bond Index Exchange-Traded Fund,P,Y
CORT,Corcept Therapeutics Incorporated - Common Stock,NASDAQ,N
CORX,2x Corn ETF,Z,Y
CORZ,"Core Scientific, Inc. - Common Stock",NASDAQ,N
CORZW,"Core Scientific, Inc. - Tranche 1 Warrants",NASDAQ,N
CORZZ,"Core Scientific, Inc. - Tranche 2 Warrants",NASDAQ,N
COSM,Cosmos Health Inc. - Common Stock,NASDAQ,N
COSO,"CoastalSouth Bancshares, Inc. Common Stock",N,N
COST,Costco Wholesale Corporation - Common Stock,NASDAQ,N
COSW,Roundhill COST WeeklyPay ETF,Z,Y
COTG,Leverage Shares 2X Long COST Daily ETF,NASDAQ,Y
COTY,Coty Inc. Class A Common Stock,N,N
COUR,"Coursera, Inc. Common Stock",N,N
COWG,Pacer US Large Cap Cash Cows Growth Leaders ETF,NASDAQ,Y
COWS,Amplify Cash Flow Dividend Leaders ETF,NASDAQ,Y
COWZ,Pacer US Cash Cows 100 ETF,Z,Y
COYA,"Coya Therapeutics, Inc. - Common Stock",NASDAQ,N
COYY,GraniteShares YieldBOOST COIN ETF,NASDAQ,Y
COZX,Tradr 2X Long CORZ Daily ETF,Z,Y
CP,Canadian Pacific Kansas City Limited Common Shares,N,N
CPA,"Copa Holdings, S.A. Class A Common Stock",N,N
CPAC,Cementos Pacasmayo S.A.A. American Depositary Shares (Each representing five Common Shares),N,N
CPAG,F/m Compoundr U.S. Aggregate Bond ETF,NASDAQ,Y
CPAI,Counterpoint Quantitative Equity ETF,N,Y
CPAY,"Corpay, Inc. Common Stock",N,N
CPB,The Campbell's Company - Common Stock,NASDAQ,N
CPBI,"Central Plains Bancshares, Inc. - Common Stock",NASDAQ,N
CPER,United States Copper Index Fund ETV,P,Y
CPF,Central Pacific Financial Corp New,N,N
CPHC,Canterbury Park Holding Corporation - Common Stock,NASDAQ,N
CPHI,"China Pharma Holdings, Inc. Common Stock",A,N
CPHY,F/m Compoundr High Yield Bond ETF,NASDAQ,Y
CPII,American Beacon Ionic Inflation Protection ETF,P,Y
CPIX,Cumberland Pharmaceuticals Inc. - Common Stock,NASDAQ,N
CPK,Chesapeake Utilities Corporation Common Stock,N,N
CPLB,NYLI MacKay Core Plus Bond ETF,P,Y
CPLS,AB Core Plus Bond ETF,NASDAQ,Y
CPNG,"Coupang, Inc. Class A Common Stock",N,N
CPNJ,Calamos Nasdaq - 100 Structured Alt Protection ETF -June,P,Y
CPNM,Calamos Nasdaq-100 Structured Alt Protection ETF - March,P,Y
CPNQ,Calamos Nasdaq-100 Structured Alt Protection ETF December,P,Y
CPNS,Calamos Nasdaq-100 Structured Alt Protection ETF  September,P,Y
CPOP,"Pop Culture Group Co., Ltd - Class A Ordinary Shares",NASDAQ,N
CPRA,Calamos Russell 2000 Structured Alt Protection ETF - April,P,Y
CPRI,Capri Holdings Limited Ordinary Shares,N,N
CPRJ,Calamos Russell 2000 Structured Alt Protection ETF  July,P,Y
CPRO,Calamos Russell 2000 Structured Alt Protection ETF - October,P,Y
CPRT,"Copart, Inc. - Common Stock",NASDAQ,N
CPRX,"Catalyst Pharmaceuticals, Inc. - Common Stock",NASDAQ,N
CPRY,Calamos Russell 2000 Structured Alt Protection ETF January,P,Y
CPS,Cooper-Standard Holdings Inc. Common Stock,N,N
CPSA,Calamos S&P 500 Structured Alt Protection ETF  August,P,Y
CPSD,Calamos S&P 500 Structured Alt Protection ETF December,P,Y
CPSF,Calamos S&P 500 Structured Alt Protection ETF February,P,Y
CPSH,CPS Technologies Corp. - Common Stock,NASDAQ,N
CPSJ,Calamos S&P 500 Structured Alt Protection ETF  July,P,Y
CPSL,Calamos Laddered S&P 500 Structured Alt Protection ETF,Z,Y
CPSM,Calamos S&P 500 Structured Alt Protection ETF  May,P,Y
CPSN,Calamos S&P 500 Structured Alt Protection ETF November,P,Y
CPSO,Calamos S&P 500 Structured Alt Protection ETF - October,P,Y
CPSP,Calamos S&P 500 Structured Alt Protection ETF - April,P,Y
CPSR,Calamos S&P 500 Structured Alt Protection ETF - March,P,Y
CPSS,"Consumer Portfolio Services, Inc. - Common Stock",NASDAQ,N
CPST,Calamos S&P 500 Structured Alt Protection ETF  September,P,Y
CPSU,Calamos S&P 500 Structured Alt Protection ETF June,P,Y
CPSY,Calamos S&P 500 Structured Alt Protection ETF January,P,Y
CPT,Camden Property Trust Common Stock,N,N
CPXR,USCF Daily Target 2X Copper Index ETF,P,Y
CPZ,Calamos Long/Short Equity & Dynamic Income Trust - Closed End Fund,NASDAQ,N
CQP,"Cheniere Energy Partners, LP Common Units",N,N
CQQQ,Invesco China Technology ETF,P,Y
CR,Crane Company Common Stock,N,N
CRAC,Crown Reserve Acquisition Corp. I - Class A Ordinary Shares,NASDAQ,N
CRACR,Crown Reserve Acquisition Corp. I - Rights,NASDAQ,N
CRACU,Crown Reserve Acquisition Corp. I - Unit,NASDAQ,N
CRACW,Crown Reserve Acquisition Corp. I - Warrant,NASDAQ,N
CRAI,"CRA International,Inc. - Common Stock",NASDAQ,N
CRAK,VanEck Oil Refiners ETF,P,Y
CRANU,Crane Harbor Acquisition Corp. II - Units,NASDAQ,N
CRAQ,Cal Redwood Acquisition Corp. - Class A Ordinary Shares,NASDAQ,N
CRAQR,Cal Redwood Acquisition Corp. - Right,NASDAQ,N
CRAQU,Cal Redwood Acquisition Corp. - Units,NASDAQ,N
CRBD,Corebridge Financial Inc. 6.375% Junior Subordinated Notes due 2064,N,N
CRBG,Corebridge Financial Inc. Common Stock,N,N
CRBN,iShares Low Carbon Optimized MSCI ACWI ETF,P,Y
CRBP,"Corbus Pharmaceuticals Holdings, Inc. - Common Stock",NASDAQ,N
CRBU,"Caribou Biosciences, Inc. - Common Stock",NASDAQ,N
CRC,California Resources Corporation Common Stock,N,N
CRCA,ProShares Ultra CRCL,P,Y
CRCD,T-REX 2X Inverse CRCL Daily Target ETF,Z,Y
CRCG,Leverage Shares 2X Long CRCL Daily ETF,NASDAQ,Y
CRCL,"Circle Internet Group, Inc. Class A Common Stock",N,N
CRCO,YieldMax CRCL Option Income Strategy ETF,P,Y
CRCT,"Cricut, Inc. - Class A common stock",NASDAQ,N
CRD.A,Crawford & Company Common Stock,N,N
CRD.B,Crawford & Company Common Stock,N,N
CRDF,"Cardiff Oncology, Inc. - Common Stock",NASDAQ,N
CRDL,Cardiol Therapeutics Inc. - Class A Common Shares,NASDAQ,N
CRDO,Credo Technology Group Holding Ltd - Ordinary Shares,NASDAQ,N
CRDT,Simplify Opportunistic Income ETF,P,Y
CRDU,Tradr 2X Long CRDO Daily ETF,Z,Y
CRE,Cre8 Enterprise Limited - Class A Ordinary Shares,NASDAQ,N
CRED,Columbia Research Enhanced Real Estate ETF,P,Y
CREG,Smart Powerr Corp. - Common Stock,NASDAQ,N
CRESW,Cresud S.A.C.I.F. y A. - Warrant,NASDAQ,N
CRESY,"Cresud S.A.C.I.F. y A. - American Depositary Shares, each representing ten shares of Common Stock",NASDAQ,N
CREV,Carbon Revolution Public Limited Company - Ordinary Shares,NASDAQ,N
CREVW,Carbon Revolution Public Limited Company - Warrant,NASDAQ,N
CREX,"Creative Realities, Inc. - Common Stock",NASDAQ,N
CRF,"Cornerstone Total Return Fund, Inc. (The) Common Stock",A,N
CRGO,Freightos Limited - Ordinary shares,NASDAQ,N
CRGOW,Freightos Limited - Warrants,NASDAQ,N
CRGY,Crescent Energy Company Class A Common Stock,N,N
CRH,CRH PLC Ordinary Shares,N,N
CRI,"Carter's, Inc. Common Stock",N,N
CRIS,"Curis, Inc. - Common Stock",NASDAQ,N
CRK,"Comstock Resources, Inc. Common Stock",N,N
CRL,"Charles River Laboratories International, Inc. Common Stock",N,N
CRM,"Salesforce, Inc. Common Stock",N,N
CRMD,CorMedix Inc. - Common Stock,NASDAQ,N
CRMG,Leverage Shares 2X Long CRM Daily ETF,NASDAQ,Y
CRML,Critical Metals Corp. - Ordinary Shares,NASDAQ,N
CRMLW,Critical Metals Corp. - Warrants,NASDAQ,N
CRMT,"America's Car-Mart, Inc. - Common Stock",NASDAQ,N
CRNC,Cerence Inc. - Common Stock,NASDAQ,N
CRNT,Ceragon Networks Ltd. - Ordinary Shares,NASDAQ,N
CRNX,"Crinetics Pharmaceuticals, Inc. - Common Stock",NASDAQ,N
CRON,Cronos Group Inc. - Common Share,NASDAQ,N
CROX,"Crocs, Inc. - Common Stock",NASDAQ,N
CRPT,First Trust SkyBridge Crypto Industry and Digital Economy ETF,P,Y
CRS,Carpenter Technology Corporation Common Stock,N,N
CRSH,YieldMax Short TSLA Option Income Strategy ETF,P,Y
CRSP,CRISPR Therapeutics AG - Common Shares,NASDAQ,N
CRSR,"Corsair Gaming, Inc. - Common Stock",NASDAQ,N
CRT,Cross Timbers Royalty Trust Common Stock,N,N
CRTC,Xtrackers US National Critical Technologies ETF,P,Y
CRTO,Criteo S.A. - American Depositary Shares,NASDAQ,N
CRUS,"Cirrus Logic, Inc. - Common Stock",NASDAQ,N
CRVL,CorVel Corp. - Common Stock,NASDAQ,N
CRVO,CervoMed Inc. - Common Stock,NASDAQ,N
CRVS,"Corvus Pharmaceuticals, Inc. - Common Stock",NASDAQ,N
CRWD,"CrowdStrike Holdings, Inc. - Class A Common Stock",NASDAQ,N
CRWG,Leverage Shares 2X Long CRWV Daily ETF,NASDAQ,Y
CRWL,GraniteShares 2x Long CRWD Daily ETF,NASDAQ,Y
CRWS,"Crown Crafts, Inc. - Common Stock",NASDAQ,N
CRWU,T-REX 2X Long CRWV Daily Target ETF,Z,Y
CRWV,"CoreWeave, Inc. - Class A Common Stock",NASDAQ,N
CRXP,Columbia Core Plus Bond ETF,P,Y
CSAI,"Cloudastructure, Inc. - Class A Common Stock",NASDAQ,N
CSAN,Cosan S.A. ADS,N,N
CSB,VictoryShares US Small Cap High Div Volatility Wtd ETF,NASDAQ,Y
CSBR,"Champions Oncology, Inc. - Common Stock",NASDAQ,N
CSCL,Direxion Daily CSCO Bull 2X ETF,NASDAQ,Y
CSCO,"Cisco Systems, Inc. - Common Stock",NASDAQ,N
CSCS,Direxion Daily CSCO Bear 1X ETF,NASDAQ,Y
CSD,Invesco S&P Spin-Off ETF,P,Y
CSEX,Tradr 2X Long CLS Daily ETF,Z,Y
CSGP,"CoStar Group, Inc. - Common Stock",NASDAQ,N
CSGS,"CSG Systems International, Inc. - Common Stock",NASDAQ,N
CSHI,NEOS Enhanced Income 1-3 Month T-Bill ETF,P,Y
CSHP,iShares Enhanced Short-Term Bond Active ETF,P,Y
CSIO,Cohen & Steers Infrastructure Opportunities Active ETF,P,Y
CSIQ,Canadian Solar Inc. - Common Shares,NASDAQ,N
CSL,Carlisle Companies Incorporated Common Stock,N,N
CSM,ProShares Large Cap Core Plus,Z,Y
CSMD,Congress SMid Growth ETF,P,Y
CSNR,Cohen & Steers Natural Resources Active ETF,P,Y
CSPF,Cohen & Steers Preferred and Income Opportunities Active ETF,P,Y
CSPI,CSP Inc. - Common Stock,NASDAQ,N
CSQ,Calamos Strategic Total Return Fund - Closed End Fund,NASDAQ,N
CSR,D/B/A Centerspace Common Stock,N,N
CSRE,Cohen & Steers Real Estate Active ETF,P,Y
CSSD,Cohen & Steers Short Duration Preferred and Income Active ETF,P,Y
CSTE,Caesarstone Ltd. - Ordinary Shares,NASDAQ,N
CSTK,Invesco Comstock Contrarian Equity ETF,Z,Y
CSTL,"Castle Biosciences, Inc. - Common stock",NASDAQ,N
CSTM,Constellium SE Ordinary Shares (France),N,N
CSV,"Carriage Services, Inc. Common Stock",N,N
CSW,"CSW Industrials, Inc. Common Stock",N,N
CSWC,Capital Southwest Corporation - Common Stock,NASDAQ,N
CSX,CSX Corporation - Common Stock,NASDAQ,N
CTA,Simplify Managed Futures Strategy ETF,P,Y
CTA$A,"EIDP, Inc. Preferred Stock $3.50 Series",N,N
CTA$B,"EIDP, Inc. Preferred Stock $4.50 Series",N,N
CTAP,Simplify US Equity PLUS Managed Futures Strategy ETF,P,Y
CTAS,Cintas Corporation - Common Stock,NASDAQ,N
CTBB,Qwest Corporation 6.5% Notes due 2056,N,N
CTBI,"Community Trust Bancorp, Inc. - Common Stock",NASDAQ,N
CTDD,Qwest Corporation 6.75% Notes due 2057,N,N
CTEC,Global X CleanTech ETF,NASDAQ,Y
CTEF,Castellan Targeted Equity ETF,Z,Y
CTEV,Claritev Corporation Class A Common Stock,N,N
CTEX,ProShares S&P Kensho Cleantech ETF,P,Y
CTGO,"Contango ORE, Inc. Common Stock",A,N
CTIF,Castellan Targeted Income ETF,Z,Y
CTKB,"Cytek Biosciences, Inc. - Common Stock",NASDAQ,N
CTLP,"Cantaloupe, Inc. - Common Stock",NASDAQ,N
CTM,"Castellum, Inc. Common Stock",A,N
CTMX,"CytomX Therapeutics, Inc. - Common Stock",NASDAQ,N
CTNM,"Contineum Therapeutics, Inc. - Common stock",NASDAQ,N
CTNT,Cheetah Net Supply Chain Service Inc. - Class A Common Stock,NASDAQ,N
CTO,"CTO Realty Growth, Inc. Common Stock",N,N
CTO$A,"CTO Realty Growth, Inc. 6.375% Series A Cumulative Redeemable Preferred Stock",N,N
CTOR,"Citius Oncology, Inc.  - Common Stock",NASDAQ,N
CTOS,"Custom Truck One Source, Inc. Common Stock",N,N
CTRA,Coterra Energy Inc. Common Stock,N,N
CTRE,"CareTrust REIT, Inc. Common Stock",N,N
CTRI,"Centuri Holdings, Inc. Common Stock",N,N
CTRM,Castor Maritime Inc. - Common Shares,NASDAQ,N
CTRN,"Citi Trends, Inc. - Common Stock",NASDAQ,N
CTS,CTS Corporation Common Stock,N,N
CTSH,Cognizant Technology Solutions Corporation - Class A Common Stock,NASDAQ,N
CTSO,Cytosorbents Corporation - Common Stock,NASDAQ,N
CTVA,"Corteva, Inc. Common Stock",N,N
CTW,CTW Cayman - Class A Ordinary Shares,NASDAQ,N
CTWO,Common units,P,Y
CTXR,"Citius Pharmaceuticals, Inc. - Common Stock",NASDAQ,N
CUB,Lionheart Holdings - Class A Ordinary Shares,NASDAQ,N
CUBB,"Customers Bancorp, Inc 5.375% Subordinated Notes Due 2034",N,N
CUBE,CubeSmart Common Shares,N,N
CUBI,"Customers Bancorp, Inc Common Stock",N,N
CUBWU,Lionheart Holdings - Unit,NASDAQ,N
CUBWW,Lionheart Holdings - Warrant,NASDAQ,N
CUE,"Cue Biopharma, Inc. - Common Stock",NASDAQ,N
CUK,Carnival Plc ADS ADS,N,N
CULP,"Culp, Inc. Common Stock",N,N
CUPR,Cuprina Holdings (Cayman) Limited - Ordinary shares,NASDAQ,N
CURB,Curbline Properties Corp. Common Stock,N,N
CURE,Direxion Daily Healthcare Bull 3X Shares,P,Y
CURI,CuriosityStream Inc.  - Class A Common Stock,NASDAQ,N
CURR,Currenc Group Inc. - Ordinary Shares,NASDAQ,N
CURV,Torrid Holdings Inc. Common Stock,N,N
CURX,Curanex Pharmaceuticals Inc - Common Stock,NASDAQ,N
CUT,Invesco MSCI Global Timber ETF,P,Y
CUZ,Cousins Properties Incorporated Common Stock,N,N
CV,"CapsoVision, Inc. - Common Stock",NASDAQ,N
CVAR,Cultivar ETF,Z,Y
CVBF,CVB Financial Corporation - Common Stock,NASDAQ,N
CVCO,"Cavco Industries, Inc. - Common Stock",NASDAQ,N
CVE,Cenovus Energy Inc Common Stock,N,N
CVEO,Civeo Corporation (Canada) Common Shares,N,N
CVGI,"Commercial Vehicle Group, Inc. - Common Stock",NASDAQ,N
CVGW,"Calavo Growers, Inc. - Common Stock",NASDAQ,N
CVI,CVR Energy Inc. Common Stock,N,N
CVIE,Calvert International Responsible Index ETF,P,Y
CVKD,"Cadrenal Therapeutics, Inc. - Common Stock",NASDAQ,N
CVLC,Calvert US Large-Cap Core Responsible Index ETF,P,Y
CVLG,"Covenant Logistics Group, Inc. Class A Common Stock",N,N
CVLT,"Commvault Systems, Inc. - Common Stock",NASDAQ,N
CVM,Cel-Sci Corporation Common Stock,A,N
CVMC,Calvert US Mid-Cap Core Responsible Index ETF,P,Y
CVNA,Carvana Co. Class A Common Stock,N,N
CVNX,Defiance Daily Target 2X Long CVNA ETF,NASDAQ,Y
CVNY,YieldMax CVNA Option Income Strategy ETF,P,Y
CVR,Chicago Rivet & Machine Co. Common Stock,A,N
CVRD,Madison Covered Call ETF,P,Y
CVRT,Calamos Convertible Equity Alternative ETF,P,Y
CVRX,"CVRx, Inc. - Common Stock",NASDAQ,N
CVS,CVS Health Corporation Common Stock,N,N
CVSB,Calvert Ultra-Short Investment Grade ETF,P,Y
CVU,"CPI Aerostructures, Inc. Common Stock",A,N
CVV,CVD Equipment Corporation - Common Stock,NASDAQ,N
CVX,Chevron Corporation Common Stock,N,N
CVY,Invesco Zacks Multi-Asset Income ETF,P,Y
CW,Curtiss-Wright Corporation Common Stock,N,N
CWAN,"Clearwater Analytics Holdings, Inc. Class A Common Stock",N,N
CWB,State Street SPDR Bloomberg Convertible Securities ETF,P,Y
CWBC,Community West Bancshares - Common Stock,NASDAQ,N
CWCO,Consolidated Water Co. Ltd. - Ordinary Shares,NASDAQ,N
CWD,CaliberCos Inc. - Class A Common Stock,NASDAQ,N
CWEB,Direxion Daily CSI China Internet Index Bull 2X Shares,P,Y
CWEN,"Clearway Energy, Inc. Class C Common Stock",N,N
CWEN.A,"Clearway Energy, Inc. Class A Common Stock",N,N
CWH,"Camping World Holdings, Inc. Class A Common Stock",N,N
CWI,SPDR MSCI ACWI ex-US ETF,P,Y
CWII,REX CRWV Growth & Income ETF,Z,Y
CWK,Cushman & Wakefield Ltd. Common Shares,N,N
CWS,AdvisorShares Focused Equity ETF,P,Y
CWST,"Casella Waste Systems, Inc. - Class A Common Stock",NASDAQ,N
CWT,California Water Service Group Common Stock,N,N
CWVX,Tradr 2X Long CRWV Daily ETF,Z,Y
CX,"Cemex, S.A.B. de C.V. Sponsored ADR",N,N
CXAI,CXApp Inc. - Class A Common Stock,NASDAQ,N
CXAIW,CXApp Inc. - Warrant,NASDAQ,N
CXDO,"Crexendo, Inc. - Common Stock",NASDAQ,N
CXE,MFS High Income Municipal Trust Common Stock,N,N
CXH,MFS Investment Grade Municipal Trust Common Stock,N,N
CXM,"Sprinklr, Inc. Class A Common Stock",N,N
CXRN,Teucrium 2x Daily Corn ETF,P,Y
CXSE,WisdomTree China ex-State-Owned Enterprises Fund,NASDAQ,Y
CXT,"Crane NXT, Co. Common Stock",N,N
CXW,"CoreCivic, Inc. Common Stock",N,N
CYBR,CyberArk Software Ltd. - Ordinary Shares,NASDAQ,N
CYCN,"Cyclerion Therapeutics, Inc. - Common Stock",NASDAQ,N
CYCU,"Cycurion, Inc. - Common Stock",NASDAQ,N
CYCUW,"Cycurion, Inc. - Warrants",NASDAQ,N
CYD,China Yuchai International Limited Common Stock,N,N
CYH,"Community Health Systems, Inc. Common Stock",N,N
CYN,Cyngn Inc. - Common stock,NASDAQ,N
CYPH,Cypherpunk Technologies Inc. - Common Stock,NASDAQ,N
CYRX,"CryoPort, Inc. - Common Stock",NASDAQ,N
CYTK,"Cytokinetics, Incorporated - Common Stock",NASDAQ,N
CZA,Invesco Zacks Mid-Cap ETF,P,Y
CZAR,Themes Natural Monopoly ETF,NASDAQ,Y
CZFS,"Citizens Financial Services, Inc. - Common Stock",NASDAQ,N
CZNC,Citizens & Northern Corp - Common Stock,NASDAQ,N
CZR,"Caesars Entertainment, Inc. - Common Stock",NASDAQ,N
CZWI,"Citizens Community Bancorp, Inc. - Common Stock",NASDAQ,N
D,"Dominion Energy, Inc. Common Stock",N,N
DAAQ,Digital Asset Acquisition Corp. - Class A Ordinary shares,NASDAQ,N
DAAQU,Digital Asset Acquisition Corp. - Units,NASDAQ,N
DAAQW,Digital Asset Acquisition Corp. - Warrant,NASDAQ,N
DABS,DoubleLine Asset-Backed Securities ETF,P,Y
DAC,Danaos Corporation Common Stock,N,N
DADS,Digital Asset Debt Strategy ETF,NASDAQ,Y
DAIC,"CID HoldCo, Inc. - Common Stock",NASDAQ,N
DAICW,"CID HoldCo, Inc. - Warrants",NASDAQ,N
DAIO,Data I/O Corporation - Common Stock,NASDAQ,N
DAK,Dakota Active Equity ETF,NASDAQ,Y
DAKT,"Daktronics, Inc. - Common Stock",NASDAQ,N
DAL,"Delta Air Lines, Inc. Common Stock",N,N
DALI,First Trust Dorsey Wright DALI Equity ETF,NASDAQ,Y
DAMD,Defiance Daily Target 2X Short AMD ETF,P,Y
DAN,Dana Incorporated Common Stock,N,N
DANA,Dana Limited Volatility ETF,P,Y
DAO,"Youdao, Inc. American Depositary Shares, each representing one Class A Ordinary Share",N,N
DAPP,VanEck Digital Transformation ETF,NASDAQ,Y
DAPR,FT Vest U.S. Equity Deep Buffer ETF - April,Z,Y
DAR,Darling Ingredients Inc. Common Stock,N,N
DARE,"Dare Bioscience, Inc. - Common Stock",NASDAQ,N
DARP,Grizzle Growth ETF,P,Y
DASH,"DoorDash, Inc. - Common Stock",NASDAQ,N
DASX,Tradr 2X Long DASH Daily ETF,Z,Y
DAT,ProShares Big Data Refiners ETF,P,Y
DAUG,FT Vest U.S. Equity Deep Buffer ETF - August,Z,Y
DAVA,Endava plc American Depositary Shares (each representing one Class A Ordinary Share),N,N
DAVE,Dave Inc.  - Class A Common Stock,NASDAQ,N
DAVEW,Dave Inc.  - Warrants,NASDAQ,N
DAWN,"Day One Biopharmaceuticals, Inc. - Common Stock",NASDAQ,N
DAX,Global X DAX Germany ETF,NASDAQ,Y
DAY,"Dayforce, Inc. Common Stock",N,N
DB,Deutsche Bank AG Common Stock,N,N
DBA,Invesco DB Agriculture Fund,P,Y
DBAW,Xtrackers MSCI All World ex US Hedged Equity ETF,P,Y
DBB,Invesco DB Base Metals Fund,P,Y
DBC,Invesco DB Commodity Index Tracking Fund,P,Y
DBD,Diebold Nixdorf Incorporated Common stock,N,N
DBE,Invesco DB Energy Fund,P,Y
DBEF,Xtrackers MSCI EAFE Hedged Equity ETF,P,Y
DBEM,Xtrackers MSCI Emerging Markets Hedged Equity ETF,P,Y
DBEU,Xtrackers MSCI Europe Hedged Equity ETF,P,Y
DBEZ,Xtrackers MSCI Eurozone Hedged Equity ETF,P,Y
DBGI,"Digital Brands Group, Inc. - Common Stock",NASDAQ,N
DBI,Designer Brands Inc. Class A Common Stock,N,N
DBJP,Xtrackers MSCI Japan Hedged Equity ETF,P,Y
DBL,DoubleLine Opportunistic Credit Fund Common Shares of Beneficial Interest,N,N
DBMF,iMGP DBi Managed Futures Strategy ETF,P,Y
DBND,DoubleLine Opportunistic Core Bond ETF,P,Y
DBO,Invesco DB Oil Fund,P,Y
DBP,Invesco DB Precious Metals Fund,P,Y
DBRG,"DigitalBridge Group, Inc.",N,N
DBRG$H,"DigitalBridge Group, Inc. 7.125% Series H",N,N
DBRG$I,"DigitalBridge Group, Inc. 7.15% Series I",N,N
DBRG$J,"DigitalBridge Group, Inc. 7.125% Series J",N,N
DBSC,Deepwater Beachfront Small Cap ETF,NASDAQ,Y
DBVT,DBV Technologies S.A. - American Depositary Shares,NASDAQ,N
DBX,"Dropbox, Inc. - Class A Common Stock",NASDAQ,N
DC,Dakota Gold Corp. Common Stock,A,N
DC.W,"Dakota Gold Corp. Warrants, each warrant exercisable for one Common Share at an exercise price of $2.08",A,N
DCBO,Docebo Inc. - Common Shares,NASDAQ,N
DCGO,DocGo Inc. - Common Stock,NASDAQ,N
DCI,"Donaldson Company, Inc. Common Stock",N,N
DCMT,DoubleLine Commodity Strategy ETF,P,Y
DCO,Ducommun Incorporated Common Stock,N,N
DCOM,"Dime Community Bancshares, Inc. - Common Stock",NASDAQ,N
DCOMG,"Dime Community Bancshares, Inc. - 9.000% Fixed-to-Floating Rate Subordinated Notes due 2034",NASDAQ,N
DCOMP,"Dime Community Bancshares, Inc. - Fixed-Rate Non-Cumulative Perpetual Preferred Stock, Series A",NASDAQ,N
DCOR,Dimensional US Core Equity 1 ETF,P,Y
DCOY,Decoy Therapeutics Inc. - Common Stock,NASDAQ,N
DCRE,DoubleLine Commercial Real Estate ETF,P,Y
DCTH,"Delcath Systems, Inc. - Common Stock",NASDAQ,N
DCX,Digital Currency X Technology Inc. - Class A Ordinary Shares,NASDAQ,N
DD,"DuPont de Nemours, Inc. Common Stock",N,N
DDC,DDC Enterprise Limited Class A Ordinary Shares,A,N
DDD,3D Systems Corporation Common Stock,N,N
DDEC,FT Vest U.S. Equity Deep Buffer ETF - December,Z,Y
DDFD,Innovator Equity Dual Directional 15 Buffer ETF - December,Z,Y
DDFJ,Innovator Equity Dual Directional 15 Buffer ETF - January,Z,Y
DDFL,Innovator Equity Dual Directional 15 Buffer ETF - July,Z,Y
DDFN,Innovator Equity Dual Directional 15 Buffer ETF - November,Z,Y
DDFO,Innovator Equity Dual Directional 15 Buffer ETF - October,Z,Y
DDFS,Innovator Equity Dual Directional 15 Buffer ETF - September,Z,Y
DDI,"DoubleDown Interactive Co., Ltd. - American Depository Shares",NASDAQ,N
DDIV,First Trust Dorsey Wright Momentum & Dividend ETF,NASDAQ,Y
DDL,Dingdong (Cayman) Limited American Depositary Shares (each two representing three Ordinary Shares),N,N
DDLS,WisdomTree Dynamic International SmallCap Equity Fund,Z,Y
DDM,ProShares Ultra Dow30,P,Y
DDNQ,Innovator Growth-100 Dual Directional 5 Buffer ETF - Quarterly,Z,Y
DDOG,"Datadog, Inc. - Class A Common Stock",NASDAQ,N
DDS,"Dillard's, Inc. Common Stock",N,N
DDSQ,Innovator Equity Dual Directional 5 Buffer ETF - Quarterly,Z,Y
DDT,Dillard's Capital Trust I,N,N
DDTD,Innovator Equity Dual Directional 10 Buffer ETF - December,Z,Y
DDTJ,Innovator Equity Dual Directional 10 Buffer ETF - January,Z,Y
DDTL,Innovator Equity Dual Directional 10 Buffer ETF - July,Z,Y
DDTN,Innovator Equity Dual Directional 10 Buffer ETF - November,Z,Y
DDTO,Innovator Equity Dual Directional 10 Buffer ETF - October,Z,Y
DDTS,Innovator Equity Dual Directional 10 Buffer ETF - September,Z,Y
DDV,Defined Duration 5 ETF,Z,Y
DDWM,WisdomTree Dynamic International Equity Fund,Z,Y
DDX,Defined Duration 10 ETF,Z,Y
DDXX,Defined Duration 20 ETF,Z,Y
DE,Deere & Company Common Stock,N,N
DEA,"Easterly Government Properties, Inc. Common Stock",N,N
DEC,Diversified Energy Company Common Stock,N,N
DECK,Deckers Outdoor Corporation Common Stock,N,N
DECM,FT Vest U.S. Equity Max Buffer ETF - December,Z,Y
DECO,SPDR Galaxy Digital Asset Ecosystem ETF,NASDAQ,Y
DECP,PGIM S&P 500 Buffer 12 ETF - December,Z,Y
DECT,AllianzIM U.S. Large Cap Buffer10 Dec ETF,Z,Y
DECU,AllianzIM U.S. Equity Buffer15 Uncapped Dec ETF,Z,Y
DECW,AllianzIM U.S. Large Cap Buffer20 Dec ETF,Z,Y
DECZ,TrueShares Structured Outcome (December) ETF,Z,Y
DEED,First Trust Securitized Plus ETF,P,Y
DEEF,Xtrackers FTSE Developed ex US Multifactor ETF,P,Y
DEEP,Acquirers Small and Micro Deep Value ETF,P,Y
DEFI,Hashdex Bitcoin ETF,P,Y
DEFR,Aptus Deferred Income ETF,Z,Y
DEFT,"Defi Technologies, Inc. - Common Stock",NASDAQ,N
DEHP,Dimensional Emerging Markets High Profitability ETF,P,Y
DEI,"Douglas Emmett, Inc. Common Stock",N,N
DELL,Dell Technologies Inc. Class C Common Stock,N,N
DEM,WisdomTree Emerging Markets High Dividend Fund,P,Y
DEMZ,Democratic Large Cap Core ETF,NASDAQ,Y
DENN,Denny's Corporation - Common Stock,NASDAQ,N
DEO,Diageo plc Common Stock,N,N
DERM,Journey Medical Corporation - Common Stock,NASDAQ,N
DES,WisdomTree U.S. SmallCap Dividend Fund,P,Y
DESK,VanEck Office and Commercial REIT ETF,P,Y
DEUS,Xtrackers Russell US Multifactor ETF,P,Y
DEVS,DevvStream Corp. - Common Stock,NASDAQ,N
DEW,WisdomTree Global High Dividend Fund,P,Y
DEXC,Dimensional Emerging Markets ex China Core Equity ETF,P,Y
DFAC,Dimensional U.S. Core Equity 2 ETF,P,Y
DFAE,Dimensional Emerging Core Equity Market ETF,P,Y
DFAI,Dimensional International Core Equity Market ETF,P,Y
DFAR,Dimensional US Real Estate ETF,P,Y
DFAS,Dimensional U.S. Small Cap ETF,P,Y
DFAT,Dimensional U.S. Targeted Value ETF,P,Y
DFAU,Dimensional US Core Equity Market ETF,P,Y
DFAW,Dimensional World Equity ETF,P,Y
DFAX,Dimensional World ex U.S. Core Equity 2 ETF,P,Y
DFCA,Dimensional California Municipal Bond ETF,P,Y
DFCF,Dimensional Core Fixed Income ETF,P,Y
DFDV,DeFi Development Corp. - Common Stock,NASDAQ,N
DFDVW,DeFi Development Corp. - Warrant,NASDAQ,N
DFE,WisdomTree Europe SmallCap Dividend Fund,P,Y
DFEB,FT Vest U.S. Equity Deep Buffer ETF - February,Z,Y
DFEM,Dimensional Emerging Markets Core Equity 2 ETF,P,Y
DFEN,Direxion Daily Aerospace & Defense Bull 3X Shares,P,Y
DFEV,Dimensional Emerging Markets Value ETF,P,Y
DFGP,Dimensional Global Core Plus Fixed Income ETF,NASDAQ,Y
DFGR,Dimensional Global Real Estate ETF,P,Y
DFGX,Dimensional Global ex US Core Fixed Income ETF,NASDAQ,Y
DFH,"Dream Finders Homes, Inc. Class A Common Stock",N,N
DFIC,Dimensional International Core Equity 2 ETF,Z,Y
DFII,FT Vest Bitcoin Strategy & Target Income ETF,P,Y
DFIN,"Donnelley Financial Solutions, Inc. Common Stock",N,N
DFIP,Dimensional Inflation-Protected Securities ETF,P,Y
DFIS,Dimensional International Small Cap ETF,Z,Y
DFIV,Dimensional International Value ETF,P,Y
DFJ,WisdomTree Japan SmallCap Fund,P,Y
DFLI,Dragonfly Energy Holdings Corp - Common Stock,NASDAQ,N
DFLIW,Dragonfly Energy Holdings Corp - Warrant,NASDAQ,N
DFLV,Dimensional US Large Cap Value ETF,P,Y
DFNL,Davis Select Financial ETF,Z,Y
DFNM,Dimensional National Municipal Bond ETF,P,Y
DFP,Flaherty & Crumrine Dynamic Preferred and Income Fund Inc. Common Stock,N,N
DFSB,Dimensional Global Sustainability Fixed Income ETF,P,Y
DFSC,"DEFSEC Technologies Inc. - common stock, no R/S concurrent with offering",NASDAQ,N
DFSCW,DEFSEC Technologies Inc. - warrant,NASDAQ,N
DFSD,Dimensional Short-Duration Fixed Income ETF,P,Y
DFSE,Dimensional Emerging Markets Sustainability Core 1 ETF,P,Y
DFSI,Dimensional International Sustainability Core 1 ETF,P,Y
DFSU,Dimensional US Sustainability Core 1 ETF,P,Y
DFSV,Dimensional US Small Cap Value ETF,P,Y
DFTT,DF Tactical 30 ETF,P,Y
DFUS,Dimensional U.S. Equity Market ETF,P,Y
DFUV,Dimensional US Marketwide Value ETF,P,Y
DFVE,DoubleLine Fortune 500 Equal Weight ETF,P,Y
DFVX,Dimensional US Large Cap Vector ETF,P,Y
DG,Dollar General Corporation Common Stock,N,N
DGCB,Dimensional Global Credit ETF,NASDAQ,Y
DGICA,"Donegal Group, Inc. - Class A Common Stock",NASDAQ,N
DGICB,"Donegal Group, Inc. - Class B Common Stock",NASDAQ,N
DGII,Digi International Inc. - Common Stock,NASDAQ,N
DGIN,VanEck Digital India ETF,P,Y
DGLO,First Trust RBA Deglobalization ETF,NASDAQ,Y
DGNX,Diginex Limited - Ordinary Shares,NASDAQ,N
DGOC,FT Vest U.S. Equity Buffer & Digital Return ETF - October,Z,Y
DGP,"DB Gold Double Long ETN due February 15, 2038",P,N
DGRE,WisdomTree Emerging Markets Quality Dividend Growth Fund,NASDAQ,Y
DGRO,iShares Core Dividend Growth ETF,P,Y
DGRS,WisdomTree U.S. SmallCap Quality Dividend Growth Fund,NASDAQ,Y
DGRW,WisdomTree U.S. Quality Dividend Growth Fund,NASDAQ,Y
DGS,WisdomTree Emerging Market SmallCap Fund,P,Y
DGT,State Street SPDR Global Dow ETF,P,Y
DGX,Quest Diagnostics Incorporated Common Stock,N,N
DGXX,Digi Power X Inc. - Common Subordinate Voting Shares,NASDAQ,N
DGZ,"DB Gold Short ETN due February 15, 2038",P,N
DH,Definitive Healthcare Corp. - Class A Common Stock,NASDAQ,N
DHC,Diversified Healthcare Trust  - Common Shares of Beneficial Interest,NASDAQ,N
DHCNI,Diversified Healthcare Trust  - 5.625% Senior Notes due 2042,NASDAQ,N
DHCNL,Diversified Healthcare Trust  - 6.25% Senior Notes Due 2046,NASDAQ,N
DHDG,FT Vest U.S. Equity Quarterly 2.5 to 15 Buffer ETF,Z,Y
DHF,BNY Mellon High Yield Strategies Fund Common Stock,N,N
DHI,"D.R. Horton, Inc. Common Stock",N,N
DHIL,"Diamond Hill Investment Group, Inc. - Class A Common Stock",NASDAQ,N
DHLX,Diamond Hill Large Cap Concentrated ETF,P,Y
DHR,Danaher Corporation Common Stock,N,N
DHS,WisdomTree U.S. High Dividend Fund,P,Y
DHSB,Day Hagan Smart Buffer ETF,P,Y
DHT,"DHT Holdings, Inc.",N,N
DHX,"DHI Group, Inc. Common Stock",N,N
DHY,Credit Suisse High Yield Credit Fund Common Stock,A,N
DIA,SPDR Dow Jones Industrial Average ETF,P,Y
DIAL,Columbia Diversified Fixed Income Allocation ETF,P,Y
DIAX,Nuveen Dow 30SM Dynamic Overwrite Fund Common Shares of Beneficial Interest,N,N
DIBS,"1stdibs.com, Inc. - Common Stock",NASDAQ,N
DIEM,Franklin Emerging Market Core Dividend Tilt Index ETF,P,Y
DIG,ProShares Ultra Energy,P,Y
DIHP,Dimensional International High Profitability ETF,Z,Y
DIM,WisdomTree International MidCap Dividend Fund,P,Y
DIME,CoinShares Altcoins ETF,NASDAQ,Y
DIN,"Dine Brands Global, Inc. Common Stock",N,N
DINO,HF Sinclair Corporation Common Stock,N,N
DINT,Davis Select International ETF,Z,Y
DIOD,Diodes Incorporated - Common Stock,NASDAQ,N
DIPS,YieldMax Short NVDA Option Income Strategy ETF,P,Y
DIS,Walt Disney Company (The) Common Stock,N,N
DISO,YieldMax DIS Option Income Strategy ETF,P,Y
DISV,Dimensional International Small Cap Value ETF,Z,Y
DIT,AMCON Distributing Company Common Stock,A,N
DIV,Global X Super Dividend ETF,P,Y
DIVB,iShares Core Dividend ETF,Z,Y
DIVD,Altrius Global Dividend ETF,NASDAQ,Y
DIVE,Dana Concentrated Dividend ETF,P,Y
DIVG,Invesco S&P 500 High Dividend Growers ETF,P,Y
DIVI,Franklin International Core Dividend Tilt Index ETF,P,Y
DIVL,Madison Dividend Value ETF,P,Y
DIVN,Horizon Dividend Income ETF,Z,Y
DIVO,Amplify CWP Enhanced Dividend Income ETF,P,Y
DIVP,Cullen Enhanced Equity Income ETF,P,Y
DIVS,Guinness Atkinson Dividend Builder ETF,P,Y
DIVY,Sound Equity Dividend Income ETF,N,Y
DIVZ,Opal Dividend Income ETF,P,Y
DJAN,FT Vest U.S. Equity Deep Buffer ETF - January,Z,Y
DJCO,Daily Journal Corp. (S.C.) - Common Stock,NASDAQ,N
DJD,Invesco Dow Jones Industrial Average Dividend ETF,P,Y
DJIA,Global X Dow 30 Covered Call ETF,P,Y
DJP,iPath Bloomberg Commodity Index Total Return ETN,P,N
DJT,Trump Media & Technology Group Corp. - Common Stock,NASDAQ,N
DJTU,T-REX 2X Long DJT Daily Target ETF,Z,Y
DJTWW,Trump Media & Technology Group Corp. - Warrants,NASDAQ,N
DJUL,FT Vest U.S. Equity Deep Buffer ETF - July,Z,Y
DJUN,FT Vest U.S. Equity Deep Buffer ETF - June,Z,Y
DK,"Delek US Holdings, Inc. Common Stock",N,N
DKI,DarkIris Inc. - Class A Ordinary Shares,NASDAQ,N
DKL,"Delek Logistics Partners, L.P. Common Units representing Limited Partner Interests",N,N
DKNG,DraftKings Inc. - Class A Common Stock,NASDAQ,N
DKNX,Defiance Daily Target 2X Long DKNG ETF,NASDAQ,Y
DKS,Dick's Sporting Goods Inc Common Stock,N,N
DKUP,T-REX 2X Long DKNG Daily Target ETF,Z,Y
DLAG,FT Vest U.S. Equity Dual Directional Buffer ETF - August,Z,Y
DLB,Dolby Laboratories Common Stock,N,N
DLHC,DLH Holdings Corp. - Common Stock,NASDAQ,N
DLLL,GraniteShares 2x Long DELL Daily ETF,NASDAQ,Y
DLN,WisdomTree U.S. LargeCap Dividend Fund,P,Y
DLNG,Dynagas LNG Partners LP Common Units,N,N
DLNG$A,Dynagas LNG Partners LP 9.00% Series A Cumulative Redeemable Preferred Units,N,N
DLNV,FT Vest U.S. Equity Dual Directional Buffer ETF - November,Z,Y
DLO,DLocal Limited - Class A Common Shares,NASDAQ,N
DLPN,"Dolphin Entertainment, Inc. - Common Stock",NASDAQ,N
DLR,"Digital Realty Trust, Inc. Common Stock",N,N
DLR$J,"Digital Realty Trust, Inc. 5.250% Series J Cumulative Redeemable Preferred Stock",N,N
DLR$K,"Digital Realty Trust, Inc. 5.850% Series K Cumulative Redeemable Preferred Stock, par value $0.01 per share",N,N
DLR$L,"Digital Realty Trust, Inc. 5.200% Series L Cumulative Redeemable Preferred Stock",N,N
DLS,WisdomTree International SmallCap Fund,P,Y
DLTH,Duluth Holdings Inc. - Class B Common Stock,NASDAQ,N
DLTR,"Dollar Tree, Inc. - Common Stock",NASDAQ,N
DLX,Deluxe Corporation Common Stock,N,N
DLXY,Delixy Holdings Limited - Ordinary Shares,NASDAQ,N
DLY,DoubleLine Yield Opportunities Fund Common Shares of Beneficial Interest,N,N
DMA,Destra Multi-Alternative Fund Common Stock,N,N
DMAA,Drugs Made In America Acquisition Corp. - Ordinary Shares,NASDAQ,N
DMAAR,Drugs Made In America Acquisition Corp. - Rights,NASDAQ,N
DMAAU,Drugs Made In America Acquisition Corp. - Units,NASDAQ,N
DMAC,DiaMedica Therapeutics Inc. - Common Stock,NASDAQ,N
DMAR,FT Vest U.S. Equity Deep Buffer ETF - March,Z,Y
DMAT,Global X Disruptive Materials ETF,NASDAQ,Y
DMAX,iShares Large Cap Max Buffer Dec ETF,Z,Y
DMAY,FT Vest U.S. Equity Deep Buffer ETF - May,Z,Y
DMB,"BNY Mellon Municipal Bond Infrastructure Fund, Inc. Common Stock",N,N
DMBS,DoubleLine Mortgage ETF,P,Y
DMCY,Democracy International Fund,P,Y
DMII,Drugs Made In America Acquisition II Corp. - Ordinary Shares,NASDAQ,N
DMIIR,Drugs Made In America Acquisition II Corp. - Right,NASDAQ,N
DMIIU,Drugs Made In America Acquisition II Corp. - Unit,NASDAQ,N
DMLP,"Dorchester Minerals, L.P. - Common Units Representing Limited Partnership Interests",NASDAQ,N
DMO,Western Asset Mortgage Opportunity Fund Inc. Common Stock,N,N
DMRC,Digimarc Corporation - Common Stock,NASDAQ,N
DMX,DoubleLine Multi-Sector Income ETF,P,Y
DMXF,iShares ESG Advanced MSCI EAFE ETF,NASDAQ,Y
DNA,"Ginkgo Bioworks Holdings, Inc. Class A Common Stock",N,N
DNL,WisdomTree Global ex-U.S. Quality Growth Fund,P,Y
DNLI,Denali Therapeutics Inc. - Common Stock,NASDAQ,N
DNMX,Dynamix Corporation III - Class A Ordinary Shares,NASDAQ,N
DNMXU,Dynamix Corporation III - Unit,NASDAQ,N
DNMXW,Dynamix Corporation III - Warrants,NASDAQ,N
DNN,Denison Mines Corp Ordinary Shares (Canada),A,N
DNOV,FT Vest U.S. Equity Deep Buffer ETF - November,Z,Y
DNOW,DNOW Inc. Common Stock,N,N
DNP,"DNP Select Income Fund, Inc. Common Stock",N,N
DNTH,"Dianthus Therapeutics, Inc. - Common Stock",NASDAQ,N
DNUT,"Krispy Kreme, Inc. - Common Stock",NASDAQ,N
DOC,"Healthpeak Properties, Inc. Common Stock",N,N
DOCN,"DigitalOcean Holdings, Inc. Common Stock",N,N
DOCS,"Doximity, Inc. Class A Common Stock",N,N
DOCT,FT Vest U.S. Equity Deep Buffer ETF - October,Z,Y
DOCU,"DocuSign, Inc. - Common Stock",NASDAQ,N
DOG,ProShares Short Dow30,P,Y
DOGD,Tradr 2X Long DDOG Daily ETF,Z,Y
DOGG,FT Vest DJIA Dogs 10 Target Income ETF,Z,Y
DOGZ,Dogness (International) Corporation - Class A Common Stock,NASDAQ,N
DOJE,REX-Osprey DOGE ETF,Z,Y
DOL,WisdomTree True Developed International Fund,P,Y
DOLE,Dole plc Ordinary Shares,N,N
DOMH,Dominari Holdings Inc. - Common Stock,NASDAQ,N
DOMO,"Domo, Inc. - Class B Common Stock",NASDAQ,N
DON,WisdomTree U.S. MidCap Dividend Fund,P,Y
DOO,BRP Inc. - Common Subordinate Voting Shares,NASDAQ,N
DORM,"Dorman Products, Inc. - Common Stock",NASDAQ,N
DOUG,Douglas Elliman Inc. Common Stock,N,N
DOV,Dover Corporation Common Stock,N,N
DOW,Dow Inc. Common Stock,N,N
DOX,Amdocs Limited - Ordinary Shares,NASDAQ,N
DOYU,DouYu International Holdings Limited - American Depositary Shares,NASDAQ,N
DPG,Duff & Phelps Utility and Infrastructure Fund Inc.,N,N
DPRO,Draganfly Inc. - Common Shares,NASDAQ,N
DPST,Direxion Daily Regional Banks Bull 3X Shares,P,Y
DPZ,Domino's Pizza Inc - Common Stock,NASDAQ,N
DQ,"DAQO New Energy Corp. American Depositary Shares, each representing five ordinary shares",N,N
DRAI,Draco Evolution AI ETF,P,Y
DRAY,YieldMax DKNG Option Income Strategy ETF,P,Y
DRCT,"Direct Digital Holdings, Inc. - Class A Common Stock",NASDAQ,N
DRD,DRDGOLD Limited American Depositary Shares,N,N
DRDB,Roman DBDR Acquisition Corp. II - Ordinary shares,NASDAQ,N
DRDBU,Roman DBDR Acquisition Corp. II - Unit,NASDAQ,N
DRDBW,Roman DBDR Acquisition Corp. II - Warrants,NASDAQ,N
DRES,GMO Domestic Resilience ETF,P,Y
DRGN,Themes China Generative Artificial Intelligence ETF,Z,Y
DRH,Diamondrock Hospitality Company - Common Stock,NASDAQ,N
DRI,"Darden Restaurants, Inc. Common Stock",N,N
DRIO,DarioHealth Corp. - Common Stock,NASDAQ,N
DRIP,Direxion Daily S&P Oil & Gas Exp. & Prod. Bear 2X Shares,P,Y
DRIV,Global X Autonomous & Electric Vehicles ETF,NASDAQ,Y
DRKY,VistaShares Target 15 DRUKMacro Distribution ETF,P,Y
DRLL,Strive U.S. Energy ETF,N,Y
DRMA,"Dermata Therapeutics, Inc. - Common Stock",NASDAQ,N
DRMAW,"Dermata Therapeutics, Inc. - Warrant",NASDAQ,N
DRN,Direxion Daily Real Estate Bull 3X Shares,P,Y
DRNZ,REX Drone ETF,NASDAQ,Y
DRS,"Leonardo DRS, Inc. - Common Stock",NASDAQ,N
DRSK,Aptus Defined Risk ETF,Z,Y
DRTS,Alpha Tau Medical Ltd. - Ordinary Shares,NASDAQ,N
DRTSW,Alpha Tau Medical Ltd. - Warrant,NASDAQ,N
DRUG,Bright Minds Biosciences Inc. - common stock,NASDAQ,N
DRUP,GraniteShares Nasdaq Select Disruptors ETF,P,Y
DRV,Direxion Daily Real Estate Bear 3X Shares,P,Y
DRVN,Driven Brands Holdings Inc. - Common Stock,NASDAQ,N
DSACU,Daedalus Special Acquisition Corp. - Unit,NASDAQ,N
DSEP,FT Vest U.S. Equity Deep Buffer ETF - September,Z,Y
DSGN,"Design Therapeutics, Inc. - Common Stock",NASDAQ,N
DSGR,"Distribution Solutions Group, Inc. - Common Stock",NASDAQ,N
DSGX,The Descartes Systems Group Inc. - Common Stock,NASDAQ,N
DSI,iShares ESG MSCI KLD 400 ETF,P,Y
DSL,DoubleLine Income Solutions Fund Common Shares of Beneficial Interests,N,N
DSM,"BNY Mellon Strategic Municipal Bond Fund, Inc. Common Stock",N,N
DSMC,Distillate Small/Mid Cash Flow ETF,N,Y
DSP,Viant Technology Inc. - common stock,NASDAQ,N
DSPY,Tema S&P 500 Historical Weight ETF Strategy,P,Y
DSS,"DSS, Inc. Common Stock",A,N
DSTL,Distillate U.S. Fundamental Stability & Value ETF,P,Y
DSTX,Distillate International Fundamental Stability & Value ETF,N,Y
DSU,"Blackrock Debt Strategies Fund, Inc. Common Stock",N,N
DSWL,"Deswell Industries, Inc. - Common Shares",NASDAQ,N
DSX,Diana Shipping inc. common stock,N,N
DSX$B,Diana Shipping Inc. Perpetual Preferred Shares Series B (Marshall Islands),N,N
DSX.W,Diana Shipping inc. Warrants,N,N
DSY,Big Tree Cloud Holdings Limited - Ordinary Shares,NASDAQ,N
DSYWW,Big Tree Cloud Holdings Limited - Warrants,NASDAQ,N
DT,"Dynatrace, Inc. Common Stock",N,N
DTAN,Sparkline International Intangible Value ETF,P,Y
DTB,DTE Energy Company 2020 Series G 4.375% Junior Subordinated Debentures due 2080,N,N
DTCK,Davis Commodities Limited - Class A Ordinary Shares,NASDAQ,N
DTCR,Global X Data Center & Digital Infrastructure ETF,NASDAQ,Y
DTCX,"Datacentrex, Inc. - Common Stock",NASDAQ,N
DTD,WisdomTree U.S. Total Dividend Fund,P,Y
DTE,DTE Energy Company Common Stock,N,N
DTEC,ALPS Disruptive Technologies ETF,P,Y
DTF,DTF Tax-Free Income 2028 Term Fund Inc. Common Stock,N,N
DTG,DTE Energy Company 2021 Series E 4.375% Junior Subordinated Debentures,N,N
DTH,WisdomTree International High Dividend Fund,P,Y
DTI,Drilling Tools International Corporation  - Common Stock,NASDAQ,N
DTIL,"Precision BioSciences, Inc. - Common Stock",NASDAQ,N
DTK,DTE Energy Company 2025 Series H 6.25% Junior Subordinated Debentures due 2085,N,N
DTM,"DT Midstream, Inc. Common Stock",N,N
DTRE,First Trust Alerian Disruptive Technology Real Estate ETF,P,Y
DTSQ,DT Cloud Star Acquisition Corporation - Ordinary Shares,NASDAQ,N
DTSQR,DT Cloud Star Acquisition Corporation - Right,NASDAQ,N
DTSQU,DT Cloud Star Acquisition Corporation - Units,NASDAQ,N
DTSS,Datasea Inc. - Common Stock,NASDAQ,N
DTST,Data Storage Corporation - Common Stock,NASDAQ,N
DTSTW,Data Storage Corporation - Warrant,NASDAQ,N
DTW,DTE Energy Company 2017 Series E 5.25% Junior Subordinated Debentures due 2077,N,N
DUBS,Aptus Large Cap Enhanced Yield ETF,Z,Y
DUG,ProShares UltraShort Energy,P,Y
DUHP,Dimensional US High Profitability ETF,P,Y
DUK,Duke Energy Corporation (Holding Company) Common Stock,N,N
DUK$A,"Duke Energy Corporation Depositary Shares, each representing a 1/1,000th interest in a share of 5.75% Series A Cumulative Redeemable Perpetual Preferred Stock",N,N
DUKB,Duke Energy Corporation 5.625% Junior Subordinated Debentures due 2078,N,N
DUKH,Ocean Park High Income ETF,NASDAQ,Y
DUKQ,Ocean Park Domestic ETF,P,Y
DUKX,Ocean Park International ETF,NASDAQ,Y
DUKZ,Ocean Park Diversified Income ETF,P,Y
DULL,"MicroSectors Gold -3X Inverse Leveraged ETNs due January 29, 2043",P,Y
DUNK,Dana Unconstrained Equity ETF,P,Y
DUO,Fangdd Network Group Ltd. - Class A Ordinary Shares,NASDAQ,N
DUOG,Leverage Shares 2X Long DUOL Daily ETF,NASDAQ,Y
DUOL,"Duolingo, Inc. - Class A Common Stock",NASDAQ,N
DUOT,"Duos Technologies Group, Inc. - Common Stock",NASDAQ,N
DURA,VanEck Durable High Dividend ETF,Z,Y
DUSA,Davis Select U.S. Equity ETF,Z,Y
DUSB,Dimensional Ultrashort Fixed Income ETF,P,Y
DUSL,Direxion Daily Industrials Bull 3X Shares,P,Y
DUST,Direxion Daily Gold Miners Index Bear 2X Shares,P,Y
DV,"DoubleVerify Holdings, Inc. Common Stock",N,N
DVA,DaVita Inc. Common Stock,N,N
DVAL,BrandywineGLOBAL-Dynamic US Large Cap Value ETF,NASDAQ,Y
DVAX,Dynavax Technologies Corporation - Common Stock,NASDAQ,N
DVDN,Kingsbarn Dividend Opportunity ETF,P,Y
DVGR,DAC 3D Dividend Growth ETF,NASDAQ,Y
DVIN,WEBs Industrials XLI Defined Volatility ETF,NASDAQ,Y
DVLT,Datavault AI Inc. - Common Stock,NASDAQ,N
DVLU,First Trust Dorsey Wright Momentum & Value ETF,NASDAQ,Y
DVN,Devon Energy Corporation Common Stock,N,N
DVND,Touchstone Dividend Select ETF,P,Y
DVOL,First Trust Dorsey Wright Momentum & Low Volatility ETF,NASDAQ,Y
DVQQ,WEBs QQQ Defined Volatility ETF,NASDAQ,Y
DVRE,WEBs Real Estate XLRE Defined Volatility ETF,NASDAQ,Y
DVS,Dolly Varden Silver Corporation Common Shares,A,N
DVSP,WEBs SPY Defined Volatility ETF,NASDAQ,Y
DVUT,WEBs Utilities XLU Defined Volatility ETF,NASDAQ,Y
DVXB,WEBs Materials XLB Defined Volatility ETF,NASDAQ,Y
DVXC,WEBs Communication Services XLC Defined Volatility ETF,NASDAQ,Y
DVXE,WEBs Energy XLE Defined Volatility ETF,NASDAQ,Y
DVXF,WEBs Financial XLF Defined Volatility ETF,NASDAQ,Y
DVXK,WEBs Technology XLK Defined Volatility ETF,NASDAQ,Y
DVXP,WEBs Consumer Staples XLP Defined Volatility ETF,NASDAQ,Y
DVXV,WEBs Health Care XLV Defined Volatility ETF,NASDAQ,Y
DVXY,WEBs Consumer Discretionary XLY Defined Volatility ETF,NASDAQ,Y
DVY,iShares Select Dividend ETF,NASDAQ,Y
DVYA,iShares Asia / Pacific Dividend 30 Index Fund Exchange Traded Fund,P,Y
DVYE,iShares Emerging Markets Dividend Index Fund Exchange Traded Fund,P,Y
DWAS,Invesco Dorsey Wright SmallCap Momentum ETF,NASDAQ,Y
DWAW,AdvisorShares Dorsey Wright FSM All Cap World ETF,NASDAQ,Y
DWLD,Davis Select Worldwide ETF,Z,Y
DWM,WisdomTree International Equity Fund,P,Y
DWMF,WisdomTree International Multifactor Fund,P,Y
DWSH,AdvisorShares Dorsey Wright Short ETF,NASDAQ,Y
DWSN,Dawson Geophysical Company - Common Stock,NASDAQ,N
DWTX,"Dogwood Therapeutics, Inc.  - Common Stock",NASDAQ,N
DWUS,AdvisorShares Dorsey Wright FSM US Core ETF,NASDAQ,Y
DWX,SPDR S&P International Dividend ETF,P,Y
DX,"Dynex Capital, Inc. Common Stock",N,N
DX$C,"Dynex Capital, Inc. 6.900% Series C Fixed-to-Floating Rate Cumulative Redeemable Preferred Stock",N,N
DXC,DXC Technology Company Common Stock,N,N
DXCM,"DexCom, Inc. - Common Stock",NASDAQ,N
DXD,ProShares UltraShort Dow30,P,Y
DXF,"Eason Technology Limited American Depositary Shares (each representing sixty-thousand (60,000) Ordinary Shares)",A,N
DXIV,Dimensional International Vector Equity ETF,P,Y
DXJ,WisdomTree Japan Hedged Equity Fund,P,Y
DXLG,"Destination XL Group, Inc. - Common Stock",NASDAQ,N
DXPE,"DXP Enterprises, Inc. - Common Stock",NASDAQ,N
DXR,Daxor Corporation - Closed End Fund,NASDAQ,N
DXST,Decent Holding Inc. - Class A Ordinary Shares,NASDAQ,N
DXUV,Dimensional US Vector Equity ETF,P,Y
DXYZ,Destiny Tech100 Inc. Common Stock,N,N
DY,"Dycom Industries, Inc. Common Stock",N,N
DYAI,"Dyadic International, Inc. - Common Stock",NASDAQ,N
DYFI,IDX Dynamic Fixed Income ETF,NASDAQ,Y
DYLD,LeaderShares Dynamic Yield ETF,P,Y
DYLG,Global X Dow 30 Covered Call & Growth ETF,P,Y
DYN,"Dyne Therapeutics, Inc. - Common Stock",NASDAQ,N
DYNB,Hartford Dynamic Bond ETF,NASDAQ,Y
DYNF,iShares U.S. Equity Factor Rotation Active ETF,P,Y
DYOR,Insight Digital Partners II - Class A Ordinary Shares,NASDAQ,N
DYORU,Insight Digital Partners II - Units,NASDAQ,N
DYORW,Insight Digital Partners II - Warrants,NASDAQ,N
DYTA,SGI Dynamic Tactical ETF,NASDAQ,Y
DZZ,"DB Gold Double Short ETN due February 15, 2038",P,N
E,ENI S.p.A. Common Stock,N,N
EA,Electronic Arts Inc. - Common Stock,NASDAQ,N
EAD,Allspring Income Opportunities Fund Common Shares,A,N
EAF,GrafTech International Ltd. Common Stock,N,N
EAFG,Pacer Developed Markets Cash Cows Growth Leaders ETF,P,Y
EAGG,iShares ESG Aware U.S. Aggregate Bond ETF,P,Y
EAGL,Eagle Capital Select Equity ETF,P,Y
EAI,"Entergy Arkansas, LLC First Mortgage Bonds, 4.875% Series Due September 1, 2066",N,N
EALT,Innovator U.S. Equity 5 to 15 Buffer ETF - Quarterly,Z,Y
EAOA,iShares ESG Aware 80/20 Aggressive Allocation ETF,Z,Y
EAOK,iShares ESG Aware 30/70 Conservative Allocation ETF,Z,Y
EAOM,iShares ESG Aware 40/60 Moderate Allocation ETF,Z,Y
EAOR,iShares ESG Aware 60/40 Balanced Allocation ETF,Z,Y
EAPR,Innovator Emerging Markets Power Buffer ETF April,P,Y
EARN,Ellington Credit Company Common Shares of Beneficial Interest,N,N
EASG,Xtrackers MSCI EAFE Selection Equity ETF,P,Y
EASY,Liberty One Defensive Dividend Growth ETF,NASDAQ,Y
EAT,"Brinker International, Inc. Common Stock",N,N
EATZ,AdvisorShares Restaurant ETF,P,Y
EB,"Eventbrite, Inc. Class A Common Stock",N,N
EBAY,eBay Inc. - Common Stock,NASDAQ,N
EBC,"Eastern Bankshares, Inc. - Common Stock",NASDAQ,N
EBF,"Ennis, Inc. Common Stock",N,N
EBI,Longview Advantage ETF,NASDAQ,Y
EBIT,Harbor AlphaEdge Small Cap Earners ETF,P,Y
EBIZ,Global X E-commerce ETF,NASDAQ,Y
EBMT,"Eagle Bancorp Montana, Inc. - Common Stock",NASDAQ,N
EBND,SPDR Bloomberg Emerging Markets Local Bond ETF,P,Y
EBON,Ebang International Holdings Inc. - Class A Ordinary Shares,NASDAQ,N
EBS,Emergent BioSolutions Inc. Common Stock,N,N
EBUF,Innovator Emerging Markets 10 Buffer ETF - Quarterly,P,Y
EC,Ecopetrol S.A. American Depositary Shares,N,N
ECAT,BlackRock ESG Capital Allocation Term Trust Common Shares of Beneficial Interest,N,N
ECBK,"ECB Bancorp, Inc. - Common Stock",NASDAQ,N
ECC,Eagle Point Credit Company Inc. Common Stock,N,N
ECC$D,Eagle Point Credit Company Inc. 6.75% Series D Preferred Stock,N,N
ECCC,Eagle Point Credit Company Inc. 6.50% Series C Term Preferred Stock due 2031,N,N
ECCF,Eagle Point Credit Company Inc. 8.00% Series F Term Preferred Stock due 2029,N,N
ECCU,Eagle Point Credit Company Inc. 7.75% Notes due 2030,N,N
ECCV,Eagle Point Credit Company Inc. 5.375% Notes due 2029,N,N
ECCW,Eagle Point Credit Company Inc. 6.75% Notes due 2031,N,N
ECCX,Eagle Point Credit Company Inc. 6.6875% Notes due 2028,N,N
ECDA,"ECD Automotive Design, Inc. - Common Stock",NASDAQ,N
ECDAW,"ECD Automotive Design, Inc. - Warrant",NASDAQ,N
ECF,Ellsworth Growth and Income Fund Ltd.,A,N
ECF$A,Ellsworth Growth and Income Fund Ltd. 5.25% Series A Cumulative Preferred Shares (Liquidation Preference $25.00 per share),A,N
ECG,"Everus Construction Group, Inc. Common Stock",N,N
ECH,iShares MSCI Chile ETF,Z,Y
ECL,Ecolab Inc. Common Stock,N,N
ECML,Euclidean Fundamental Value ETF,P,Y
ECNS,iShares MSCI China Small-Cap ETF,P,Y
ECO,Okeanis Eco Tankers Corp. Common Stock,N,N
ECON,Columbia Research Enhanced Emerging Economies ETF,P,Y
ECOR,"electroCore, Inc. - Common Stock",NASDAQ,N
ECOW,Pacer Emerging Markets Cash Cows 100 ETF,NASDAQ,Y
ECPG,Encore Capital Group Inc - Common Stock,NASDAQ,N
ECVT,Ecovyst Inc. Common Stock,N,N
ECX,ECARX Holdings Inc. - Class A Ordinary shares,NASDAQ,N
ECXWW,ECARX Holdings Inc. - Warrants,NASDAQ,N
ED,"Consolidated Edison, Inc. Common Stock",N,N
EDAP,"EDAP TMS S.A. - American Depositary Shares, each representing One Ordinary Share",NASDAQ,N
EDBL,Edible Garden AG Incorporated - Common Stock,NASDAQ,N
EDBLW,Edible Garden AG Incorporated - Warrant,NASDAQ,N
EDC,Direxion Emerging Markets Bull 3X Shares,P,Y
EDD,"Morgan Stanley Emerging Markets Domestic Debt Fund, Inc. Common Stock",N,N
EDEN,iShares MSCI Denmark ETF,Z,Y
EDF,Virtus Stone Harbor Emerging Markets Income Fund Common Shares of Beneficial Interest,N,N
EDGE,MRBL Enhanced Equity ETF,Z,Y
EDGF,3EDGE Dynamic Fixed Income ETF,P,Y
EDGH,3EDGE Dynamic Hard Assets ETF,P,Y
EDGI,3EDGE Dynamic International Equity ETF,P,Y
EDGU,3EDGE Dynamic US Equity ETF,P,Y
EDHL,Everbright Digital Holding Limited - Ordinary Shares,NASDAQ,N
EDIT,"Editas Medicine, Inc. - Common Stock",NASDAQ,N
EDIV,SPDR S&P Emerging Markets Dividend ETF,P,Y
EDN,Empresa Distribuidora Y Comercializadora Norte S.A. (Edenor) American Depositary Shares,N,N
EDOG,ALPS Emerging Sector Dividend Dogs ETF,P,Y
EDOW,First Trust Dow 30 Equal Weight ETF,P,Y
EDRY,EuroDry Ltd. - Common Shares,NASDAQ,N
EDSA,"Edesa Biotech, Inc. - Common Shares",NASDAQ,N
EDTK,Skillful Craftsman Education Technology Limited - Ordinary Share,NASDAQ,N
EDU,"New Oriental Education & Technology Group, Inc. Sponsored ADR representing 10 Ordinary Share (Cayman Islands)",N,N
EDUC,Educational Development Corporation - Common Stock,NASDAQ,N
EDV,Vanguard Extended Duration Treasury ETF,P,Y
EDZ,Direxion Emerging Markets Bear 3X Shares,P,Y
EE,"Excelerate Energy, Inc. Class A Common Stock",N,N
EEA,"The European Equity Fund, Inc. Common Stock",N,N
EEFT,"Euronet Worldwide, Inc. - Common Stock",NASDAQ,N
EEIQ,EpicQuest Education Group International Limited - Common Stock,NASDAQ,N
EELV,Invesco S&P Emerging Markets Low Volatility ETF,P,Y
EEM,iShares MSCI Emerging Index Fund,P,Y
EEMA,iShares MSCI Emerging Markets Asia ETF,NASDAQ,Y
EEMO,Invesco S&P Emerging Markets Momentum ETF,P,Y
EEMS,iShares MSCI Emerging Markets Small Cap ETF,P,Y
EEMV,iShares MSCI Emerging Markets Min Vol Factor ETF,Z,Y
EEMX,SPDR MSCI Emerging Markets Fuel Reserves Free ETF,P,Y
EES,WisdomTree U.S. SmallCap Fund,P,Y
EET,ProShares Ultra MSCI Emerging Markets,P,Y
EETH,ProShares Ether ETF,P,Y
EEV,ProShares UltraShort MSCI Emerging Markets,P,Y
EEX,"Emerald Holding, Inc. Common Stock",N,N
EFA,iShares MSCI EAFE ETF,P,Y
EFAA,Invesco MSCI EAFE Income Advantage ETF,P,Y
EFAD,ProShares MSCI EAFE Dividend Growers ETF,Z,Y
EFAS,Global X MSCI SuperDividend EAFE ETF,NASDAQ,Y
EFAV,iShares MSCI EAFE Min Vol Factor ETF,Z,Y
EFAX,SPDR MSCI EAFE Fossil Fuel Reserves Free ETF,P,Y
EFC,Ellington Financial Inc. Common Stock,N,N
EFC$A,Ellington Financial Inc. 6.750% Series A Fixed-to-Floating Rate Cumulative Redeemable Preferred Stock,N,N
EFC$B,Ellington Financial Inc. 6.250% Series B Fixed-Rate Reset Cumulative Redeemable Preferred Stock,N,N
EFC$C,Ellington Financial Inc. 8.625% Series C Fixed-Rate Reset Cumulative Redeemable Preferred Stock,N,N
EFC$D,Ellington Financial Inc. 7.00% Series D Cumulative Perpetual Redeemable Preferred Stock,N,N
EFFE,Harbor Osmosis Emerging Markets Resource Efficient ETF,P,Y
EFFI,Harbor Osmosis International Resource Efficient ETF,P,Y
EFG,iShares MSCI EAFE Growth ETF,Z,Y
EFIV,State Street SPDR S&P 500 ESG ETF,P,Y
EFNL,iShares MSCI Finland ETF,Z,Y
EFO,ProShares Ultra MSCI EAFE,P,Y
EFOI,"Energy Focus, Inc. - Common Stock",NASDAQ,N
EFR,Eaton Vance Senior Floating-Rate Fund Common Shares of Beneficial Interest,N,N
EFRA,iShares Environmental Infrastructure and Industrials ETF,NASDAQ,Y
EFSC,Enterprise Financial Services Corporation - Common Stock,NASDAQ,N
EFSCP,"Enterprise Financial Services Corporation - Depositary Shares Each Representing a 1/40th Interest in a Share of 5% Fixed Rate Non-Cumulative Perpetual Preferred Stock, Series A",NASDAQ,N
EFSI,Eagle Financial Services Inc - Common Stock,NASDAQ,N
EFT,Eaton Vance Floating Rate Income Trust Common Shares of Beneficial Interest,N,N
EFTY,"Etoiles Capital Group Co., Ltd. - Class A Ordinary Shares",NASDAQ,N
EFU,ProShares UltraShort MSCI EAFE,P,Y
EFV,iShares MSCI EAFE Value ETF,Z,Y
EFX,"Equifax, Inc. Common Stock",N,N
EFXT,Enerflex Ltd Common Shares,N,N
EFZ,ProShares Short MSCI EAFE,P,Y
EG,"Everest Group, Ltd. Common Stock",N,N
EGAN,eGain Corporation - Common Stock,NASDAQ,N
EGBN,"Eagle Bancorp, Inc. - Common Stock",NASDAQ,N
EGG,Enigmatig Limited Class A Ordinary Shares,A,N
EGGQ,NestYield Visionary ETF,NASDAQ,Y
EGGS,NestYield Total Return Guard ETF,P,Y
EGGY,NestYield Dynamic Income ETF,P,Y
EGHA,EGH Acquisition Corp. - Class A ordinary shares,NASDAQ,N
EGHAR,EGH Acquisition Corp. - rights,NASDAQ,N
EGHAU,EGH Acquisition Corp. - Unit,NASDAQ,N
EGHT,8x8 Inc - Common stock,NASDAQ,N
EGLE,Global X S&P 500 U.S. Revenue Leaders ETF,P,Y
EGO,Eldorado Gold Corporation Ordinary Shares,N,N
EGP,"EastGroup Properties, Inc. Common Stock",N,N
EGUS,iShares ESG Aware MSCI USA Growth ETF,Z,Y
EGY,"VAALCO Energy, Inc.  Common Stock",N,N
EH,EHang Holdings Limited - ADS,NASDAQ,N
EHAB,"Enhabit, Inc. Common Stock",N,N
EHC,Encompass Health Corporation Common Stock,N,N
EHGO,Eshallgo Inc. - Class A Ordinary Shares,NASDAQ,N
EHI,Western Asset Global High Income Fund Inc Common Stock,N,N
EHLD,Euroholdings Ltd. - Common Stock,NASDAQ,N
EHLS,Even Herd Long Short ETF,NASDAQ,Y
EHTH,"eHealth, Inc. - Common Stock",NASDAQ,N
EHY,Amplify Ethereum Max Income Covered Call ETF,Z,Y
EIC,Eagle Point Income Company Inc. Common Stock,N,N
EICA,Eagle Point Income Company Inc. 5.00% Series A Term Preferred Stock due 2026,N,N
EICC,Eagle Point Income Company Inc. 8.00% Series C Term Preferred Stock due 2029,N,N
EIDO,iShares MSCI Indonesia ETF,P,Y
EIG,Employers Holdings Inc Common Stock,N,N
EIIA,Eagle Point Institutional Income Fund 8.125% Series A Term Preferred Shares Due 2029,N,N
EIM,"Eaton Vance Municipal Bond Fund Common Shares of Beneficial Interest, $.01 par value",A,N
EINC,VanEck Energy Income ETF,P,Y
EIPI,FT Energy Income Partners Enhanced Income ETF,P,Y
EIPX,FT Energy Income Partners Strategy ETF,P,Y
EIRL,iShares MSCI Ireland ETF,P,Y
EIS,iShares MSCI Israel ETF,P,Y
EIX,Edison International Common Stock,N,N
EJAN,Innovator Emerging Markets Power Buffer ETF January,P,Y
EJH,E-Home Household Service Holdings Limited - Ordinary shares,NASDAQ,N
EJUL,Innovator Emerging Markets Power Buffer ETF July,P,Y
EKG,First Trust Nasdaq Lux Digital Health Solutions ETF,NASDAQ,Y
EKSO,"Ekso Bionics Holdings, Inc. - Common Stock",NASDAQ,N
EL,"Estee Lauder Companies, Inc. (The) Common Stock",N,N
ELA,Envela Corporation Common Stock,A,N
ELAB,PMGC Holdings Inc. - Common Stock,NASDAQ,N
ELAN,Elanco Animal Health Incorporated Common Stock,N,N
ELBM,Electra Battery Materials Corporation - Common Stock,NASDAQ,N
ELC,"Entergy Louisiana, Inc. Collateral Trust Mortgage Bonds, 4.875 % Series due September 1, 2066",N,N
ELCV,Strategy Shares Eventide High Dividend ETF,P,Y
ELD,WisdomTree Emerging Markets Local Debt Fund,P,Y
ELDN,"Eledon Pharmaceuticals, Inc. - Common Stock",NASDAQ,N
ELE,Elemental Royalty Corporation - Common Stock,NASDAQ,N
ELF,"e.l.f. Beauty, Inc. Common Stock",N,N
ELFY,ALPS Electrification Infrastructure ETF,NASDAQ,Y
ELIL,Direxion Daily LLY Bull 2X Shares,NASDAQ,Y
ELIS,Direxion Daily LLY Bear 1X Shares,NASDAQ,Y
ELLO,Ellomay Capital Ltd Ordinary Shares (Israel),A,N
ELM,Elm Market Navigator ETF,P,Y
ELMD,"Electromed, Inc. Common Stock",A,N
ELME,Elme Communities Common Stock,N,N
ELOG,Eastern International Ltd. - Ordinary Shares,NASDAQ,N
ELPC,Companhia Paranaense de Energia (COPEL) American Depositary Shares (each representing four (4) Common Shares),N,N
ELPW,Elong Power Holding Limited - Class A Ordinary Shares,NASDAQ,N
ELS,"Equity Lifestyle Properties, Inc. Common Stock",N,N
ELSE,"Electro-Sensors, Inc. - Common Stock",NASDAQ,N
ELTK,Eltek Ltd. - Ordinary Shares,NASDAQ,N
ELTX,"Elicio Therapeutics, Inc. - Common Stock",NASDAQ,N
ELUT,"Elutia, Inc. - Class A Common Stock",NASDAQ,N
ELV,"Elevance Health, Inc. Common Stock",N,N
ELVA,Electrovaya Inc. - Common Shares,NASDAQ,N
ELVN,"Enliven Therapeutics, Inc.  - Common Stock",NASDAQ,N
ELVR,Elevra Lithium Limited - American Depository Shares,NASDAQ,N
ELWS,"Earlyworks Co., Ltd. - American Depositary Shares",NASDAQ,N
ELWT,"Elauwit Connection, Inc. - Common Stock",NASDAQ,N
EM,Smart Share Global Limited - American Depositary Shares,NASDAQ,N
EMA,Emera Incorporated Common Shares,N,N
EMAT,Evolution Metals & Technologies Corp. - Common Stock,NASDAQ,N
EMB,iShares J.P. Morgan USD Emerging Markets Bond ETF,NASDAQ,Y
EMBC,Embecta Corp. - Common Stock,NASDAQ,N
EMBD,Global X Emerging Markets Bond ETF,P,Y
EMBJ,Embraer S.A. Common Stock,N,N
EMBX,VanEck Emerging Markets Bond ETF,P,Y
EMC,Global X Emerging Markets Great Consumer ETF,P,Y
EMCB,WisdomTree Emerging Markets Corporate Bond Fund,NASDAQ,Y
EMCR,Xtrackers Emerging Markets Carbon Reduction and Climate Improvers ETF,P,Y
EMCS,Xtrackers MSCI Emerging Markets Climate Selection ETF,P,Y
EMD,Western Asset Emerging Markets Debt Fund Inc Common Stock,N,N
EMDM,First Trust Bloomberg Emerging Market Democracies ETF,P,Y
EMDV,ProShares MSCI Emerging Markets Dividend Growers ETF,Z,Y
EME,"EMCOR Group, Inc. Common Stock",N,N
EMEQ,Nomura Focused Emerging Markets Equity ETF,NASDAQ,Y
EMES,Harbor Emerging Markets Select ETF,P,Y
EMF,Templeton Emerging Markets Fund Common Stock,N,N
EMGF,iShares Emerging Markets Equity Factor ETF,Z,Y
EMHC,State Street SPDR Bloomberg Emerging Markets USD Bond ETF,P,Y
EMHY,iShares J.P. Morgan EM High Yield Bond ETF,Z,Y
EMIF,iShares Emerging Markets Infrastructure ETF,NASDAQ,Y
EMIS,Emmis Acquisition Corp. - Class A Ordinary Share,NASDAQ,N
EMISR,Emmis Acquisition Corp. - Rights,NASDAQ,N
EMKT,Lazard Emerging Markets Opportunities ETF,P,Y
EML,Eastern Company (The) - Common Stock,NASDAQ,N
EMLC,VanEck J. P. Morgan EM Local Currency Bond ET,P,Y
EMLP,First Trust North American Energy Infrastructure Fund,P,Y
EMM,Global X Emerging Markets ex-China ETF,P,Y
EMMF,WisdomTree Emerging Markets Multifactor Fund,P,Y
EMN,Eastman Chemical Company Common Stock,N,N
EMNT,PIMCO Enhanced Short Maturity Active ESG Exchange-Traded Fund,P,Y
EMO,ClearBridge Energy Midstream Opportunity Fund Inc. Common Stock,N,N
EMOP,AB Emerging Markets Opportunities ETF,P,Y
EMOT,First Trust S&P 500 Economic Moat ETF,P,Y
EMP,"Entergy Mississippi, LLC First Mortgage Bonds, 4.90% Series Due October 1, 2066",N,N
EMPB,Efficient Market Portfolio Plus ETF,P,Y
EMPD,Empery Digital Inc. - Common stock,NASDAQ,N
EMPG,Empro Group Inc. - Ordinary shares,NASDAQ,N
EMQQ,EMQQ The Emerging Markets Internet ETF,P,Y
EMR,Emerson Electric Company Common Stock,N,N
EMSF,Matthews Emerging Markets Sustainable Future Active ETF,P,Y
EMTL,State Street DoubleLine Emerging Markets Fixed Income ETF,Z,Y
EMTY,ProShares Decline of the Retail Store ETF,P,Y
EMXC,iShares MSCI Emerging Markets ex China ETF,NASDAQ,Y
EMXF,iShares ESG Advanced MSCI EM ETF,NASDAQ,Y
ENB,Enbridge Inc Common Stock,N,N
ENDW,Cambria Endowment Style ETF,NASDAQ,Y
ENFR,Alerian Energy Infrastructure ETF,P,Y
ENGN,enGene Holdings Inc. - Common Stock,NASDAQ,N
ENGNW,enGene Holdings Inc. - Warrants,NASDAQ,N
ENGS,Energys Group Limited - Ordinary Shares,NASDAQ,N
ENHU,iShares Enhanced Large Cap Core Active ETF,NASDAQ,Y
ENIC,Enel Chile S.A. American Depositary Shares (Each representing 50 shares of Common Stock),N,N
ENJ,"Entergy New Orleans, LLC First Mortgage Bonds, 5.0% Series due December 1, 2052",N,N
ENLT,Enlight Renewable Energy Ltd. - Ordinary Shares,NASDAQ,N
ENLV,Enlivex Therapeutics Ltd. - Ordinary Shares,NASDAQ,N
ENO,"Entergy New Orleans, LLC First Mortgage Bonds, 5.50% Series due April 1, 2066",N,N
ENOR,iShares MSCI Norway ETF,Z,Y
ENOV,Enovis Corporation Common Stock,N,N
ENPH,"Enphase Energy, Inc. - Common Stock",NASDAQ,N
ENPX,Tradr 2X Long ENPH Daily ETF,Z,Y
ENR,"Energizer Holdings, Inc. Common Stock",N,N
ENS,EnerSys Common Stock,N,N
ENSC,"Ensysce Biosciences, Inc. - Common Stock",NASDAQ,N
ENSG,"The Ensign Group, Inc. - Common Stock",NASDAQ,N
ENTA,"Enanta Pharmaceuticals, Inc. - Common Stock",NASDAQ,N
ENTG,"Entegris, Inc. - Common Stock",NASDAQ,N
ENTX,Entera Bio Ltd. - Ordinary Shares,NASDAQ,N
ENVA,"Enova International, Inc. Common Stock",N,N
ENVB,"Enveric Biosciences, Inc.  - Common Stock",NASDAQ,N
ENVX,Enovix Corporation - Common Stock,NASDAQ,N
ENZL,iShares MSCI New Zealand ETF,NASDAQ,Y
EOCT,Innovator Emerging Markets Power Buffer ETF - October,P,Y
EOD,Allspring Global Dividend Opportunity Fund Common Shares of Beneficial Interest,N,N
EOG,"EOG Resources, Inc. Common Stock",N,N
EOI,Eaton Vance Enhance Equity Income Fund Eaton Vance Enhanced Equity Income Fund Shares of Beneficial Interest,N,N
EOLS,"Evolus, Inc. - Common Stock",NASDAQ,N
EONR,EON Resources Inc. Class A Common Stock,A,N
EONR.W,"EON Resources Inc. Warrants, each whole warrant exercisable for three quarters of one share of Class A Common Stock at an exercise price of $11.50 per whole share",A,N
EOS,Eaton Vance Enhance Equity Income Fund II Common Stock,N,N
EOSE,"Eos Energy Enterprises, Inc. - Common Stock",NASDAQ,N
EOT,Eaton Vance Municipal Income Trust EATON VANCE NATIONAL MUNICIPAL OPPORTUNITIES TRUST,N,N
EP,Empire Petroleum Corporation Common Stock,A,N
EP$C,El Paso Corporation Preferred Stock,N,N
EPAC,Enerpac Tool Group Corp. Common Stock,N,N
EPAI,Harbor AI Inflection Strategy ETF,P,Y
EPAM,"EPAM Systems, Inc. Common Stock",N,N
EPC,Edgewell Personal Care Company Common Stock,N,N
EPD,Enterprise Products Partners L.P. Common Stock,N,N
EPEM,Harbor Emerging Markets Equity ETF,P,Y
EPHE,iShares MSCI Philippines ETF,P,Y
EPI,WisdomTree India Earnings Fund,P,Y
EPIN,Harbor International Equity ETF,P,Y
EPM,"Evolution Petroleum Corporation, Inc. Common Stock",A,N
EPMB,Harbor Mid Cap Core ETF,P,Y
EPMV,Harbor Mid Cap Value ETF,P,Y
EPOL,iShares MSCI Poland ETF,P,Y
EPOW,"Sunrise New Energy Co., Ltd - Class A Ordinary Shares",NASDAQ,N
EPP,iShares MSCI Pacific Ex-Japan Index Fund,P,Y
EPR,EPR Properties Common Stock,N,N
EPR$C,EPR Properties 5.75% Series C Cumulative Convertible Preferred Shares,N,N
EPR$E,EPR Properties Series E Cumulative Conv Pfd Shs Ser E,N,N
EPR$G,EPR Properties 5.750% Series G Cumulative Redeemable Preferred Shares,N,N
EPRF,Innovator S&P Investment Grade Preferred ETF,Z,Y
EPRT,"Essential Properties Realty Trust, Inc. Common Stock",N,N
EPRX,Eupraxia Pharmaceuticals Inc. - Common Stock,NASDAQ,N
EPS,WisdomTree U.S. LargeCap Fund,P,Y
EPSB,Harbor SMID Cap Core ETF,P,Y
EPSM,Epsium Enterprise Limited - Class A Ordinary Shares,NASDAQ,N
EPSN,Epsilon Energy Ltd. - Common Shares,NASDAQ,N
EPSV,Harbor SMID Cap Value ETF,P,Y
EPU,iShares MSCI Peru and Global Exposure ETF,P,Y
EPV,ProShares UltraShort FTSE Europe ETF,P,Y
EQ,"Equillium, Inc. - Common Stock",NASDAQ,N
EQAL,Invesco Russell 1000 Equal Weight ETF,P,Y
EQBK,"Equity Bancshares, Inc. Class A Common Stock",N,N
EQH,"Equitable Holdings, Inc. Common Stock",N,N
EQH$A,"Equitable Holdings, Inc. Depositary Shares",N,N
EQH$C,"Equitable Holdings, Inc. Depositary Shares, each representing a 1/1,000th interest in a share of Fixed Rate Noncumulative Perpetual Preferred Stock, Series C",N,N
EQIN,Columbia U.S. Equity Income ETF,P,Y
EQIX,"Equinix, Inc. - Common Stock",NASDAQ,N
EQL,ALPS Equal Sector Weight ETF,P,Y
EQLT,iShares MSCI Emerging Markets Quality Factor ETF,Z,Y
EQNR,Equinor ASA,N,N
EQR,Equity Residential Common Shares of Beneficial Interest,N,N
EQRR,ProShares Equities for Rising Rates ETF,NASDAQ,Y
EQS,"Equus Total Return, Inc. Common Stock",N,N
EQT,EQT Corporation Common Stock,N,N
EQTY,Kovitz Core Equity ETF,P,Y
EQWL,Invesco S&P 100 Equal Weight ETF,P,Y
EQX,Equinox Gold Corp. Common Shares,A,N
ERAS,"Erasca, Inc. - Common Stock",NASDAQ,N
ERC,Allspring Multi-Sector Income Fund Common Stock,A,N
ERET,iShares Environmentally Aware Real Estate ETF,NASDAQ,Y
ERH,Allspring Utilities and High Income Fund Common Shares,A,N
ERIC,Ericsson - American Depositary Shares each representing 1 underlying Class B share,NASDAQ,N
ERIE,Erie Indemnity Company - Class A Common Stock,NASDAQ,N
ERII,"Energy Recovery, Inc. - Common Stock",NASDAQ,N
ERNA,Ernexa Therapeutics Inc. - Common Stock,NASDAQ,N
ERNZ,TrueShares Active Yield ETF,NASDAQ,Y
ERO,Ero Copper Corp. Common Shares,N,N
ERTH,Invesco MSCI Sustainable Future ETF,P,Y
ERX,Direxion Energy Bull 2X Shares,P,Y
ERY,Direxion Daily Energy Bear 2X Shares,P,Y
ES,Eversource Energy (D/B/A) Common Stock,N,N
ESAB,ESAB Corporation Common Stock,N,N
ESBA,"Empire State Realty OP, L.P. Series ES Operating Partnership Units Representing Limited Partnership Interests",P,N
ESBG,"First Trust Enhanced Stocks, Bonds & Gold ETF",P,Y
ESCA,"Escalade, Incorporated - Common Stock",NASDAQ,N
ESE,ESCO Technologies Inc. Common Stock,N,N
ESEA,Euroseas Ltd. - Common Stock,NASDAQ,N
ESG,FlexShares STOXX US ESG Select Index Fund,Z,Y
ESGD,iShares ESG Aware MSCI EAFE ETF,NASDAQ,Y
ESGE,iShares ESG Aware MSCI EM ETF,NASDAQ,Y
ESGG,FlexShares STOXX Global ESG Select Index Fund,Z,Y
ESGL,ESGL Holdings Limited - Class A Ordinary Shares,NASDAQ,N
ESGLW,ESGL Holdings Limited - Warrants,NASDAQ,N
ESGU,iShares ESG Aware MSCI USA ETF,NASDAQ,Y
ESGV,Vanguard ESG U.S. Stock ETF,Z,Y
ESHA,ESH Acquisition Corp. - Class A Common Stock,NASDAQ,N
ESHAR,ESH Acquisition Corp. - Right,NASDAQ,N
ESI,Element Solutions Inc. Common Stock,N,N
ESIM,Eventide International ETF,P,Y
ESIX,State Street SPDR S&P SmallCap 600 ESG ETF,P,Y
ESK,REX-Osprey ETH + Staking ETF,Z,Y
ESLA,"Estrella Immunopharma, Inc. - Common Stock",NASDAQ,N
ESLAW,"Estrella Immunopharma, Inc. - Warrant",NASDAQ,N
ESLG,Eventide Large Cap Growth ETF,P,Y
ESLT,Elbit Systems Ltd. - Ordinary Shares,NASDAQ,N
ESLV,Eventide Large Cap Value ETF,P,Y
ESML,iShares ESG Aware MSCI USA Small-Cap ETF,Z,Y
ESMV,iShares ESG Optimized MSCI USA Min Vol Factor ETF,NASDAQ,Y
ESN,Essential 40 Stock ETF,NASDAQ,Y
ESNT,Essent Group Ltd. Common Shares,N,N
ESOA,Energy Services of America Corporation - Common Stock,NASDAQ,N
ESP,Espey Mfg. & Electronics Corp. Common Stock,A,N
ESPO,VanEck Video Gaming and eSports ETF,NASDAQ,Y
ESPR,"Esperion Therapeutics, Inc. - Common Stock",NASDAQ,N
ESQ,"Esquire Financial Holdings, Inc. - Common Stock",NASDAQ,N
ESRT,"Empire State Realty Trust, Inc. Class A Common Stock",N,N
ESS,"Essex Property Trust, Inc. Common Stock",N,N
ESSC,Eventide Small Cap ETF,P,Y
ESTA,Establishment Labs Holdings Inc. - Common Shares,NASDAQ,N
ESTC,Elastic N.V. Ordinary Shares,N,N
ESUM,Eventide US Market ETF,P,Y
ET,Energy Transfer LP Common Units,N,N
ET$I,Energy Transfer L.P. Series I Fixed Rate Perpetual Preferred Units,N,N
ETB,Eaton Vance Tax-Managed Buy-Write Income Fund Eaton Vance Tax-Managed Buy-Write Income Fund Common Shares of Beneficial Interest,N,N
ETCO,Grayscale Ethereum Covered Call ETF,P,Y
ETD,Ethan Allen Interiors Inc. Common Stock,N,N
ETEC,iShares Breakthrough Environmental Solutions ETF,NASDAQ,Y
ETFT,Fundsmith Equity ETF,P,Y
ETG,Eaton Vance Tax-Advantaged Global Dividend Income Fund Common Shares of Beneficial Interest,N,N
ETH,Grayscale Ethereum Staking Mini ETF Shares,P,Y
ETHA,iShares Ethereum Trust ETF,NASDAQ,Y
ETHD,ProShares UltraShort Ether ETF,P,Y
ETHE,Grayscale Ethereum Staking ETF Shares,P,Y
ETHI,Defiance Leveraged Long Income Ethereum ETF,NASDAQ,Y
ETHM,Dynamix Corporation - Class A Ordinary Share,NASDAQ,N
ETHMU,Dynamix Corporation - Unit,NASDAQ,N
ETHMW,Dynamix Corporation - Warrant,NASDAQ,N
ETHO,Amplify Etho Climate Leadership U.S. ETF,P,Y
ETHT,ProShares Ultra Ether ETF,P,Y
ETHU,2x Ether ETF,Z,Y
ETHV,VanEck Ethereum ETF VanEck Ethereum ETF,Z,Y
ETHW,Bitwise Ethereum ETF,P,Y
ETHZ,ETHZilla Corporation - Common Stock,NASDAQ,N
ETI$,"Entergy Texas Inc 5.375% Series A Preferred Stock, Cumulative, No Par Value",N,N
ETJ,Eaton Vance Risk-Managed Diversified Equity Income Fund Common Shares of Beneficial Interest,N,N
ETN,"Eaton Corporation, PLC Ordinary Shares",N,N
ETO,Eaton Vance Tax-Advantage Global Dividend Opp Common Stock,N,N
ETON,"Eton Pharmaceuticals, Inc. - Common Stock",NASDAQ,N
ETOR,eToro Group Ltd. - Class A Common Shares,NASDAQ,N
ETQ,T-Rex 2X Inverse Ether Daily Target ETF,Z,Y
ETR,Entergy Corporation Common Stock,N,N
ETRL,GraniteShares 2x Long ETOR Daily ETF,NASDAQ,Y
ETS,Elite Express Holding Inc. - Class A Common Stock,NASDAQ,N
ETSY,"Etsy, Inc. Common Stock",N,N
ETTY,Amplify Ethereum 3% Monthly Option Income ETF,Z,Y
ETU,T-Rex 2X Long Ether Daily Target ETF,Z,Y
ETV,Eaton Vance Corporation Eaton Vance Tax-Managed Buy-Write Opportunities Fund Common Shares of Beneficial Interest,N,N
ETW,Eaton Vance Corporation Eaton Vance Tax-Managed Global Buy-Write Opportunites Fund Common Shares of Beneficial Interest,N,N
ETX,Eaton Vance Municipal Income 2028 Term Trust Common Shares of Beneficial Interest,N,N
ETY,"Eaton Vance Tax-Managed Diversified Equity Income Fund Common Shares of Beneficial Interest,",N,N
EU,enCore Energy Corp. - Common Stock,NASDAQ,N
EUAD,Select STOXX Europe Aerospace & Defense ETF,Z,Y
EUDA,Euda Health Holdings Limited - Ordinary Shares,NASDAQ,N
EUDAW,Euda Health Holdings Limited - Warrant,NASDAQ,N
EUDG,WisdomTree Europe Quality Dividend Growth Fund,P,Y
EUDV,ProShares MSCI Europe Dividend Growers ETF,Z,Y
EUFN,iShares MSCI Europe Financials ETF,NASDAQ,Y
EUHY,iShares Euro High Yield Corporate Bond USD Hedged ETF,Z,Y
EUIG,iShares Euro Investment Grade Corporate Bond USD Hedged ETF,Z,Y
EUM,ProShares Short MSCI Emerging Markets,P,Y
EUO,ProShares UltraShort Euro,P,Y
EURK,Eureka Acquisition Corp - Class A Ordinary Share,NASDAQ,N
EURKR,Eureka Acquisition Corp - Right,NASDAQ,N
EURKU,Eureka Acquisition Corp - Unit,NASDAQ,N
EURL,Direxion Daily FTSE Europe Bull 3X Shares,P,Y
EUSA,iShares MSCI USA Equal Weighted ETF,P,Y
EUSB,iShares ESG Advanced Universal USD Bond ETF,P,Y
EVAC,EQV Ventures Acquisition Corp. II Class A Ordinary Shares,N,N
EVAC.U,"EQV Ventures Acquisition Corp. II Units, each unit consists of one Class A ordinary share and one-third of one redeemable warrant",N,N
EVAC.W,"EQV Ventures Acquisition Corp. II Redeemable Warrants, each whole warrant exercisable for one Class A ordinary share at an exercise price of $11.50 per share",N,N
EVAX,Evaxion A/S - American Depositary Share,NASDAQ,N
EVC,Entravision Communications Corporation Common Stock,N,N
EVCM,EverCommerce Inc. - Common Stock,NASDAQ,N
EVER,"EverQuote, Inc. - Class A Common Stock",NASDAQ,N
EVEX,"Eve Holding, Inc. Common Stock",N,N
EVEX.W,"Eve Holding, Inc. Warrants, each exercisable for one share of Common Stock at an exercise price of $11.50 per share",N,N
EVF,Eaton Vance Senior Income Trust Common Stock,N,N
EVG,Eaton Vance Short Diversified Income Fund Eaton Vance Short Duration Diversified Income Fund Common Shares of Beneficial Interest,N,N
EVGN,Evogene Ltd. - Ordinary Shares,NASDAQ,N
EVGO,EVgo Inc. - Common Stock,NASDAQ,N
EVGOW,"EVgo Inc. - Warrants, each whole warrant exercisable for one share of Class A Common Stock at an exercise price of $11.50",NASDAQ,N
EVH,"Evolent Health, Inc Class A Common Stock",N,N
EVHY,Eaton Vance High Yield ETF,P,Y
EVI,"EVI Industries, Inc.  Common Stock",A,N
EVIM,Eaton Vance Intermediate Municipal Income ETF,P,Y
EVLN,Eaton Vance Floating-Rate ETF,P,Y
EVLU,iShares MSCI Emerging Markets Value Factor ETF,Z,Y
EVLV,"Evolv Technologies Holdings, Inc. - Class A Common Stock",NASDAQ,N
EVLVW,"Evolv Technologies Holdings, Inc. - Warrant",NASDAQ,N
EVMN,"Evommune, Inc. Common Stock",N,N
EVMO,Eaton Vance Mortgage Opportunities ETF,P,Y
EVMT,Invesco Electric Vehicle Metals Commodity Strategy No K-1 ETF,NASDAQ,Y
EVN,Eaton Vance Municipal Income Trust Common Stock,N,N
EVNT,AltShares Event-Driven ETF,P,Y
EVO,Evotec SE - American Depositary Shares each representing 1/2 of one ordinary share,NASDAQ,N
EVOX,Evolution Global Acquisition Corp - Class A Ordinary Shares,NASDAQ,N
EVOXU,Evolution Global Acquisition Corp - Units,NASDAQ,N
EVOXW,Evolution Global Acquisition Corp - Warrants,NASDAQ,N
EVR,Evercore Inc. Class A Common Stock,N,N
EVRG,"Evergy, Inc. - Common Stock",NASDAQ,N
EVSB,Eaton Vance Ultra-Short Income ETF,P,Y
EVSD,Eaton Vance Short Duration Income ETF,NASDAQ,Y
EVSM,Eaton Vance Short Duration Municipal Income ETF,P,Y
EVT,Eaton Vance Tax Advantaged Dividend Income Fund Common Shares of Beneficial Interest,N,N
EVTC,"Evertec, Inc. Common Stock",N,N
EVTL,Vertical Aerospace Ltd. Ordinary Shares,N,N
EVTR,Eaton Vance Total Return Bond ETF,N,Y
EVTV,"Envirotech Vehicles, Inc. - Common stock",NASDAQ,N
EVUS,iShares ESG Aware MSCI USA Value ETF,Z,Y
EVV,Eaton Vance Limited Duration Income Fund Common Shares of Beneficial Interest,A,N
EVX,VanEck Environmental Services ETF,P,Y
EVYM,Eaton Vance High Income Municipal ETF,NASDAQ,Y
EW,Edwards Lifesciences Corporation Common Stock,N,N
EWA,iShares MSCI Australia Index Fund,P,Y
EWBC,"East West Bancorp, Inc. - Common Stock",NASDAQ,N
EWC,iShares MSCI Canada Index Fund,P,Y
EWCZ,"European Wax Center, Inc. - Class A Common Stock",NASDAQ,N
EWD,iShares MSCI Sweden ETF,P,Y
EWG,iShares MSCI Germany Index Fund,P,Y
EWH,iShares MSCI Hong Kong Index Fund,P,Y
EWI,iShares MSCI Italy ETF,P,Y
EWJ,iShares MSCI Japan Index Fund,P,Y
EWJV,iShares MSCI Japan Value ETF,NASDAQ,Y
EWK,iShares MSCI Belgium ETF,P,Y
EWL,iShares MSCI Switzerland ETF,P,Y
EWM,iShares MSCI Malaysia Index Fund,P,Y
EWN,iShares MSCI Netherlands Index Fund,P,Y
EWO,iShares MSCI Austria ETF,P,Y
EWP,iShares MSCI Spain ETF,P,Y
EWQ,iShares MSCI France Index Fund,P,Y
EWS,iShares MSCI Singapore ETF,P,Y
EWT,iShares MSCI Taiwan ETF,P,Y
EWTX,"Edgewise Therapeutics, Inc. - Common Stock",NASDAQ,N
EWU,iShares MSCI United Kingdom ETF,P,Y
EWUS,iShares MSCI United Kingdom Small Cap ETF,Z,Y
EWV,ProShares UltraShort MSCI Japan,P,Y
EWW,iShares MSCI Mexico ETF,P,Y
EWX,SPDR S&P Emerging Markets Small Cap ETF,P,Y
EWY,iShares MSCI South Korea ETF,P,Y
EWZ,iShares MSCI Brazil ETF,P,Y
EWZS,iShares MSCI Brazil Small-Cap ETF,NASDAQ,Y
EXAS,Exact Sciences Corporation - Common Stock,NASDAQ,N
EXC,Exelon Corporation - Common Stock,NASDAQ,N
EXE,Expand Energy Corporation - Common Stock,NASDAQ,N
EXEEL,Expand Energy Corporation - Class C Warrants,NASDAQ,N
EXEEW,Expand Energy Corporation - Class A Warrants,NASDAQ,N
EXEEZ,Expand Energy Corporation - Class B Warrants,NASDAQ,N
EXEL,"Exelixis, Inc. - Common Stock",NASDAQ,N
EXFY,"Expensify, Inc. - Class A Common Stock",NASDAQ,N
EXG,Eaton Vance Tax-Managed Global Diversified Equity Income Fund Common Shares of Beneficial Interest,N,N
EXI,iShares Global Industrials ETF,P,Y
EXK,Endeavour Silver Corporation Ordinary Shares (Canada),N,N
EXLS,"ExlService Holdings, Inc. - Common Stock",NASDAQ,N
EXOD,"Exodus Movement, Inc. Class A Common Stock",A,N
EXOZ,eXoZymes Inc. - Common Stock,NASDAQ,N
EXP,Eagle Materials Inc Common Stock,N,N
EXPD,"Expeditors International of Washington, Inc. Common Stock",N,N
EXPE,"Expedia Group, Inc. - Common Stock",NASDAQ,N
EXPI,"eXp World Holdings, Inc. - Common Stock",NASDAQ,N
EXPO,"Exponent, Inc. - Common Stock",NASDAQ,N
EXR,Extra Space Storage Inc Common Stock,N,N
EXTR,"Extreme Networks, Inc. - Common Stock",NASDAQ,N
EXUS,Nomura Focused International Core ETF,NASDAQ,Y
EYE,"National Vision Holdings, Inc. - Common Stock",NASDAQ,N
EYEG,AB Corporate Bond ETF,NASDAQ,Y
EYLD,Cambria Emerging Shareholder Yield ETF,Z,Y
EYPT,"EyePoint, Inc. - Common Stock",NASDAQ,N
EZA,iShares MSCI South Africa Index Fund,P,Y
EZBC,Franklin Templeton Digital Holdings Trust Shares of Franklin Bitcoin ETF,Z,Y
EZET,Franklin Ethereum ETF Franklin Ethereum ETF,Z,Y
EZGO,EZGO Technologies Ltd. - Ordinary Shares,NASDAQ,N
EZJ,ProShares Ultra MSCI Japan,P,Y
EZM,WisdomTree U.S. MidCap Fund,P,Y
EZMO,AlphaDroid Broad Markets Momentum ETF,NASDAQ,Y
EZPW,"EZCORP, Inc. - Class A Non-Voting Common Stock",NASDAQ,N
EZPZ,Franklin Crypto Index ETF,Z,Y
EZRO,AlphaDroid Defensive Sector Rotation ETF,NASDAQ,Y
EZU,iShares MSCI Eurozone ETF,Z,Y
F,Ford Motor Company Common Stock,N,N
F$B,"Ford Motor Company 6.20% Notes due June 1, 2059",N,N
F$C,"Ford Motor Company 6% Notes due December 1, 2059",N,N
F$D,"Ford Motor Company 6.500% Notes due August 15, 2062",N,N
FA,First Advantage Corporation - Common Stock,NASDAQ,N
FAAR,First Trust Alternative Absolute Return Strategy ETF,NASDAQ,Y
FAB,First Trust Multi Cap Value AlphaDEX Fund,NASDAQ,Y
FACT,FACT II Acquisition Corp. - Class A Ordinary Shares,NASDAQ,N
FACTU,FACT II Acquisition Corp. - Unit,NASDAQ,N
FACTW,FACT II Acquisition Corp. - Warrant,NASDAQ,N
FAD,First Trust Multi Cap Growth AlphaDEX Fund,NASDAQ,Y
FAF,First American Corporation (New) Common Stock,N,N
FAI,First Trust Bloomberg Artificial Intelligence ETF,P,Y
FALN,iShares Fallen Angels USD Bond ETF,NASDAQ,Y
FAMI,"Farmmi, INC. - Ordinary Shares",NASDAQ,N
FAN,First Trust Global Wind Energy ETF,P,Y
FANG,"Diamondback Energy, Inc. - Common Stock",NASDAQ,N
FAPR,FT Vest U.S. Equity Buffer ETF - April,Z,Y
FARM,Farmer Brothers Company - Common Stock,NASDAQ,N
FARX,Frontier Asset Absolute Return ETF,P,Y
FAS,Direxion Financial Bull 3X Shares,P,Y
FAST,Fastenal Company - Common Stock,NASDAQ,N
FAT,FAT Brands Inc. - Common Stock,NASDAQ,N
FATBB,FAT Brands Inc. - Class B Common Stock,NASDAQ,N
FATBP,FAT Brands Inc. - 8.25% Series B Cumulative Preferred Stock,NASDAQ,N
FATE,"Fate Therapeutics, Inc. - Common Stock",NASDAQ,N
FATN,"FatPipe, Inc. - common stock",NASDAQ,N
FAUG,FT Vest U.S. Equity Buffer ETF - August,Z,Y
FAX,"abrdn Asia-Pacific Income Fund, Inc. Common Stock",A,N
FAZ,Direxion Financial Bear 3X Shares,P,Y
FB,ProShares S&P 500 Dynamic Buffer ETF,Z,Y
FBCG,Fidelity Blue Chip Growth ETF,Z,Y
FBCV,Fidelity Blue Chip Value ETF,Z,Y
FBDC,FT Confluence BDC & Specialty Finance Income ETF,P,Y
FBGL,FBS Global Limited - Ordinary Shares,NASDAQ,N
FBIN,"Fortune Brands Innovations, Inc. Common Stock",N,N
FBIO,"Fortress Biotech, Inc. - Common Stock",NASDAQ,N
FBIOP,"Fortress Biotech, Inc. - 9.375% Series A Cumulative Redeemable Perpetual Preferred Stock",NASDAQ,N
FBIZ,"First Business Financial Services, Inc. - Common Stock",NASDAQ,N
FBK,FB Financial Corporation Common Stock,N,N
FBL,GraniteShares 2x Long META Daily ETF,NASDAQ,Y
FBLA,"FB Bancorp, Inc. - Common Stock",NASDAQ,N
FBLG,"FibroBiologics, Inc. - Common Stock",NASDAQ,N
FBNC,First Bancorp - Common Stock,NASDAQ,N
FBND,Fidelity Total Bond ETF,P,Y
FBOT,Fidelity Disruptive Automation ETF,NASDAQ,Y
FBP,First BanCorp. New Common Stock,N,N
FBRT,"Franklin BSP Realty Trust, Inc. Common Stock",N,N
FBRT$E,"Franklin BSP Realty Trust, Inc. 7.50% Series E Cumulative Redeemable Preferred Stock",N,N
FBRX,"Forte Biosciences, Inc.  - Common Stock",NASDAQ,N
FBT,First Trust Amex Biotech Index Fund,P,Y
FBTC,Fidelity Wise Origin Bitcoin Fund,Z,Y
FBUF,Fidelity Dynamic Buffered Equity ETF,Z,Y
FBY,YieldMax META Option Income Strategy ETF,P,Y
FBYD,"Falcon's Beyond Global, Inc. - Class A Common Stock",NASDAQ,N
FBYDW,"Falcon's Beyond Global, Inc. - Warrants",NASDAQ,N
FBYY,GraniteShares YieldBOOST META ETF,NASDAQ,Y
FC,Franklin Covey Company Common Stock,N,N
FCA,First Trust China AlphaDEX Fund,NASDAQ,Y
FCAL,First Trust California Municipal High income ETF,NASDAQ,Y
FCAP,"First Capital, Inc. - Common Stock",NASDAQ,N
FCBC,"First Community Bankshares, Inc. - Common Stock",NASDAQ,N
FCBD,Frontier Asset Core Bond ETF,P,Y
FCCO,First Community Corporation - Common Stock,NASDAQ,N
FCEF,First Trust Income Opportunities ETF,NASDAQ,Y
FCEL,"FuelCell Energy, Inc. - Common Stock",NASDAQ,N
FCF,First Commonwealth Financial Corporation Common Stock,N,N
FCFS,"FirstCash Holdings, Inc. - Common Stock",NASDAQ,N
FCFY,First Trust S&P 500 Diversified Free Cash Flow ETF,P,Y
FCG,First Trust Natural Gas ETF,P,Y
FCHL,Fitness Champs Holdings Limited - Ordinary Shares,NASDAQ,N
FCLD,Fidelity Cloud Computing ETF,Z,Y
FCN,"FTI Consulting, Inc. Common Stock",N,N
FCNCA,"First Citizens BancShares, Inc. - Class A Common Stock",NASDAQ,N
FCNCO,"First Citizens BancShares, Inc. - 5.625% Non-Cumulative Perpetual Preferred Stock, Series C",NASDAQ,N
FCNCP,"First Citizens BancShares, Inc. - Depositary Shares Each Representing a 1/40th Interest in a Share of 5.375% Non-Cumulative Perpetual Preferred Stock, Series A",NASDAQ,N
FCO,"abrdn Global Income Fund, Inc. Common Stock",A,N
FCOM,Fidelity MSCI Communication Services Index ETF,P,Y
FCOR,Fidelity Corporate Bond ETF,P,Y
FCPI,Fidelity Stocks for Inflation ETF,Z,Y
FCPT,"Four Corners Property Trust, Inc. Common Stock",N,N
FCRS,FutureCrest Acquisition Corp. Class A Ordinary Shares,N,N
FCRS.U,"FutureCrest Acquisition Corp. Units, each consisting of one Class A ordinary share and one-quarter of one redeemable warrant",N,N
FCRS.W,"FutureCrest Acquisition Corp. Redeemable warrants, each whole warrant exercisable for one Class A ordinary share at an exercise price of $11.50",N,N
FCRX,"Crescent Capital BDC, Inc. 5.00% Notes due 2026",N,N
FCSH,Federated Hermes Short Duration Corporate ETF,P,Y
FCT,First Trust Senior Floating Rate Income Fund II Common Shares of Beneficial Interest,N,N
FCTE,SMI 3Fourteen Full-Cycle Trend ETF,NASDAQ,Y
FCTR,First Trust Lunt U.S. Factor Rotation ETF,Z,Y
FCUS,Pinnacle Focused Opportunities ETF,P,Y
FCUV,Focus Universal Inc. - Common Stock,NASDAQ,N
FCVT,First Trust SSI Strategic Convertible Securities ETF,NASDAQ,Y
FCX,"Freeport-McMoRan, Inc. Common Stock",N,N
FDAT,Tactical Advantage ETF,P,Y
FDBC,"Fidelity D & D Bancorp, Inc. - Common Stock",NASDAQ,N
FDCF,Fidelity Disruptive Communications ETF,NASDAQ,Y
FDD,First Trust STOXX European Select Dividend Index Fund,P,Y
FDEC,FT Vest U.S. Equity Buffer ETF - December,Z,Y
FDEM,Fidelity Emerging Markets Multifactor ETF,Z,Y
FDEV,Fidelity Emerging Markets Multifactor ETF,Z,Y
FDFF,Fidelity Disruptive Finance ETF,NASDAQ,Y
FDG,American Century Focused Dynamic Growth ETF,P,Y
FDHY,Fidelity Enhanced High Yield ETF,P,Y
FDIF,Fidelity Disruptors ETF,NASDAQ,Y
FDIG,Fidelity Crypto Industry and Digital Payments ETF,NASDAQ,Y
FDIS,Fidelity MSCI Consumer Discretionary Index ETF,P,Y
FDIV,MarketDesk Focused U.S. Dividend ETF,NASDAQ,Y
FDL,First Trust Morningstar ETF,P,Y
FDLO,Fidelity Low Volatility Factor ETF,P,Y
FDLS,Inspire Fidelis Multi Factor ETF,P,Y
FDM,First Trust DJ Select MicroCap ETF,P,Y
FDMO,Fidelity Momentum Factor ETF,P,Y
FDMT,"4D Molecular Therapeutics, Inc. - Common Stock",NASDAQ,N
FDN,First Trust DJ Internet Index Fund,P,Y
FDND,FT Vest Dow Jones Internet & Target Income ETF,Z,Y
FDNI,First Trust Dow Jones International Internet ETF,NASDAQ,Y
FDP,"Fresh Del Monte Produce, Inc. Common Stock",N,N
FDRR,Fidelity Dividend ETF for Rising Rates,P,Y
FDRS,Founder-Led ETF,NASDAQ,Y
FDRV,Fidelity Electric Vehicles and Future Transportation ETF,Z,Y
FDS,FactSet Research Systems Inc. Common Stock,N,N
FDSB,"Fifth District Bancorp, Inc. - Common Stock",NASDAQ,N
FDT,First Trust Developed Markets Ex-US AlphaDEX Fund,NASDAQ,Y
FDTS,First Trust Developed Markets ex-US Small Cap AlphaDEX Fund,NASDAQ,Y
FDTX,Fidelity Disruptive Technology ETF,NASDAQ,Y
FDUS,Fidus Investment Corporation - Closed End Fund,NASDAQ,N
FDV,Federated Hermes U.S. Strategic Dividend ETF,P,Y
FDVV,Fidelity High Dividend ETF,P,Y
FDX,FedEx Corporation Common Stock,N,N
FE,FirstEnergy Corp. Common Stock,N,N
FEAC,Fidelity Enhanced U.S. All-Cap Equity ETF,P,Y
FEAM,"5E Advanced Materials, Inc. - Common Stock",NASDAQ,N
FEAT,YieldMax Dorsey Wright Featured 5 Income ETF,NASDAQ,Y
FEBM,FT Vest U.S. Equity Max Buffer ETF - February,Z,Y
FEBO,Fenbo Holdings Limited - Class A Ordinary Shares,NASDAQ,N
FEBP,PGIM S&P 500 Buffer 12 ETF - February,Z,Y
FEBT,AllianzIM U.S. Large Cap Buffer10 Feb ETF,Z,Y
FEBU,AllianzIM U.S. Equity Buffer15 Uncapped Feb ETF,Z,Y
FEBW,AllianzIM U.S. Large Cap Buffer20 Feb ETF,Z,Y
FEBZ,TrueShares Structured Outcome (February) ETF,Z,Y
FEDM,FlexShares ESG & Climate Developed Markets ex-US Core Index Fund,P,Y
FEDU,"Four Seasons Education (Cayman) Inc. American Depositary Shares, each ADS representing 10 ordinary shares",N,N
FEED,"ENvue Medical, Inc. - Common Stock",NASDAQ,N
FEGE,First Eagle Global Equity ETF,N,Y
FEIG,FlexShares ESG & Climate Investment Grade Corporate Core Index Fund,P,Y
FEIM,"Frequency Electronics, Inc. - Common Stock",NASDAQ,N
FELC,Fidelity Enhanced Large Cap Core ETF,P,Y
FELE,"Franklin Electric Co., Inc. - Common Stock",NASDAQ,N
FELG,Fidelity Enhanced Large Cap Growth ETF,P,Y
FELV,Fidelity Enhanced Large Cap Value ETF,P,Y
FEM,First Trust Emerging Markets AlphaDEX Fund,NASDAQ,Y
FEMB,First Trust Emerging Markets Local Currency Bond ETF,NASDAQ,Y
FEMR,Fidelity Enhanced Emerging Markets ETF,P,Y
FEMS,First Trust Emerging Markets Small Cap AlphaDEX Fund,NASDAQ,Y
FEMY,Femasys Inc. - Common Stock,NASDAQ,N
FENC,Fennec Pharmaceuticals Inc. - Common Stock,NASDAQ,N
FENG,"Phoenix New Media Limited American Depositary Shares, each representing 48 Class A ordinary shares.",N,N
FENI,Fidelity Enhanced International ETF,P,Y
FENY,Fidelity MSCI Energy Index ETF,P,Y
FEOE,First Eagle Overseas Equity ETF,N,Y
FEP,First Trust Europe AlphaDEX Fund,NASDAQ,Y
FEPI,REX FANG & Innovation Equity Premium Income ETF,NASDAQ,Y
FER,Ferrovial SE - Ordinary Shares,NASDAQ,N
FERA,Fifth Era Acquisition Corp I - Class A Ordinary Shares,NASDAQ,N
FERAR,Fifth Era Acquisition Corp I - Rights,NASDAQ,N
FERAU,Fifth Era Acquisition Corp I - Units,NASDAQ,N
FERG,Ferguson Enterprises Inc. Common Stock,N,N
FESM,Fidelity Enhanced Small Cap ETF,P,Y
FET,"Forum Energy Technologies, Inc. Common Stock",N,N
FETH,Fidelity Ethereum Fund Fidelity Ethereum Fund,Z,Y
FEUS,FlexShares ESG & Climate US Large Cap Core Index Fund,P,Y
FEUZ,First Trust Eurozone AlphaDEX ETF,NASDAQ,Y
FEX,First Trust Large Cap Core AlphaDEX Fund,NASDAQ,Y
FEZ,SPDR DJ Euro STOXX 50 Etf,P,Y
FF,FutureFuel Corp.  Common shares,N,N
FFA,First Trust Enhanced Equity Income Fund Common Shares of Beneficial Interest,N,N
FFAI,Faraday Future Intelligent Electric Inc. - Class A Common Stock,NASDAQ,N
FFAIW,Faraday Future Intelligent Electric Inc. - Warrant,NASDAQ,N
FFBC,First Financial Bancorp. - Common Stock,NASDAQ,N
FFC,Flaherty & Crumrine Preferred and Income Securities Fund Incorporated,N,N
FFDI,Fidelity Fundamental Developed International ETF,Z,Y
FFEB,FT Vest U.S. Equity Buffer ETF - February,Z,Y
FFEM,Fidelity Fundamental Emerging Markets ETF,Z,Y
FFF,Founders 100 ETF,Z,Y
FFGX,Fidelity Fundamental Global ex-U.S. ETF,Z,Y
FFIC,Flushing Financial Corporation - Common Stock,NASDAQ,N
FFIN,"First Financial Bankshares, Inc. - Common Stock",NASDAQ,N
FFIU,UVA Unconstrained Medium-Term Fixed Income ETF,P,Y
FFIV,"F5, Inc. - Common Stock",NASDAQ,N
FFLC,Fidelity Fundamental Large Cap Core ETF,Z,Y
FFLG,Fidelity Fundamental Large Cap Growth ETF,Z,Y
FFLS,The Future Fund Long/Short ETF,P,Y
FFLV,Fidelity Fundamental Large Cap Value ETF,Z,Y
FFND,One Global ETF,P,Y
FFOG,Franklin Focused Growth ETF,Z,Y
FFOX,FundX Future Fund Opportunities ETF,P,Y
FFSM,Fidelity Fundamental Small-Mid Cap ETF,Z,Y
FFTY,Innovator IBD 50 ETF,P,Y
FFUT,Fidelity Managed Futures ETF,NASDAQ,Y
FFWM,First Foundation Inc. Common Stock,N,N
FG,"F&G Annuities & Life, Inc. Common Stock",N,N
FGBI,"First Guaranty Bancshares, Inc. - Common Stock",NASDAQ,N
FGBIP,"First Guaranty Bancshares, Inc. - 6.75% Series A Fixed-Rate Non-Cumulative Perpetual Preferred Stock",NASDAQ,N
FGD,First Trust DJ Global Select Dividend,P,Y
FGDL,Franklin Responsibly Sourced Gold ETF,P,Y
FGI,FGI Industries Ltd. - Ordinary Shares,NASDAQ,N
FGIWW,FGI Industries Ltd. - warrant,NASDAQ,N
FGL,Founder Group Limited - Class A Ordinary Shares,NASDAQ,N
FGM,First Trust Germany AlphaDEX Fund,NASDAQ,Y
FGMC,FG Merger II Corp. - Common stock,NASDAQ,N
FGMCR,FG Merger II Corp. - Rights,NASDAQ,N
FGMCU,FG Merger II Corp. - Unit,NASDAQ,N
FGN,"F&G Annuities & Life, Inc. 7.950% Senior Notes due 2053",N,N
FGNX,FG Nexus Inc. - Common Stock,NASDAQ,N
FGNXP,FG Nexus Inc. - 8.00% Cumulative Series A Preferred Stock,NASDAQ,N
FGSI,FT Vest Growth Strength & Target Income ETF,NASDAQ,Y
FGSM,Frontier Asset Global Small Cap Equity ETF,P,Y
FGSN,"F&G Annuities & Life, Inc. 7.300% Junior Subordinated Notes due 2065",N,N
FHB,"First Hawaiian, Inc. - Common Stock",NASDAQ,N
FHDG,FT Vest U.S. Equity Quarterly Dynamic Buffer ETF,Z,Y
FHEQ,Fidelity Hedged Equity ETF,Z,Y
FHI,"Federated Hermes, Inc. Common Stock",N,N
FHLC,Fidelity MSCI Health Care Index ETF,P,Y
FHN,First Horizon Corporation Common Stock,N,N
FHN$C,"First Horizon Corporation Depositary Shares, each representing a 1/400th interest in a share of Non-Cumulative Perpetual Preferred Stock, Series C",N,N
FHN$E,"First Horizon Corporation Depositary Shares, each representing a 1/4,000th interest in a share of Non-Cumulative Perpetual Preferred Stock, Series E",N,N
FHN$F,"First Horizon Corporation Depositary Shares, each representing 1/4000th Interest in a Share of Non-Cumulative Perpetual Preferred Stock, Series F",N,N
FHTX,Foghorn Therapeutics Inc. - Common Stock,NASDAQ,N
FHYS,Federated Hermes Short Duration High Yield ETF,P,Y
FIAT,YieldMax Short COIN Option Income Strategy ETF,P,Y
FIAX,Nicholas Fixed Income Alternative ETF,P,Y
FIBK,"First Interstate BancSystem, Inc. - Common Stock",NASDAQ,N
FICO,Fair Isaac Corporation Common Stock,N,N
FICS,First Trust International Developed Capital Strength ETF,NASDAQ,Y
FID,First Trust S&P International Dividend Aristocrats ETF,NASDAQ,Y
FIDI,Fidelity International High Dividend ETF,P,Y
FIDU,Fidelity MSCI Industrials Index ETF,P,Y
FIEE,"FiEE, Inc - Common Stock",NASDAQ,N
FIG,"Figma, Inc. Class A Common Stock",N,N
FIGB,Fidelity Investment Grade Bond ETF,P,Y
FIGG,Leverage Shares 2x Long FIG Daily ETF,NASDAQ,Y
FIGR,"Figure Technology Solutions, Inc. - Class A Common Stock",NASDAQ,N
FIGS,"FIGS, Inc. Class A Common Stock",N,N
FIGX,FIGX Capital Acquisition Corp. - Class A ordinary share,NASDAQ,N
FIGXU,FIGX Capital Acquisition Corp. - Units,NASDAQ,N
FIGXW,FIGX Capital Acquisition Corp. - one-half of one redeemable warrant.,NASDAQ,N
FIHL,Fidelis Insurance Holdings Limited Common Shares,N,N
FIIG,First Trust Intermediate Duration Investment Grade Corporate ETF,P,Y
FINS,Angel Oak Financial Strategies Income Term Trust Common Shares of Beneficial Interest,N,N
FINT,Frontier Asset Total International Equity ETF,P,Y
FINV,FinVolution Group American Depositary Shares,N,N
FINW,FinWise Bancorp - Common Stock,NASDAQ,N
FINX,Global X FinTech ETF,NASDAQ,Y
FIP,FTAI Infrastructure Inc. - Common Stock,NASDAQ,N
FIS,"Fidelity National Information Services, Inc. Common Stock",N,N
FISI,"Financial Institutions, Inc. - Common Stock",NASDAQ,N
FISK,"Empire State Realty OP, L.P. Series 250 Operating Partnership Units Representing Limited Partnership Interests",P,N
FISR,State Street Fixed Income Sector Rotation ETF,P,Y
FISV,"Fiserv, Inc. - Common Stock",NASDAQ,N
FITB,Fifth Third Bancorp - Common Stock,NASDAQ,N
FITBI,Fifth Third Bancorp - Depositary Share repstg 1/1000th Ownership Interest Perp Pfd Series I,NASDAQ,N
FITBO,"Fifth Third Bancorp - Depositary Shares each representing a 1/1000th ownership interest in a share of Non-Cumulative Perpetual Preferred Stock, Series K",NASDAQ,N
FITBP,"Fifth Third Bancorp - Depositary Shares each representing 1/40th share of Fifth Third 6.00% Non-Cumulative Perpetual Class B Preferred Stock, Series A",NASDAQ,N
FITE,State Street SPDR S&P Kensho Future Security ETF,P,Y
FIVA,Fidelity International Value Factor ETF,P,Y
FIVE,"Five Below, Inc. - Common Stock",NASDAQ,N
FIVN,"Five9, Inc. - Common Stock",NASDAQ,N
FIVY,YieldMax Dorsey Wright Hybrid 5 Income ETF,NASDAQ,Y
FIW,First Trust Water ETF,P,Y
FIX,"Comfort Systems USA, Inc. Common Stock",N,N
FIXD,First Trust Smith Opportunistic Fixed Income ETF,NASDAQ,Y
FIXP,FolioBeyond Enhanced Fixed Income Premium ETF,P,Y
FIXT,TCW Core Plus Bond ETF,N,Y
FIZZ,National Beverage Corp. - Common Stock,NASDAQ,N
FJAN,FT Vest U.S. Equity Buffer ETF - January,Z,Y
FJET,"Starfighters Space, Inc. Common Stock",A,N
FJP,First Trust Japan AlphaDEX Fund,NASDAQ,Y
FJUL,FT Vest U.S. Equity Buffer ETF - July,Z,Y
FJUN,FT Vest U.S. Equity Buffer ETF - June,Z,Y
FKU,First Trust United Kingdom AlphaDEX Fund,NASDAQ,Y
FKWL,Franklin Wireless Corp. - common stock,NASDAQ,N
FLAG,Global X S&P 500 U.S. Market Leaders Top 50 ETF,P,Y
FLAO,AllianzIM U.S. Equity 6 Month Floor5 Apr/Oct ETF,Z,Y
FLAU,Franklin FTSE Australia ETF,P,Y
FLAX,Franklin FTSE Asia ex Japan ETF,P,Y
FLBL,Franklin Senior Loan ETF,Z,Y
FLBR,Franklin FTSE Brazil ETF,P,Y
FLC,Flaherty & Crumrine Total Return Fund Inc Common Stock,N,N
FLCA,Franklin FTSE Canada ETF,P,Y
FLCB,Franklin U.S. Core Bond ETF,P,Y
FLCC,Federated Hermes MDT Large Cap Core ETF,P,Y
FLCE,Frontier Asset U.S. Large Cap Equity ETF,P,Y
FLCG,Federated Hermes MDT Large Cap Growth ETF,P,Y
FLCH,Franklin FTSE China ETF,P,Y
FLCO,Franklin Investment Grade Corporate ETF,P,Y
FLCV,Federated Hermes MDT Large Cap Value ETF,P,Y
FLD,"Fold Holdings, Inc. - Class A Common Stock",NASDAQ,N
FLDB,Fidelity Low Duration Bond ETF,NASDAQ,Y
FLDDW,"Fold Holdings, Inc. - Warrant",NASDAQ,N
FLDR,Fidelity Low Duration Bond Factor ETF,Z,Y
FLDZ,RiverNorth Patriot ETF,Z,Y
FLEE,Franklin FTSE Europe ETF,P,Y
FLEU,Franklin FTSE Eurozone ETF,P,Y
FLEX,Flex Ltd. - Ordinary Shares,NASDAQ,N
FLG,"Flagstar Bank, N.A. Common Stock",N,N
FLG$A,"Flagstar Bank, N.A. Depositary shares, each representing a 1/40th interest in a share of Fixed-to-Floating Rate Series A Noncumulative Perpetual Preferred Stock",N,N
FLG$U,"Flagstar Bank, N.A. Bifurcated Option Note Unit SecuritiES",N,N
FLGB,Franklin FTSE United Kingdom ETF,P,Y
FLGC,Flora Growth Corp. - Common Stock,NASDAQ,N
FLGR,Franklin FTSE Germany ETF,P,Y
FLGT,"Fulgent Genetics, Inc. - Common Stock",NASDAQ,N
FLGV,Franklin U.S. Treasury Bond ETF,P,Y
FLHY,Franklin High Yield Corporate ETF,Z,Y
FLIA,Franklin International Aggregate Bond ETF,Z,Y
FLIN,Franklin FTSE India ETF,P,Y
FLJH,Franklin FTSE Japan Hedged ETF,P,Y
FLJJ,AllianzIM U.S. Equity 6 Month Floor5 Jan/Jul ETF,Z,Y
FLJP,Franklin FTSE Japan ETF,P,Y
FLKR,Franklin FTSE South Korea ETF,P,Y
FLL,"Full House Resorts, Inc. - Common Stock",NASDAQ,N
FLLA,Franklin FTSE Latin America ETF,P,Y
FLMB,Franklin Municipal Green Bond ETF,P,Y
FLMI,Franklin Dynamic Municipal Bond ETF,P,Y
FLMX,Franklin FTSE Mexico ETF,P,Y
FLN,First Trust Latin America AlphaDEX Fund,NASDAQ,Y
FLNC,"Fluence Energy, Inc. - Class A Common Stock",NASDAQ,N
FLNG,FLEX LNG Ltd. Ordinary Shares,N,N
FLNT,"Fluent, Inc. - Common Stock",NASDAQ,N
FLO,"Flowers Foods, Inc. Common Stock",N,N
FLOC,Flowco Holdings Inc. Class A Common Stock,N,N
FLOT,iShares Floating Rate Bond ETF,Z,Y
FLOW,Global X U.S. Cash Flow Kings 100 ETF,P,Y
FLQL,Franklin U.S. Large Cap Multifactor Index ETF,Z,Y
FLQM,Franklin U.S. Mid Cap Multifactor Index ETF,Z,Y
FLQS,Franklin U.S. Small Cap Multifactor Index ETF,Z,Y
FLR,Fluor Corporation Common Stock,N,N
FLRG,Fidelity U.S. Multifactor ETF,P,Y
FLRN,State Street SPDR Bloomberg Investment Grade Floating Rate ETF,P,Y
FLRT,Pacer Aristotle Pacific Floating Rate High Income ETF,P,Y
FLS,Flowserve Corporation Common Stock,N,N
FLSA,Franklin FTSE Saudi Arabia ETF,P,Y
FLSP,Franklin Systematic Style Premia ETF,P,Y
FLSW,Franklin FTSE Switzerland ETF,P,Y
FLTB,Fidelity Limited Term Bond ETF,P,Y
FLTR,VanEck IG Floating Rate ETF,P,Y
FLTW,Franklin FTSE Taiwan ETF,P,Y
FLUD,Franklin Ultra Short Bond ETF,P,Y
FLUT,Flutter Entertainment plc Ordinary Shares,N,N
FLUX,"Flux Power Holdings, Inc. - Common Stock",NASDAQ,N
FLV,American Century Focused Large Cap Value ETF,P,Y
FLWS,"1-800-FLOWERS.COM, Inc. - Class A Common Stock",NASDAQ,N
FLX,BingEx Limited - American Depositary Shares,NASDAQ,N
FLXN,Horizon Flexible Income ETF,Z,Y
FLXR,TCW Flexible Income ETF,N,Y
FLXS,"Flexsteel Industries, Inc. - Common Stock",NASDAQ,N
FLY,Firefly Aerospace Inc. - Common Stock,NASDAQ,N
FLYD,MicroSectors Travel -3x Inverse Leveraged ETN,P,Y
FLYE,"Fly-E Group, Inc. - Common Stock",NASDAQ,N
FLYT,Tradr 2X Long FLY Daily ETF,Z,Y
FLYU,MicroSectors Travel 3x Leveraged ETN,P,Y
FLYW,Flywire Corporation - Voting Common Stock,NASDAQ,N
FLYX,"flyExclusive, Inc. Class A Common Stock",A,N
FLYX.W,"flyExclusive, Inc. Redeemable warrants, each whole warrant exercisable for one Class A common stock at an exercise price of $11.50 per share",A,N
FMAG,Fidelity Magellan ETF,Z,Y
FMAO,"Farmers & Merchants Bancorp, Inc. - Common Stock",NASDAQ,N
FMAR,FT Vest U.S. Equity Buffer ETF - March,Z,Y
FMAT,Fidelity MSCI Materials Index ETF,P,Y
FMAY,FT Vest U.S. Equity Buffer ETF - May,Z,Y
FMB,First Trust Managed Municipal ETF,NASDAQ,Y
FMBH,"First Mid Bancshares, Inc. - Common Stock",NASDAQ,N
FMC,FMC Corporation Common Stock,N,N
FMCE,FM Compounders Equity ETF,P,Y
FMCX,FM Focus Equity ETF,P,Y
FMDE,Fidelity Enhanced Mid Cap ETF,P,Y
FMED,Fidelity Disruptive Medicine ETF,NASDAQ,Y
FMET,Fidelity Metaverse ETF,NASDAQ,Y
FMF,First Trust Managed Futures Strategy Fund,P,Y
FMFC,Kandal M Venture Limited - Class A ordinary Shares,NASDAQ,N
FMHI,First Trust Municipal High Income ETF,NASDAQ,Y
FMKT,The Free Markets ETF,P,Y
FMN,Federated Hermes Premier Municipal Income Fund,N,N
FMNB,Farmers National Banc Corp. - Common Stock,NASDAQ,N
FMNY,First Trust New York Municipal High Income ETF,P,Y
FMQQ,FMQQ The Next Frontier Internet ETF,P,Y
FMS,Fresenius Medical Care AG American Depositary Shares (Each representing 1/2 of an Ordinary Share),N,N
FMST,Foremost Clean Energy Ltd. - Common Shares,NASDAQ,N
FMSTW,Foremost Clean Energy Ltd. - Warrant,NASDAQ,N
FMTL,First Trust Indxx Critical Metals ETF,P,Y
FMTM,MarketDesk Focused U.S. Momentum ETF,NASDAQ,Y
FMUB,Fidelity Municipal Bond Opportunities ETF,NASDAQ,Y
FMUN,Fidelity Systematic Municipal Bond Index ETF,NASDAQ,Y
FMX,Fomento Economico Mexicano S.A.B. de C.V. Common Stock,N,N
FMY,First Trust Mortgage Income Fund Common Shares of Beneficial Interest,N,N
FN,Fabrinet Ordinary Shares,N,N
FNB,F.N.B. Corporation Common Stock,N,N
FNCL,Fidelity MSCI Financials Index ETF,P,Y
FND,"Floor & Decor Holdings, Inc. Common Stock",N,N
FNDA,Schwab Fundamental U.S. Small Company ETF,P,Y
FNDB,Schwab Fundamental U.S. Broad Market ETF,P,Y
FNDC,Schwab Fundamental International Small Equity ETF,P,Y
FNDE,Schwab Fundamental Emerging Markets Equity ETF,P,Y
FNDF,Schwab Fundamental International Equity ETF,P,Y
FNDX,Schwab Fundamental U.S. Large Company ETF,P,Y
FNF,"Fidelity National Financial, Inc. Common Stock",N,N
FNGD,"MicroSectors FANG  Index -3X Inverse Leveraged ETNs due January 8, 2038",P,N
FNGG,Direxion Daily NYSE FANG+ Bull 2X Shares,P,Y
FNGO,"MicroSectors FANG  Index 2X Leveraged ETNs due January 8, 2038",P,N
FNGR,"FingerMotion, Inc. - common stock",NASDAQ,N
FNGS,"MicroSectors FANG  ETNs due January 8, 2038",P,Y
FNGU,MicroSectors FANG+ 3X Leveraged ETNs,P,Y
FNK,First Trust Mid Cap Value AlphaDEX Fund,NASDAQ,Y
FNKO,"Funko, Inc. - Class A Common Stock",NASDAQ,N
FNLC,"First Bancorp, Inc (ME) - Common Stock",NASDAQ,N
FNOV,FT Vest U.S. Equity Buffer ETF - November,Z,Y
FNV,Franco-Nevada Corporation,N,N
FNWB,First Northwest Bancorp - Common Stock,NASDAQ,N
FNWD,Finward Bancorp - common stock,NASDAQ,N
FNX,First Trust Mid Cap Core AlphaDEX Fund,NASDAQ,Y
FNY,First Trust Mid Cap Growth AlphaDEX Fund,NASDAQ,Y
FOA,Finance of America Companies Inc. Class A Common Stock,N,N
FOCT,FT Vest U.S. Equity Buffer ETF - October,Z,Y
FOF,"Cohen & Steers Closed-End Opportunity Fund, Inc. Common Stock",N,N
FOFO,"Hang Feng Technology Innovation Co., Ltd. - Ordinary Shares",NASDAQ,N
FOLD,"Amicus Therapeutics, Inc. - Common Stock",NASDAQ,N
FONR,Fonar Corporation - Common Stock,NASDAQ,N
FOPC,Frontier Asset Opportunistic Credit ETF,P,Y
FOR,Forestar Group Inc Common Stock,N,N
FORA,Forian Inc. - Common Stock,NASDAQ,N
FORH,Formidable ETF,Z,Y
FORM,"FormFactor, Inc. - Common Stock",NASDAQ,N
FORR,"Forrester Research, Inc. - Common Stock",NASDAQ,N
FORTY,Formula Systems (1985) Ltd. - American Depositary Shares,NASDAQ,N
FOSL,"Fossil Group, Inc. - Common Stock",NASDAQ,N
FOUR,"Shift4 Payments, Inc. Class A Common Stock",N,N
FOUR$A,"Shift4 Payments, Inc. 6.00% Series A Mandatory Convertible Preferred Stock",N,N
FOWF,Pacer Solactive Whitney Future of Warfare ETF,Z,Y
FOX,Fox Corporation - Class B Common Stock,NASDAQ,N
FOXA,Fox Corporation - Class A Common Stock,NASDAQ,N
FOXF,Fox Factory Holding Corp. - Common Stock,NASDAQ,N
FOXX,Foxx Development Holdings Inc. - Common Stock,NASDAQ,N
FOXXW,Foxx Development Holdings Inc. - Warrant,NASDAQ,N
FOXY,Simplify Currency Strategy ETF,P,Y
FPA,First Trust Asia Pacific Ex-Japan AlphaDEX Fund,NASDAQ,Y
FPAG,FPA Global Equity ETF,Z,Y
FPAS,FPA Short Duration Government ETF,Z,Y
FPE,First Trust Preferred Securities and Income ETF ETF,P,Y
FPEI,First Trust Institutional Preferred Securities and Income ETF,P,Y
FPF,First Trust Intermediate Duration Preferred & Income Fund Common Shares of Beneficial Interest,N,N
FPFD,Fidelity Preferred Securities & Income ETF,Z,Y
FPH,"Five Point Holdings, LLC Class A Common Shares",N,N
FPI,Farmland Partners Inc. Common Stock,N,N
FPRO,Fidelity Real Estate Investment ETF,Z,Y
FPWR,First Trust EIP Power Solutions ETF,P,Y
FPX,First Trust US Equity Opportunities ETF,P,Y
FPXE,First Trust IPOX Europe Equity Opportunities ETF,NASDAQ,Y
FPXI,First Trust International Equity Opportunities ETF,NASDAQ,Y
FQAL,Fidelity Quality Factor ETF,P,Y
FR,"First Industrial Realty Trust, Inc. Common Stock",N,N
FRA,Blackrock Floating Rate Income Strategies Fund Inc  Common Stock,N,N
FRAF,Franklin Financial Services Corporation - Common Stock,NASDAQ,N
FRBA,First Bank  - Common Stock,NASDAQ,N
FRD,Friedman Industries Inc. - Common Stock,NASDAQ,N
FRDD,Direxion Daily F Bear 1X ETF,NASDAQ,Y
FRDM,Freedom 100 Emerging Markets ETF,Z,Y
FRDU,Direxion Daily F Bull 2X ETF,NASDAQ,Y
FREL,Fidelity MSCI Real Estate Index ETF,P,Y
FRGE,"Forge Global Holdings, Inc. Common Stock",N,N
FRGN,Horizon International Equity ETF,P,Y
FRGT,"Freight Technologies, Inc. - Ordinary Shares",NASDAQ,N
FRHC,Freedom Holding Corp. - Common Stock,NASDAQ,N
FRI,First Trust S&P REIT Index Fund,P,Y
FRIZ,Franklin Dividend Growth ETF,P,Y
FRME,First Merchants Corporation - Common Stock,NASDAQ,N
FRMEP,"First Merchants Corporation - Depository Shares, each representing a 1/100th interest in a share of 7.50% Non-Cumulative Perpetual Preferred Stock, A",NASDAQ,N
FRMI,Fermi Inc. - Common Stock,NASDAQ,N
FRNW,Fidelity Clean Energy ETF,Z,Y
FRO,Frontline Plc Ordinary Shares,N,N
FROG,JFrog Ltd. - Ordinary shares,NASDAQ,N
FRPH,"FRP Holdings, Inc. - Common Stock",NASDAQ,N
FRPT,"Freshpet, Inc. - Common Stock",NASDAQ,N
FRSH,Freshworks Inc. - Class A Common Stock,NASDAQ,N
FRST,Primis Financial Corp. - Common Stock,NASDAQ,N
FRSX,Foresight Autonomous Holdings Ltd. - American Depositary Shares,NASDAQ,N
FRT,Federal Realty Investment Trust Common Stock,N,N
FRT$C,"Federal Realty Investment Trust Depositary Shares, each representing a 1/1000th interest in a 5.000% Series C Cumulative Redeemable Preferred Share",N,N
FRTY,Alger Mid Cap 40 ETF,P,Y
FSBC,Five Star Bancorp - Common Stock,NASDAQ,N
FSBW,"FS Bancorp, Inc. - Common Stock",NASDAQ,N
FSCC,Federated Hermes MDT Small Cap Core ETF,P,Y
FSCO,FS Credit Opportunities Corp. Common Stock,N,N
FSCS,First Trust SMID Capital Strength ETF,NASDAQ,Y
FSEA,"First Seacoast Bancorp, Inc. - Common Stock",NASDAQ,N
FSEC,Fidelity Investment Grade Securitized ETF,P,Y
FSEP,FT Vest U.S. Equity Buffer ETF - September,Z,Y
FSFG,"First Savings Financial Group, Inc. - Common Stock",NASDAQ,N
FSGS,First Trust SMID Growth Strength ETF,NASDAQ,Y
FSHP,Flag Ship Acquisition Corp. - Ordinary Shares,NASDAQ,N
FSHPR,Flag Ship Acquisition Corp. - Right,NASDAQ,N
FSHPU,Flag Ship Acquisition Corp. - Unit,NASDAQ,N
FSI,Flexible Solutions International Inc. Common Stock (CDA),A,N
FSIG,First Trust Limited Duration Investment Grade Corporate ETF,P,Y
FSK,FS KKR Capital Corp. Common Stock,N,N
FSLR,"First Solar, Inc. - Common Stock",NASDAQ,N
FSLY,"Fastly, Inc. - Class A Common Stock",NASDAQ,N
FSM,Fortuna Mining Corp. Common Shares,N,N
FSMB,First Trust Short Duration Managed Municipal ETF,P,Y
FSMD,Fidelity Small-Mid Multifactor ETF,P,Y
FSML,Franklin Small Cap Enhanced ETF,P,Y
FSOL,Fidelity Solana Fund,P,Y
FSP,Franklin Street Properties Corp. Common Stock,A,N
FSS,Federal Signal Corporation Common Stock,N,N
FSSL,FS Specialty Lending Fund Common Shares of Beneficial Interest,N,N
FSTA,Fidelity MSCI Consumer Staples Index ETF,P,Y
FSTR,L.B. Foster Company - Common Stock,NASDAQ,N
FSUN,FirstSun Capital Bancorp - Common Stock,NASDAQ,N
FSV,FirstService Corporation - Common Shares,NASDAQ,N
FSYD,Fidelity Sustainable High Yield ETF,P,Y
FSZ,First Trust Switzerland AlphaDEX Fund,NASDAQ,Y
FT,Franklin Universal Trust Common Stock,N,N
FTA,First Trust Large Cap Value AlphaDEX Fund,NASDAQ,Y
FTAG,First Trust Indxx Global Agriculture ETF,NASDAQ,Y
FTAI,FTAI Aviation Ltd. - Common Stock,NASDAQ,N
FTAIM,FTAI Aviation Ltd. - 9.500% Fixed-Rate Reset Series D Cumulative Perpetual Redeemable Preferred Shares,NASDAQ,N
FTAIN,FTAI Aviation Ltd. - 8.25% Fixed-Rate Reset Series C Cumulative Perpetual Redeemable Preferred Shares,NASDAQ,N
FTBD,Fidelity Tactical Bond ETF,P,Y
FTBI,First Trust Balanced Income ETF,P,Y
FTC,First Trust Large Cap Growth AlphaDEX Fund,NASDAQ,Y
FTCA,Franklin California Municipal Income ETF,P,Y
FTCB,First Trust Core Investment Grade ETF,P,Y
FTCE,First Trust New Constructs Core Earnings Leaders ETF,P,Y
FTCI,"FTC Solar, Inc. - Common Stock",NASDAQ,N
FTCS,First Trust Capital Strength ETF,NASDAQ,Y
FTDR,"Frontdoor, Inc. - Common Stock",NASDAQ,N
FTDS,First Trust Dividend Strength ETF,NASDAQ,Y
FTEC,Fidelity MSCI Information Technology Index ETF,P,Y
FTEK,"Fuel Tech, Inc. - Common Stock",NASDAQ,N
FTEL,Fitell Corporation - Class A Ordinary Shares,NASDAQ,N
FTF,Franklin Limited Duration Income Trust Common Shares of Beneficial Interest,A,N
FTFT,Future FinTech Group Inc. - Common Stock,NASDAQ,N
FTGC,First Trust Global Tactical Commodity Strategy Fund,NASDAQ,Y
FTGS,First Trust Growth Strength ETF,NASDAQ,Y
FTHF,First Trust Emerging Markets Human Flourishing ETF,P,Y
FTHI,First Trust BuyWrite Income ETF,NASDAQ,Y
FTHM,Fathom Holdings Inc. - Common Stock,NASDAQ,N
FTHY,First Trust High Yield Opportunities 2027 Term Fund Common Stock,N,N
FTI,TechnipFMC plc Ordinary Share,N,N
FTIF,First Trust Bloomberg Inflation Sensitive Equity ETF,P,Y
FTK,"Flotek Industries, Inc. Common Stock",N,N
FTKI,First Trust Small Cap BuyWrite Income ETF,P,Y
FTLF,"FitLife Brands, Inc. - Common Stock",NASDAQ,N
FTLS,First Trust Long/Short Equity,P,Y
FTMA,Franklin Massachusetts Municipal Income ETF,P,Y
FTMH,Franklin Municipal High Yield ETF,P,Y
FTMN,Franklin Minnesota Municipal Income ETF,P,Y
FTMS,Franklin Short-Term Municipal Income ETF,P,Y
FTMU,Franklin Municipal Income ETF,P,Y
FTNJ,Franklin New Jersey Municipal Income ETF,P,Y
FTNT,"Fortinet, Inc. - Common Stock",NASDAQ,N
FTNY,Franklin New York Municipal Income ETF,P,Y
FTOH,Franklin Ohio Municipal Income ETF,P,Y
FTPA,Franklin Pennsylvania Municipal Income ETF,P,Y
FTQI,First Trust Nasdaq BuyWrite Income ETF,NASDAQ,Y
FTRB,Federated Hermes Total Return Bond ETF,P,Y
FTRE,Fortrea Holdings Inc. - Common Stock,NASDAQ,N
FTRI,First Trust Indxx Global Natural Resources Income ETF,NASDAQ,Y
FTRK,FAST TRACK GROUP - Ordinary shares,NASDAQ,N
FTS,Fortis Inc. Common Shares,N,N
FTSD,Franklin Short Duration U.S. Government ETF,P,Y
FTSL,First Trust Senior Loan Fund,NASDAQ,Y
FTSM,First Trust Enhanced Short Maturity ETF,NASDAQ,Y
FTV,Fortive Corporation Common Stock,N,N
FTW,EQV Ventures Acquisition Corp. Class A Ordinary Shares,N,N
FTW.U,"EQV Ventures Acquisition Corp. Units, each consisting of one Class A ordinary share and one-third of one redeemable warrant",N,N
FTW.W,"EQV Ventures Acquisition Corp. Redeemable warrants, each whole warrant exercisable for one Class A ordinary share at an exercise price of $11.50 per share",N,N
FTWO,Strive Natural Resources and Security ETF,N,Y
FTXG,First Trust Nasdaq Food & Beverage ETF,NASDAQ,Y
FTXH,First Trust Nasdaq Pharmaceuticals ETF,NASDAQ,Y
FTXL,First Trust Nasdaq Semiconductor ETF,NASDAQ,Y
FTXN,First Trust Nasdaq Oil & Gas ETF,NASDAQ,Y
FTXO,First Trust Nasdaq Bank ETF,NASDAQ,Y
FTXR,First Trust Nasdaq Transportation ETF,NASDAQ,Y
FUBO,FuboTV Inc. Class A Common Stock,N,N
FUFU,BitFuFu Inc. - Class A Ordinary Shares,NASDAQ,N
FUFUW,BitFuFu Inc. - Warrant,NASDAQ,N
FUL,H. B. Fuller Company Common Stock,N,N
FULC,"Fulcrum Therapeutics, Inc. - Common Stock",NASDAQ,N
FULT,Fulton Financial Corporation - Common Stock,NASDAQ,N
FULTP,"Fulton Financial Corporation - Depositary Shares Each Representing a 1/40th Interest in a Share of Fixed Rate Non-Cumulative Perpetual Preferred Stock, Series A",NASDAQ,N
FUMB,First Trust Ultra Short Duration Municipal ETF,P,Y
FUN,Six Flags Entertainment Corporation Common Stock New,N,N
FUNC,First United Corporation - Common Stock,NASDAQ,N
FUND,"Sprott Focus Trust, Inc. - Closed End Fund",NASDAQ,N
FUNL,CornerCap Fundametrics Large-Cap ETF,Z,Y
FURY,Fury Gold Mines Limited Common Shares,A,N
FUSB,"First US Bancshares, Inc. - Common Stock",NASDAQ,N
FUSE,Fusemachines Inc. - Common stock,NASDAQ,N
FUSEW,Fusemachines Inc. - Warrants,NASDAQ,N
FUSI,American Century Multisector Floating Income ETF,P,Y
FUTG,Leverage Shares 2x Long FUTU Daily ETF,NASDAQ,Y
FUTU,Futu Holdings Limited - American Depositary Shares,NASDAQ,N
FUTY,Fidelity MSCI Utilities Index ETF,P,Y
FV,First Trust Dorsey Wright Focus 5 ETF,NASDAQ,Y
FVAL,Fidelity Value Factor ETF,P,Y
FVC,First Trust Dorsey Wright Dynamic Focus 5 ETF,NASDAQ,Y
FVCB,"FVCBankcorp, Inc. - Common Stock",NASDAQ,N
FVD,First Trust VL Dividend,P,Y
FVN,Future Vision II Acquisition Corporation - Ordinary Shares,NASDAQ,N
FVNNR,Future Vision II Acquisition Corporation - Right,NASDAQ,N
FVNNU,Future Vision II Acquisition Corporation - Units,NASDAQ,N
FVR,"FrontView REIT, Inc. Common Stock",N,N
FVRR,"Fiverr International Ltd. Ordinary Shares, no par value",N,N
FWD,AB Disruptors ETF,P,Y
FWDI,"Forward Industries, Inc. - Common Stock",NASDAQ,N
FWONA,Liberty Media Corporation - Series A Liberty Formula One Common Stock,NASDAQ,N
FWONK,Liberty Media Corporation - Series C Liberty Formula One Common Stock,NASDAQ,N
FWRD,Forward Air Corporation - Common Stock,NASDAQ,N
FWRG,"First Watch Restaurant Group, Inc. - Common Stock",NASDAQ,N
FXA,Invesco CurrencyShares Australian Dollar Trust,P,Y
FXB,Invesco CurrencyShares British Pound Sterling Trust,P,Y
FXC,Invesco CurrencyShares Canadian Dollar Trust,P,Y
FXD,First Trust Cons. Discret. AlphaDEX,P,Y
FXE,Invesco CurrencyShares Euro Currency Trust,P,Y
FXED,Sound Enhanced Fixed Income ETF,N,Y
FXF,Invesco CurrencyShares Swiss Franc Trust,P,Y
FXG,First Trust Cons. Staples AlphaDEX,P,Y
FXH,First Trust Health Care AlphaDEX,P,Y
FXI,iShares China Large-Cap ETF,P,Y
FXL,First Trust Technology AlphaDEX,P,Y
FXN,First Trust Energy AlphaDEX Fund,P,Y
FXNC,First National Corporation - Common Stock,NASDAQ,N
FXO,First Trust Financials AlphaDEX,P,Y
FXP,ProShares UltraShort FTSE China 50,P,Y
FXR,First Trust Industrials AlphaDEX,P,Y
FXU,First Trust Utilities AlphaDEX Fund,P,Y
FXY,Invesco CurrencyShares Japanese Yen Trust,P,Y
FXZ,First Trust Materials AlphaDEX Fund,P,Y
FYBR,"Frontier Communications Parent, Inc. - Common Stock",NASDAQ,N
FYC,First Trust Small Cap Growth AlphaDEX Fund,NASDAQ,Y
FYEE,Fidelity Yield Enhanced Equity ETF,Z,Y
FYLD,Cambria Foreign Shareholder Yield ETF,Z,Y
FYT,First Trust Small Cap Value AlphaDEX Fund,NASDAQ,Y
FYX,First Trust Small Cap Core AlphaDEX Fund,NASDAQ,Y
G,Genpact Limited Common Stock,N,N
GAA,Cambria Global Asset Allocation ETF,Z,Y
GAB,"Gabelli Equity Trust, Inc. (The) Common Stock",N,N
GAB$G,"Gabelli Equity Trust, Inc. (The) Series G Cumulative Preferred Stock",N,N
GAB$H,"Gabelli Equity Trust, Inc. (The) Pfd Ser H",N,N
GAB$K,"Gabelli Equity Trust, Inc. (The) 5.00% Series K Cumulative Preferred Stock",N,N
GABC,"German American Bancorp, Inc. - Common Stock",NASDAQ,N
GABF,Gabelli ETFs Trust Gabelli Financial Services Opportunities ETF,P,Y
GAEM,Simplify Gamma Emerging Market Bond ETF,P,Y
GAIA,"Gaia, Inc. - Class A Common Stock",NASDAQ,N
GAID,Guinness Atkinson International Dividend Builder ETF,P,Y
GAIN,Gladstone Investment Corporation - Business Development Company,NASDAQ,N
GAINI,Gladstone Investment Corporation - 7.875% Notes due 2030,NASDAQ,N
GAINN,Gladstone Investment Corporation - 5.00% Notes Due 2026,NASDAQ,N
GAINZ,Gladstone Investment Corporation - 4.875% Notes due 2028,NASDAQ,N
GAL,State Street Global Allocation ETF,P,Y
GALT,Galectin Therapeutics Inc. - Common Stock,NASDAQ,N
GAM,"General American Investors, Inc. Common Stock",N,N
GAM$B,"General American Investors Company, Inc. Cumulative Preferred Stock",N,N
GAMB,Gambling.com Group Limited - Ordinary Shares,NASDAQ,N
GAME,"GameSquare Holdings, Inc. - Common stock",NASDAQ,N
GAMR,Amplify Video Game Leaders ETF,P,Y
GANX,"Gain Therapeutics, Inc. - Common Stock",NASDAQ,N
GAP,"Gap, Inc. (The) Common Stock",N,N
GAPR,FT Vest U.S. Equity Moderate Buffer ETF - April,Z,Y
GARA,Guinness Atkinson Real Assets Income ETF,P,Y
GARP,iShares MSCI USA Quality GARP ETF,Z,Y
GARY,Mango Growth ETF,NASDAQ,Y
GASS,"StealthGas, Inc. - common stock",NASDAQ,N
GATX,GATX Corporation Common Stock,N,N
GAU,Galiano Gold Inc.,A,N
GAUD,Guinness Atkinson US Dividend Builder ETF,P,Y
GAUG,FT Vest U.S. Equity Moderate Buffer ETF - August,Z,Y
GAUZ,Gauzy Ltd. - Ordinary Shares,NASDAQ,N
GBAB,Guggenheim Taxable Municipal Bond & Investment Grade Debt Trust Common Shares of Beneficial Interest,N,N
GBCI,"Glacier Bancorp, Inc. Common Stock",N,N
GBDC,"Golub Capital BDC, Inc. - Closed End Fund",NASDAQ,N
GBF,iShares Government/Credit Bond ETF,P,Y
GBFH,GBank Financial Holdings Inc. - Common Stock,NASDAQ,N
GBHI,Gabelli High Income ETF,P,Y
GBIL,Goldman Sachs Access Treasury 0-1 Year ETF,P,Y
GBIO,Generation Bio Co. - Common stock,NASDAQ,N
GBLD,Invesco MSCI Green Building ETF,P,Y
GBLI,"Global Indemnity Group, LLC - Class A Common Shares",NASDAQ,N
GBND,Goldman Sachs Core Bond ETF,P,Y
GBR,"New Concept Energy, Inc Common Stock",A,N
GBTC,Grayscale Bitcoin Trust (BTC),P,Y
GBTG,"Global Business Travel Group, Inc. Class A Common Stock",N,N
GBUG,Sprott Active Gold & Silver Miners ETF,NASDAQ,Y
GBX,"Greenbrier Companies, Inc. (The) Common Stock",N,N
GBXA,Goldman Sachs U.S. Large Cap Buffer 1 ETF,Z,Y
GBXB,Goldman Sachs U.S. Large Cap Buffer 2 ETF,Z,Y
GBXC,Goldman Sachs U.S. Large Cap Buffer 3 ETF,Z,Y
GCAD,Gabelli Commercial Aerospace and Defense ETF,P,Y
GCAL,Goldman Sachs Dynamic California Municipal Income ETF,P,Y
GCBC,"Greene County Bancorp, Inc. - Common Stock",NASDAQ,N
GCC,WisdomTree EnhancedContinuous Commodity Index Fund,P,Y
GCL,GCL Global Holdings Ltd - Ordinary Shares,NASDAQ,N
GCLWW,GCL Global Holdings Ltd - Warrants,NASDAQ,N
GCMG,GCM Grosvenor Inc. - Class A Common Stock,NASDAQ,N
GCO,Genesco Inc. Common Stock,N,N
GCOR,Goldman Sachs Access U.S. Aggregate Bond ETF,P,Y
GCOW,Pacer Global Cash Cows Dividend ETF,Z,Y
GCT,GigaCloud Technology Inc - Class A Ordinary Shares,NASDAQ,N
GCTK,"GlucoTrack, Inc. - Common Stock",NASDAQ,N
GCTS,"GCT Semiconductor Holding, Inc. Common Stock",N,N
GCTS.W,"GCT Semiconductor Holding, Inc. Warrants, each whole warrant exercisable for one share of Common Stock at an exercise price of $11.50",N,N
GCV,"Gabelli Convertible and Income Securities Fund, Inc. (The) Common Stock",N,N
GD,General Dynamics Corporation Common Stock,N,N
GDC,GD Culture Group Limited - Common Stock,NASDAQ,N
GDDY,GoDaddy Inc. Class A Common Stock,N,N
GDE,WisdomTree Efficient Gold Plus Equity Strategy Fund,Z,Y
GDEC,FT Vest U.S. Equity Moderate Buffer ETF - December,Z,Y
GDEN,"Golden Entertainment, Inc. - Common Stock",NASDAQ,N
GDEV,GDEV Inc. - Ordinary Shares,NASDAQ,N
GDEVW,GDEV Inc. - Warrant,NASDAQ,N
GDFN,Tema International Defense Innovation ETF,NASDAQ,Y
GDHG,Golden Heaven Group Holdings Ltd.  - Class A Ordinary Shares,NASDAQ,N
GDIV,Harbor Dividend Growth Leaders ETF,N,Y
GDL,"GDL Fund, The Common Shares of Beneficial Interest",N,N
GDLC,Grayscale CoinDesk Crypto 5 ETF,P,Y
GDMA,GadsdenA DynamicA Multi-AssetA ETF,Z,Y
GDMN,WisdomTree Efficient Gold Plus Gold Miners Strategy Fund,Z,Y
GDO,Western Asset Global Corporate Opportunity Fund Inc. Common Stock,N,N
GDOC,Goldman Sachs Future Health Care Equity ETF,P,Y
GDOG,Grayscale Dogecoin Trust ETF,P,Y
GDOT,"Green Dot Corporation Class A Common Stock, $0.001 par value",N,N
GDRX,"GoodRx Holdings, Inc. - Class A Common Stock",NASDAQ,N
GDS,GDS Holdings Limited - American Depositary Shares,NASDAQ,N
GDTC,CytoMed Therapeutics Limited - Ordinary Shares,NASDAQ,N
GDV,Gabelli Dividend & Income Trust Common Shares of Beneficial Interest,N,N
GDV$H,The Gabelli Dividend & Income Trust 5.375% Series H Cumulative Preferred Shares,N,N
GDV$K,The Gabelli Dividend & Income Trust 4.250% Series K Cumulative Preferred Shares,N,N
GDX,VanEck Gold Miners ETF,P,Y
GDXD,MicroSectors Gold Miners -3X Inverse Leveraged ETNs,P,Y
GDXJ,VanEck Junior Gold Miners ETF,P,Y
GDXU,MicroSectors Gold Miners 3X Leveraged ETN,P,Y
GDXW,Roundhill Gold Miners WeeklyPay ETF,Z,Y
GDXY,YieldMax Gold Miners Option Income Strategy ETF,P,Y
GDYN,"Grid Dynamics Holdings, Inc. - Class A Common Stock",NASDAQ,N
GE,GE Aerospace Common Stock,N,N
GECC,Great Elm Capital Corp. - Closed End Fund,NASDAQ,N
GECCG,Great Elm Capital Corp. - 7.75% Notes Due 2030,NASDAQ,N
GECCH,Great Elm Capital Corp. - 8.125% Notes Due 2029,NASDAQ,N
GECCI,Great Elm Capital Corp. - 8.50% NOTES DUE 2029,NASDAQ,N
GECCO,Great Elm Capital Corp. - 5.875% Notes due 2026,NASDAQ,N
GEF,Greif Inc. Class A Common Stock,N,N
GEF.B,"Greif, Inc. Corporation Class B Common Stock",N,N
GEG,"Great Elm Group, Inc.  - Common Stock",NASDAQ,N
GEGGL,"Great Elm Group, Inc.  - 7.25% Notes due 2027",NASDAQ,N
GEHC,GE HealthCare Technologies Inc. - Common Stock,NASDAQ,N
GEL,"Genesis Energy, L.P. Common Units",N,N
GELS,Gelteq Limited - Ordinary Shares,NASDAQ,N
GEM,Goldman Sachs ActiveBeta Emerging Markets Equity ETF,P,Y
GEMD,Goldman Sachs Access Emerging Markets USD Bond ETF,Z,Y
GEME,Pacific North of South EM Equity Active ETF,NASDAQ,Y
GEMG,Leverage Shares 2X Long GEMI Daily ETF,NASDAQ,Y
GEMI,"Gemini Space Station, Inc. - Class A Common Stock",NASDAQ,N
GEN,Gen Digital Inc. - Common Stock,NASDAQ,N
GENC,"Gencor Industries, Inc. Common Stock",A,N
GEND,Genter Capital Dividend Income ETF,P,Y
GENI,Genius Sports Limited Ordinary Shares,N,N
GENK,"GEN Restaurant Group, Inc. - Class A Common Stock",NASDAQ,N
GENM,Genter Capital Municipal Quality Intermediate ETF,P,Y
GENT,Genter Capital Taxable Quality Intermediate ETF,P,Y
GENVR,Gen Digital Inc. - Contingent Value Rights,NASDAQ,N
GENW,Genter Capital International Dividend ETF,P,Y
GEO,Geo Group Inc (The) REIT,N,N
GEOA,WisdomTree GeoAlpha Opportunities Fund,P,Y
GEOS,Geospace Technologies Corporation - Common Stock,NASDAQ,N
GERN,Geron Corporation - Common Stock,NASDAQ,N
GES,"Guess?, Inc. Common Stock",N,N
GETY,"Getty Images Holdings, Inc. Class A Common Stock",N,N
GEV,GE Vernova Inc. Common Stock,N,N
GEVG,Leverage Shares 2X Long GEV Daily ETF,NASDAQ,Y
GEVO,"Gevo, Inc. - Common Stock",NASDAQ,N
GEVX,Tradr 2X Long GEV Daily ETF,Z,Y
GEW,Cambria Global EW ETF,NASDAQ,Y
GF,"New Germany Fund, Inc. (The) Common Stock",N,N
GFAI,"Guardforce AI Co., Limited - Ordinary Shares",NASDAQ,N
GFAIW,"Guardforce AI Co., Limited - Warrant",NASDAQ,N
GFEB,FT Vest U.S. Equity Moderate Buffer ETF - February,Z,Y
GFF,Griffon Corporation Common Stock,N,N
GFGF,Guru Favorite Stocks ETF,NASDAQ,Y
GFI,Gold Fields Limited American Depositary Shares,N,N
GFL,"GFL Environmental Inc. Subordinate voting shares, no par value",N,N
GFLW,VictoryShares Free Cash Flow Growth ETF,NASDAQ,Y
GFR,Greenfire Resources Ltd. Common Shares,N,N
GFS,GlobalFoundries Inc. - Ordinary Share,NASDAQ,N
GGAL,"Grupo Financiero Galicia S.A. - American Depositary Shares, Class B Shares underlying",NASDAQ,N
GGB,Gerdau S.A. Common Stock,N,N
GGG,Graco Inc. Common Stock,N,N
GGLL,Direxion Daily GOOGL Bull 2X Shares,NASDAQ,Y
GGLS,Direxion Daily GOOGL Bear 1X Shares,NASDAQ,Y
GGM,GGM Macro Alignment ETF,P,Y
GGME,Invesco Next Gen Media and Gaming ETF,P,Y
GGN,"GAMCO Global Gold, Natural Resources & Income Trust",A,N
GGN$B,"GAMCO Global Gold, Natural Reources & Income Trust 5.00% Series B Cumulative 25.00 Liquidation Preference",A,N
GGOV,iShares Global Government Bond USD Hedged Active ETF,P,Y
GGR,Gogoro Inc. - Ordinary Shares,NASDAQ,N
GGROW,Gogoro Inc. - Warrant,NASDAQ,N
GGRW,Gabelli Growth Innovators ETF,P,Y
GGT,"Gabelli Multi-Media Trust, Inc. (The) Common Stock",N,N
GGT$E,Gabelli Multi-Media Trust Inc. (The) 5.125% Series E Cumulative Preferred Stock,N,N
GGT$G,Gabelli Multi-Media Trust Inc. (The) 5.125% Series G Cumulative Preferred Shares,N,N
GGTL,Gabelli Global Technology Leaders ETF,P,Y
GGUS,Goldman Sachs MarketBeta Russell 1000 Growth Equity ETF,P,Y
GGZ,Gabelli Global Small and Mid Cap Value Trust (The) Common Shares of Beneficial Interest,N,N
GH,"Guardant Health, Inc. - Common Stock",NASDAQ,N
GHC,Graham Holdings Company Common Stock,N,N
GHG,"GreenTree Hospitality Group Ltd. American depositary shares, each representing one Class A ordinary share",N,N
GHI,Greystone Housing Impact Investors LP Beneficial Unit Certificates representing assignments of limited partnership interests,N,N
GHM,Graham Corporation Common Stock,N,N
GHRS,GH Research PLC - Ordinary Shares,NASDAQ,N
GHTA,Goose Hollow Tactical Allocation ETF,Z,Y
GHY,"PGIM Global High Yield Fund, Inc.",N,N
GHYB,Goldman Sachs Access High Yield Corporate Bond ETF,P,Y
GHYG,iShares US & Intl High Yield Corp Bond ETF,Z,Y
GIAX,Nicholas Global Equity and Income ETF,P,Y
GIB,CGI Inc. Common Stock,N,N
GIBO,GIBO Holdings Limited - Class A Ordinary Shares,NASDAQ,N
GIBOW,GIBO Holdings Limited - Warrants,NASDAQ,N
GIC,Global Industrial Company Common Stock,N,N
GIFI,"Gulf Island Fabrication, Inc. - Common Stock",NASDAQ,N
GIFT,"Giftify, Inc. - Common Stock",NASDAQ,N
GIG,GigCapital7 Corp. - Class A Ordinary Share,NASDAQ,N
GIGB,Goldman Sachs Access Investment Grade Corporate Bond ETF,P,Y
GIGGU,GigCapital7 Corp. - Unit,NASDAQ,N
GIGGW,GigCapital7 Corp. - Warrant,NASDAQ,N
GIGL,Goldman Sachs Corporate Bond ETF,P,Y
GIGM,GigaMedia Limited - Ordinary Shares,NASDAQ,N
GII,SPDR S&P Global Infrastructure ETF,P,Y
GIII,"G-III Apparel Group, LTD. - Common Stock",NASDAQ,N
GIL,"Gildan Activewear, Inc. Class A Sub. Vot. Common Stock",N,N
GILD,"Gilead Sciences, Inc. - Common Stock",NASDAQ,N
GILT,Gilat Satellite Networks Ltd. - Ordinary Shares,NASDAQ,N
GIND,Goldman Sachs India Equity ETF,NASDAQ,Y
GINN,Goldman Sachs Innovate Equity ETF,P,Y
GINX,SGI Enhanced Global Income ETF,NASDAQ,Y
GIPR,Generation Income Properties Inc. - Common stock,NASDAQ,N
GIPRW,Generation Income Properties Inc. - Warrant,NASDAQ,N
GIS,"General Mills, Inc. Common Stock",N,N
GITS,"Global Interactive Technologies, Inc. Common Stock - Common Stock",NASDAQ,N
GIW,GigCapital8 Corp. - Class A Ordinary Shares,NASDAQ,N
GIWWR,GigCapital8 Corp. - Rights,NASDAQ,N
GIWWU,GigCapital8 Corp. - Units,NASDAQ,N
GJAN,FT Vest U.S. Equity Moderate Buffer ETF - January,Z,Y
GJH,Synthetic Fixed-Income Securities Inc 6.375% (STRATS) Cl A-1,N,N
GJO,"Synthetic Fixed-Income Securities, Inc. on behalf of STRATS(SM) Trust for Wal-Mart Stores, Inc. Securities, Series 2004-5",N,N
GJP,"Synthetic Fixed-Income Securities, Inc. on behalf of STRATS (SM) Trust for Dominion Resources, Inc. Securities, Series 2005-6, Floating Rate Structured Repackaged Asset-Backed Trust Securities (STRATS) Certificates",N,N
GJR,"Synthetic Fixed-Income Securities, Inc. STRATS Trust for Procter&Gamble Securities, Series 2006-1",N,N
GJS,"Goldman Sachs Group Securities STRATS Trust for Goldman Sachs Group Securities, Series 2006-2",N,N
GJT,"Synthetic Fixed-Income Securities, Inc. Floating Rate Structured Repackaged Asset-Backed Trust Securities Certificates, Series 2006-3",N,N
GJUL,FT Vest U.S. Equity Moderate Buffer ETF - July,Z,Y
GJUN,FT Vest U.S. Equity Moderate Buffer ETF - June,Z,Y
GK,AdvisorShares Gerber Kawasaki ETF,P,Y
GKAT,Scharf Global Opportunity ETF,NASDAQ,Y
GKOS,Glaukos Corporation Common Stock,N,N
GL,Globe Life Inc. Common Stock,N,N
GL$D,Globe Life Inc. 4.25% Junior Subordinated Debentures due 2061,N,N
GLAD,Gladstone Capital Corporation - Closed End Fund,NASDAQ,N
GLBE,Global-E Online Ltd. - ordinary shares,NASDAQ,N
GLBL,Pacer MSCI World Industry Advantage ETF,Z,Y
GLBS,Globus Maritime Limited - Common Stock,NASDAQ,N
GLCR,GlacierShares Nasdaq Iceland ETF,NASDAQ,Y
GLD,SPDR Gold Shares,P,Y
GLDB,IDX Alternative FIAT ETF,NASDAQ,Y
GLDD,Great Lakes Dredge & Dock Corporation - Common Stock,NASDAQ,N
GLDG,GoldMining Inc. Common Shares,A,N
GLDI,"ETRACS Gold Shares Covered Call ETNs due February 2, 2033",NASDAQ,Y
GLDM,SPDR Gold MiniShares Trust,P,Y
GLDW,Roundhill Gold WeeklyPay ETF,Z,Y
GLDY,Defiance Gold Enhanced Options Income ETF,NASDAQ,Y
GLE,Global Engine Group Holding Limited - Class A Ordinary Shares,NASDAQ,N
GLGG,Leverage Shares 2X Long GLXY Daily ETF,NASDAQ,Y
GLIBA,"GCI Liberty, Inc. - Series A GCI Group Common Stock",NASDAQ,N
GLIBK,"GCI Liberty, Inc. - Series C GCI Group Common Stock",NASDAQ,N
GLIN,VanEck India Growth Leaders ETF,P,Y
GLIX,Lazard Listed Infrastructure ETF,P,Y
GLL,ProShares UltraShort Gold,P,Y
GLMD,Galmed Pharmaceuticals Ltd. - Ordinary Shares,NASDAQ,N
GLNG,Golar LNG Limited - Common Shares,NASDAQ,N
GLNK,Grayscale Chainlink Trust ETF,P,Y
GLO,Clough Global Opportunities Fund Common Stock,A,N
GLOB,Globant S.A. Common Shares,N,N
GLOF,iShares Global Equity Factor ETF,P,Y
GLOO,"Gloo Holdings, Inc. - Common Stock",NASDAQ,N
GLOP$A,GasLog Partners LP 8.625% Series A Cumulative Redeemable Perpetual Fixed to Floating Rate Preference Units,N,N
GLOP$B,GasLog Partners LP 8.200% Series B Cumulative Redeemable Perpetual Fixed to Floating Rate Preference Units,N,N
GLOP$C,GasLog Partners LP 8.500% Series C Cumulative Redeemable Perpetual Fixed to Floating Rate Preference Units,N,N
GLOV,Goldman Sachs ActiveBeta World Low Vol Plus Equity ETF,Z,Y
GLOW,VictoryShares WestEnd Global Equity ETF,NASDAQ,Y
GLP,Global Partners LP Common Units representing Limited Partner Interests,N,N
GLP$B,Global Partners LP 9.50% Series B Fixed Rate Cumulative Redeemable Perpetual Preferred Units representing limited partner interests,N,N
GLPG,Galapagos NV - American Depositary Shares,NASDAQ,N
GLPI,"Gaming and Leisure Properties, Inc. - Common Stock",NASDAQ,N
GLQ,Clough Global Equity Fund Clough Global Equity Fund Common Shares of Beneficial Interest,A,N
GLRE,"Greenlight Reinsurance, Ltd. - Class A Ordinary Shares",NASDAQ,N
GLRY,Inspire Growth ETF,P,Y
GLSI,"Greenwich LifeSciences, Inc. - Common stock",NASDAQ,N
GLTO,"Galecto, Inc. - Common Stock",NASDAQ,N
GLTR,abrdn Physical Precious Metals Basket Shares ETF,P,Y
GLU,Gabelli Global Utility Common Shares of Beneficial Ownership,A,N
GLU$A,The Gabelli Global Utility and Income Trust Series A Cumulative Puttable and Callable Preferred Shares,A,N
GLU$B,The Gabelli Global Utility and Income Trust Series B Cumulative Puttable and Callable Preferred Shares,A,N
GLUE,"Monte Rosa Therapeutics, Inc. - Common Stock",NASDAQ,N
GLV,Clough Global Dividend and Income Fund Common Shares of beneficial interest,A,N
GLW,Corning Incorporated Common Stock,N,N
GLXG,Galaxy Payroll Group Limited - Class A Ordinary Shares,NASDAQ,N
GLXU,T-REX 2X Long GLXY Daily Target ETF,Z,Y
GLXY,Galaxy Digital Inc. - Class A common stock,NASDAQ,N
GM,General Motors Company Common Stock,N,N
GMAB,Genmab A/S - American Depositary Shares,NASDAQ,N
GMAR,FT Vest U.S. Equity Moderate Buffer ETF - March,Z,Y
GMAY,FT Vest U.S. Equity Moderate Buffer ETF - May,Z,Y
GME,GameStop Corporation Common Stock,N,N
GME.W,GameStop Corporation Warrants to Purchase Common Stock,N,N
GMED,"Globus Medical, Inc. Class A Common Stock",N,N
GMET,VanEck Green Metals ETF,P,Y
GMEU,T-REX 2X Long GME Daily Target ETF,Z,Y
GMEY,YieldMax GME Option Income Strategy ETF,P,Y
GMF,SPDR S&P Emerging Asia Pacific ETF,P,Y
GMGI,"Golden Matrix Group, Inc. - Common Stock",NASDAQ,N
GMHS,Gamehaus Holdings Inc. - Class A Ordinary Shares,NASDAQ,N
GMM,Global Mofy AI Limited  - Class A Ordinary Shares,NASDAQ,N
GMMA,GammaRoad Market Navigation ETF,P,Y
GMMF,iShares Government Money Market ETF,P,Y
GMNY,Goldman Sachs Dynamic New York Municipal Income ETF,P,Y
GMOC,GMO Ultra-Short Income ETF,P,Y
GMOD,GMO Dynamic Allocation ETF,P,Y
GMOI,GMO International Value ETF,P,Y
GMOM,Cambria Global Momentum ETF,Z,Y
GMOV,GMO US Value ETF,P,Y
GMRE,Global Medical REIT Inc. Common Stock,N,N
GMRE$A,Global Medical REIT Inc. Series A Cumulative Redeemable Preferred Stock,N,N
GMRE$B,"Global Medical REIT Inc. 8.00% Series B Cumulative Redeemable Preferred Stock, $0.001 par value per share",N,N
GMUB,Goldman Sachs Municipal Income ETF,P,Y
GMUN,Goldman Sachs Access Municipal Bond ETF,P,Y
GNE,Genie Energy Ltd. Class B Common Stock Stock,N,N
GNK,Genco Shipping & Trading Limited Ordinary Shares New (Marshall Islands),N,N
GNL,"Global Net Lease, Inc. Common Stock",N,N
GNL$A,"Global Net Lease, Inc. 7.25% Series A Cumulative Redeemable Preferred Stock, $0.01 par value per share",N,N
GNL$B,"Global Net Lease, Inc. 6.875% Series B Cumulative Redeemable Perpetual Preferred Stock",N,N
GNL$D,"Global Net Lease, Inc. 7.50% Series D Cumulative Redeemable Perpetual Preferred Stock",N,N
GNL$E,"Global Net Lease, Inc. 7.375% Series E Cumulative Redeemable Perpetual Preferred Stock",N,N
GNLN,"Greenlane Holdings, Inc. - Class A Common Stock",NASDAQ,N
GNLX,Genelux Corporation - Common Stock,NASDAQ,N
GNMA,iShares GNMA Bond ETF,NASDAQ,Y
GNOM,Global X Genomics & Biotechnology ETF,NASDAQ,Y
GNOV,FT Vest U.S. Equity Moderate Buffer ETF - November,Z,Y
GNPX,"Genprex, Inc. - Common Stock",NASDAQ,N
GNR,SPDR S&P Global Natural Resources ETF,P,Y
GNRC,Generac Holdlings Inc. Common Stock,N,N
GNS,Genius Group Limited Ordinary Shares,A,N
GNSS,Genasys Inc. - Common Stock,NASDAQ,N
GNT,"GAMCO Natural Resources, Gold & Income Trust",N,N
GNT$A,"GAMCO Natural Resources, Gold & Income Tust  5.20% Series A Cumulative Preferred Shares (Liquidation Preference $25.00 per share)",N,N
GNTA,Genenta Science S.p.A. - American Depositary Shares,NASDAQ,N
GNTX,Gentex Corporation - Common Stock,NASDAQ,N
GNW,Genworth Financial Inc Common Stock,N,N
GO,Grocery Outlet Holding Corp. - Common Stock,NASDAQ,N
GOAU,US Global GO Gold and Precious Metal Miners ETF,P,Y
GOCO,"GoHealth, Inc. - Class A Common Stock",NASDAQ,N
GOCT,FT Vest U.S. Equity Moderate Buffer ETF - October,Z,Y
GOEX,Global X Gold Explorers ETF,P,Y
GOF,Guggenheim Strategic Opportunities Fund Common Shares of Beneficial Interest,N,N
GOGO,Gogo Inc. - Common Stock,NASDAQ,N
GOLD,"Gold.com, Inc. Common Stock",N,N
GOLF,Acushnet Holdings Corp. Common Stock,N,N
GOLS,Gabelli Opportunities in Live and Sports ETF,P,Y
GOLY,Strategy Shares Gold Enhanced Yield ETF,Z,Y
GOOD,Gladstone Commercial Corporation - Real Estate Investment Trust,NASDAQ,N
GOODN,Gladstone Commercial Corporation - 6.625% Series E Cumulative Redeemable Preferred Stock,NASDAQ,N
GOODO,"Gladstone Commercial Corporation - 6.00% Series G Cumulative Redeemable Preferred Stock, par value $0.001 per share",NASDAQ,N
GOOG,Alphabet Inc. - Class C Capital Stock,NASDAQ,N
GOOGL,Alphabet Inc. - Class A Common Stock,NASDAQ,N
GOOP,Kurv Yield Premium Strategy Google (GOOGL) ETF,Z,Y
GOOS,Canada Goose Holdings Inc. Subordinate Voting Shares,N,N
GOOW,Roundhill GOOGL WeeklyPay ETF,Z,Y
GOOX,T-Rex 2X Long Alphabet Daily Target ETF,Z,Y
GOOY,YieldMax GOOGL Option Income Strategy ETF,P,Y
GOP,Unusual Whales Subversive Republican Trading ETF,Z,Y
GORO,Gold Resource Corporation Common Stock,A,N
GOSS,"Gossamer Bio, Inc. - Common Stock",NASDAQ,N
GOTU,Gaotu Techedu Inc. American Depositary Shares,N,N
GOU,GraniteShares 2x Long GOOGL Daily ETF,NASDAQ,Y
GOVI,Invesco Equal Weight 0-30 Year Treasury ETF,NASDAQ,Y
GOVT,iShares U.S. Treasury Bond ETF,Z,Y
GOVX,"GeoVax Labs, Inc. - Common Stock",NASDAQ,N
GOVZ,iShares 25  Year Treasury STRIPS Bond ETF,Z,Y
GP,GreenPower Motor Company Inc. - Common Shares,NASDAQ,N
GPACU,General Purpose Acquisition Corp. - Units,NASDAQ,N
GPAT,GP-Act III Acquisition Corp. - Class A Ordinary Share,NASDAQ,N
GPATU,GP-Act III Acquisition Corp. - Units,NASDAQ,N
GPATW,GP-Act III Acquisition Corp. - Warrants,NASDAQ,N
GPC,Genuine Parts Company Common Stock,N,N
GPCR,Structure Therapeutics Inc. - American Depositary Shares,NASDAQ,N
GPI,"Group 1 Automotive, Inc. Common Stock",N,N
GPIQ,Goldman Sachs Nasdaq-100 Premium Income ETF,NASDAQ,Y
GPIX,Goldman Sachs S&P 500 Premium Income ETF,NASDAQ,Y
GPJA,"Georgia Power Company Series 2017A 5.00% Junior Subordinated Notes due October 1, 2077",N,N
GPK,Graphic Packaging Holding Company,N,N
GPMT,Granite Point Mortgage Trust Inc. Common Stock,N,N
GPMT$A,Granite Point Mortgage Trust Inc. 7.00% Series A Fixed-to-Floating Rate Cumulative Redeemable Preferred Stock,N,N
GPN,Global Payments Inc. Common Stock,N,N
GPOR,Gulfport Energy Corporation Common Shares,N,N
GPRE,"Green Plains, Inc. - Common Stock",NASDAQ,N
GPRF,Goldman Sachs Access U.S. Preferred Stock and Hybrid Securities ETF,NASDAQ,Y
GPRK,Geopark Ltd Common Shares,N,N
GPRO,"GoPro, Inc. - Class A Common Stock",NASDAQ,N
GPT,Intelligent Alpha Atlas ETF,NASDAQ,Y
GPTY,YieldMax AI & Tech Portfolio Option Income ETF,P,Y
GPUS,"Hyperscale Data, Inc. Common Stock",A,N
GPUS$D,"Hyperscale Data, Inc. 13.00% Series D Cumulative Redeemable Perpetual Preferred Stock",A,N
GPZ,VanEck Alternative Asset Manager ETF,P,Y
GQGU,GQG US Equity ETF,P,Y
GQI,Natixis Gateway Quality Income ETF,P,Y
GQQQ,Astoria US Quality Growth Kings ETF,NASDAQ,Y
GQRE,FlexShares Global Quality Real Estate Index Fund,P,Y
GRAB,Grab Holdings Limited - Class A Ordinary Shares,NASDAQ,N
GRABW,Grab Holdings Limited - Warrant,NASDAQ,N
GRAF,Graf Global Corp. Class A ordinary shares,A,N
GRAF.U,"Graf Global Corp. Units, each consisting of one Class A ordinary share and one-half of one redeemable warrant",A,N
GRAF.W,"Graf Global Corp. Warrants, each whole warrant exercisable for one Class A ordinary share at an exercise price of $11.50 per share",A,N
GRAG,Leverage Shares 2X Long GRAB Daily ETF,NASDAQ,Y
GRAL,"GRAIL, Inc. - Common Stock",NASDAQ,N
GRAN,Grande Group Limited - Class A Ordinary Shares,NASDAQ,N
GRBK,"Green Brick Partners, Inc. Common Stock",N,N
GRBK$A,"Green Brick Partners, Inc. Depositary Shares (each representing a 1/1000th fractional interest in a share of 5.75% Series A Cumulative Perpetual Preferred Stock)",N,N
GRC,Gorman-Rupp Company (The) Common Stock,N,N
GRCE,"Grace Therapeutics, Inc. - Common Stock",NASDAQ,N
GRDN,"Guardian Pharmacy Services, Inc. Class A Common Stock",N,N
GRDX,GridAI Technologies Corp.  - Common Stock,NASDAQ,N
GREE,Greenidge Generation Holdings Inc. - Class A Common Stock,NASDAQ,N
GREEL,Greenidge Generation Holdings Inc. - 8.50% Senior Notes due 2026,NASDAQ,N
GREK,Global X MSCI Greece ETF,P,Y
GRF,"Eagle Capital Growth Fund, Inc. Common Stock",A,N
GRFS,"Grifols, S.A. - American Depositary Shares",NASDAQ,N
GRI,"GRI Bio, Inc. - Common Stock",NASDAQ,N
GRID,First Trust NASDAQ Clean Edge Smart Grid Infrastructure Index Fund,NASDAQ,Y
GRIN,VictoryShares International Free Cash Flow Growth ETF,NASDAQ,Y
GRMN,Garmin Ltd. Common Stock (Switzerland),N,N
GRN,iPath Series B Carbon Exchange-Traded Notes,P,N
GRNB,VanEck Green Bond ETF,P,Y
GRND,Grindr Inc. Common Stock,N,N
GRNI,Fundstrat Granny Shots US Large Cap & Income ETF,P,Y
GRNJ,Fundstrat Granny Shots US Small- & Mid-Cap ETF,P,Y
GRNQ,Greenpro Capital Corp. - Common Stock,NASDAQ,N
GRNT,"Granite Ridge Resources, Inc. Common Stock",N,N
GRNY,Fundstrat Granny Shots US Large Cap ETF,P,Y
GRO,Brazil Potash Corp. Common Shares,A,N
GROV,"Grove Collaborative Holdings, Inc. Class A Common Stock",N,N
GROW,"U.S. Global Investors, Inc. - Class A Common Stock",NASDAQ,N
GROY,Gold Royalty Corp. Common Shares,A,N
GROY.W,Gold Royalty Corp. Warrants,A,N
GROZ,Zacks Focus Growth ETF,Z,Y
GRPM,Invesco S&P MidCap 400 GARP ETF,P,Y
GRPN,"Groupon, Inc. - Common Stock",NASDAQ,N
GRPZ,Invesco S&P SmallCap 600 GARP ETF,P,Y
GRRR,Gorilla Technology Group Inc. - Ordinary shares,NASDAQ,N
GRRRW,Gorilla Technology Group Inc. - Warrant,NASDAQ,N
GRVY,"GRAVITY Co., Ltd. - American depositary shares, each representing one common share.",NASDAQ,N
GRW,TCW Durable Growth ETF,NASDAQ,Y
GRWG,GrowGeneration Corp. - Common Stock,NASDAQ,N
GRX,The Gabelli Healthcare & Wellness Trust Common Shares of Beneficial Interest,N,N
GS,"Goldman Sachs Group, Inc. (The) Common Stock",N,N
GS$A,"Goldman Sachs Group, Inc. (The) Depositary Shares each representing 1/1000th Interest in a Share of Floating Rate Non-Cumulative Preferred Stock Series A",N,N
GS$C,"Goldman Sachs Group, Inc. (The) Depositary Share repstg 1/1000th Preferred Series C",N,N
GS$D,"Goldman Sachs Group, Inc. (The) Dep Shs repstg 1/1000 Pfd Ser D Fltg",N,N
GSAT,"Globalstar, Inc. - Common Stock",NASDAQ,N
GSBC,"Great Southern Bancorp, Inc. - Common Stock",NASDAQ,N
GSBD,"Goldman Sachs BDC, Inc. Common Stock",N,N
GSC,Goldman Sachs Small Cap Equity ETF,P,Y
GSEE,Goldman Sachs MarketBeta Emerging Markets Equity ETF,Z,Y
GSEP,FT Vest U.S. Equity Moderate Buffer ETF - September,Z,Y
GSEU,Goldman Sachs ActiveBeta Europe Equity ETF,P,Y
GSEW,Goldman Sachs Equal Weight U.S. Large Cap Equity ETF,Z,Y
GSG,iShares GSCI Commodity-Indexed Trust Fund,P,Y
GSGO,Goldman Sachs Growth Opportunities ETF,NASDAQ,Y
GSHD,"Goosehead Insurance, Inc. - Class A Common Stock",NASDAQ,N
GSHR,Gesher Acquisition Corp. II - Class A Ordinary Shares,NASDAQ,N
GSHRU,Gesher Acquisition Corp. II - Units,NASDAQ,N
GSHRW,Gesher Acquisition Corp. II - Warrants,NASDAQ,N
GSIB,Themes Global Systemically Important Banks ETF,NASDAQ,Y
GSID,Goldman Sachs MarketBeta International Equity ETF,Z,Y
GSIE,Goldman Sachs ActiveBeta International Equity ETF,P,Y
GSIG,Goldman Sachs Access Investment Grade Corporate 1-5 Year Bond ETF,P,Y
GSIT,"GSI Technology, Inc. - Common Stock",NASDAQ,N
GSIW,Garden Stage Limited - Ordinary Shares,NASDAQ,N
GSJY,Goldman Sachs ActiveBeta Japan Equity ETF,P,Y
GSK,GSK plc American Depositary Shares (Each representing two Ordinary Shares),N,N
GSKH,GSK plc ADRhedged,P,Y
GSL,Global Ship Lease Inc New Class A Common Shares,N,N
GSL$B,"Global Ship Lease, Inc. Depository Shares Representing 1/100th Perpetual Preferred Series B% (Marshall Island)",N,N
GSLC,Goldman Sachs ActiveBeta U.S. Large Cap Equity ETF,P,Y
GSM,Ferroglobe PLC - Ordinary Shares,NASDAQ,N
GSOL,Grayscale Solana Staking ETF,P,Y
GSPY,Gotham Enhanced 500 ETF,P,Y
GSRF,GSR IV Acquisition Corp. - Class A ordinary share,NASDAQ,N
GSRFR,GSR IV Acquisition Corp. - Rights,NASDAQ,N
GSRFU,GSR IV Acquisition Corp. - Units,NASDAQ,N
GSSC,GS ActiveBeta U.S. Small Cap Equity ETF,P,Y
GSST,Goldman Sachs Ultra Short Bond ETF,Z,Y
GSUN,Golden Sun Health Technology Group Limited - Class A Ordinary Shares,NASDAQ,N
GSUS,Goldman Sachs MarketBeta U.S. Equity ETF,Z,Y
GSX,Tradr 2X Long GS Daily ETF,Z,Y
GSY,Invesco Ultra Short Duration ETF,P,Y
GT,The Goodyear Tire & Rubber Company - Common Stock,NASDAQ,N
GTBP,"GT Biopharma, Inc. - Common Stock",NASDAQ,N
GTE,Gran Tierra Energy Inc. Common Stock,A,N
GTEC,Greenland Technologies Holding Corporation - Ordinary Shares,NASDAQ,N
GTEK,Goldman Sachs Future Tech Leaders Equity ETF,P,Y
GTEN,"Gores Holdings X, Inc. - Class A ordinary shares",NASDAQ,N
GTENU,"Gores Holdings X, Inc. - Units",NASDAQ,N
GTENW,"Gores Holdings X, Inc. - Warrants",NASDAQ,N
GTERA,Globa Terra Acquisition Corporation - Class A Ordinary Shares,NASDAQ,N
GTERR,Globa Terra Acquisition Corporation - Rights,NASDAQ,N
GTERU,Globa Terra Acquisition Corporation - Units,NASDAQ,N
GTERW,Globa Terra Acquisition Corporation - Warrants,NASDAQ,N
GTES,Gates Industrial Corporation plc Ordinary Shares,N,N
GTIM,Good Times Restaurants Inc. - Common Stock,NASDAQ,N
GTIP,Goldman Sachs Access Inflation Protected USD Bond ETF,Z,Y
GTLB,GitLab Inc. - Class A Common Stock,NASDAQ,N
GTLS,"Chart Industries, Inc. Common Stock",N,N
GTM,ZoomInfo Technologies Inc. - Common Stock,NASDAQ,N
GTN,"Gray Media, Inc. Common Stock",N,N
GTN.A,"Gray Media, Inc. Class A Common Stock",N,N
GTO,Invesco Total Return Bond ETF,P,Y
GTOC,Invesco Core Fixed Income ETF,Z,Y
GTOP,Goldman Sachs Technology Opportunities ETF,NASDAQ,Y
GTOS,Invesco Short Duration Total Return Bond ETF,Z,Y
GTPE,Goldman Sachs MSCI World Private Equity Return Tracker ETF,NASDAQ,Y
GTR,WisdomTree Target Range Fund,NASDAQ,Y
GTX,Garrett Motion Inc. - Common Stock,NASDAQ,N
GTY,Getty Realty Corporation Common Stock,N,N
GUG,Guggenheim Active Allocation Fund Common Shares of Beneficial Interest,N,N
GUMI,Goldman Sachs Ultra Short Municipal Income ETF,P,Y
GUNR,FlexShares Global Upstream Natural Resources Index Fund ETF,P,Y
GURE,"Gulf Resources, Inc. - Common Stock",NASDAQ,N
GURU,Global X Guru Index ETF,P,Y
GUSA,Goldman Sachs MarketBeta U.S. 1000 Equity ETF,P,Y
GUSE,Goldman Sachs Enhanced U.S. Equity ETF,NASDAQ,Y
GUSH,Direxion Daily S&P Oil & Gas Exp. & Prod. Bull 2X Shares,P,Y
GUT,Gabelli Utility Trust (The) Common Stock,N,N
GUT$C,Gabelli Utility Trust (The) 5.375% Series C Cumulative Preferred Shares,N,N
GUTS,"Fractyl Health, Inc. - Common Stock",NASDAQ,N
GV,Visionary Holdings Inc. - Common Shares,NASDAQ,N
GVA,Granite Construction Incorporated Common Stock,N,N
GVAL,Cambria Global Value ETF,Z,Y
GVH,Globavend Holdings Limited - Ord Shares,NASDAQ,N
GVI,iShares Intermediate Government/Credit Bond ETF,Z,Y
GVIP,Goldman Sachs Hedge Industry VIP ETF,P,Y
GVLE,Goldman Sachs Value Opportunities ETF,NASDAQ,Y
GVLU,Gotham 1000 Value ETF,P,Y
GVUS,Goldman Sachs MarketBeta Russell 1000 Value Equity ETF,P,Y
GWAV,"Greenwave Technology Solutions, Inc. - Common Stock",NASDAQ,N
GWH,"ESS Tech, Inc. Common Stock",N,N
GWH.W,"ESS Tech, Inc. Warrant",N,N
GWRE,"Guidewire Software, Inc. Common Stock",N,N
GWRS,"Global Water Resources, Inc. - common stock",NASDAQ,N
GWW,"W.W. Grainger, Inc. Common Stock",N,N
GWX,SPDR S&P International SmallCap ETF,P,Y
GXAI,Gaxos.ai Inc. - Common Stock,NASDAQ,N
GXC,SPDR S&P China ETF,P,Y
GXDW,Global X Dorsey Wright Thematic ETF,NASDAQ,Y
GXIG,Global X Investment Grade Corporate Bond ETF,P,Y
GXLC,Global X U.S. 500 ETF,P,Y
GXO,"GXO Logistics, Inc. Common Stock",N,N
GXPC,Global X PureCap MSCI Communication Services ETF,P,Y
GXPD,Global X PureCap MSCI Consumer Discretionary ETF,P,Y
GXPE,Global X PureCap MSCI Energy ETF,P,Y
GXPS,Global X PureCap MSCI Consumer Staples ETF,P,Y
GXPT,Global X PureCap MSCI Information Technology ETF,P,Y
GXRP,Grayscale XRP Trust ETF,P,Y
GXUS,Goldman Sachs MarketBeta Total International Equity ETF,P,Y
GYLD,Arrow Dow Jones Global Yield ETF ETF,N,Y
GYRE,"Gyre Therapeutics, Inc. - Common Stock",NASDAQ,N
GYRO,"Gyrodyne , LLC - Common Stock",NASDAQ,N
H,Hyatt Hotels Corporation Class A Common Stock,N,N
HACK,Amplify Cybersecurity ETF,P,Y
HAE,Haemonetics Corporation Common Stock,N,N
HAFC,Hanmi Financial Corporation - Common Stock,NASDAQ,N
HAFN,Hafnia Limited Common Shares,N,N
HAIL,State Street SPDR S&P Kensho Smart Mobility ETF,P,Y
HAIN,"The Hain Celestial Group, Inc. - Common Stock",NASDAQ,N
HAL,Halliburton Company Common Stock,N,N
HALO,"Halozyme Therapeutics, Inc. - Common Stock",NASDAQ,N
HAO,Haoxi Health Technology Limited - Class A Ord Share,NASDAQ,N
HAP,VanEck Natural Resources ETF,P,Y
HAPI,Harbor Human Capital Factor US Large Cap ETF,P,Y
HAPS,Harbor Human Capital Factor US Small Cap ETF,P,Y
HARD,Simplify Commodities Strategy No K-1 ETF,P,Y
HAS,"Hasbro, Inc. - Common Stock",NASDAQ,N
HASI,"HA Sustainable Infrastructure Capital, Inc. Common Stock",N,N
HAUS,Residential REIT ETF,Z,Y
HAUZ,Xtrackers International Real Estate ETF,P,Y
HAVA,Harvard Ave Acquisition Corporation - Class A Ordinary Share,NASDAQ,N
HAVAR,Harvard Ave Acquisition Corporation - Rights that convert on a 1/10th of 1 basis to Class A ordinary Shares,NASDAQ,N
HAVAU,Harvard Ave Acquisition Corporation - Unit,NASDAQ,N
HAWX,iShares Currency Hedged MSCI ACWI ex U.S. ETF,P,Y
HAYW,"Hayward Holdings, Inc. Common Stock",N,N
HBAN,Huntington Bancshares Incorporated - Common Stock,NASDAQ,N
HBANL,"Huntington Bancshares Incorporated - Depositary Shares, Each Representing a 1/40th Interest in a Share of 6.875% Series J Non-Cumulative Perpetual Preferred Stock",NASDAQ,N
HBANM,Huntington Bancshares Incorporated - Depositary Shares each representing a 1/1000th interest in a share of Huntington Series I Preferred Stock,NASDAQ,N
HBANP,Huntington Bancshares Incorporated - Depositary Shares 4.500% Series H Non-Cumulative Perpetual Preferred Stock,NASDAQ,N
HBB,Hamilton Beach Brands Holding Company Class A Common Stock,N,N
HBCP,"Home Bancorp, Inc. - Common Stock",NASDAQ,N
HBDC,Hilton BDC Corporate Bond ETF,NASDAQ,Y
HBIO,"Harvard Bioscience, Inc. - Common Stock",NASDAQ,N
HBM,Hudbay Minerals Inc. Ordinary Shares (Canada),N,N
HBNB,Hotel101 Global Holdings Corp. - Class A Ordinary Shares,NASDAQ,N
HBNC,"Horizon Bancorp, Inc. - Common Stock",NASDAQ,N
HBR,Canary HBAR ETF,NASDAQ,Y
HBT,"HBT Financial, Inc. - Common Stock",NASDAQ,N
HBTA,Horizon Expedition Plus ETF,P,Y
HBTC,Fortuna Hedged Bitcoin Fund,Z,Y
HCA,"HCA Healthcare, Inc. Common Stock",N,N
HCACU,Hall Chadwick Acquisition Corp. - Unit,NASDAQ,N
HCAI,"Huachen AI Parking Management Technology Holding Co., Ltd. - Class A Ordinary Shares",NASDAQ,N
HCAT,"Health Catalyst, Inc - Common stock",NASDAQ,N
HCC,"Warrior Met Coal, Inc. Common Stock",N,N
HCHL,Happy City Holdings Limited - Class A Ordinary shares,NASDAQ,N
HCI,"HCI Group, Inc. Common Stock",N,N
HCKT,"The Hackett Group, Inc. - Common Stock",NASDAQ,N
HCM,HUTCHMED (China) Limited - American Depositary Shares,NASDAQ,N
HCMA,HCM III Acquisition Corp. - Class A Ordinary Share,NASDAQ,N
HCMAU,HCM III Acquisition Corp. - Units,NASDAQ,N
HCMAW,HCM III Acquisition Corp. - Warrants,NASDAQ,N
HCMT,Direxion HCM Tactical Enhanced US ETF,P,Y
HCOW,Amplify COWS Covered Call ETF,NASDAQ,Y
HCRB,Hartford Core Bond ETF,Z,Y
HCSG,"Healthcare Services Group, Inc. - Common Stock",NASDAQ,N
HCTI,"Healthcare Triangle, Inc. - Common Stock",NASDAQ,N
HCWB,HCW Biologics Inc. - Common Stock,NASDAQ,N
HCWC,Healthy Choice Wellness Corp. Class A Common Stock,A,N
HCXY,"Hercules Capital, Inc. 6.25% Notes due 2033",N,N
HD,"Home Depot, Inc. (The) Common Stock",N,N
HDB,HDFC Bank Limited Common Stock,N,N
HDEF,Xtrackers MSCI EAFE High Dividend Yield Equity ETF,P,Y
HDG,ProShares Hedge Replication ETF,P,Y
HDGE,Ranger Equity Bear Bear ETF,P,Y
HDL,SUPER HI INTERNATIONAL HOLDING LTD. - American Depositary Shares,NASDAQ,N
HDLB,"ETRACS Monthly Pay 2xLeveraged US High Dividend Low Volatility ETN Series B due September 30, 2044",P,Y
HDMV,First Trust Horizon Managed Volatility Developed International ETF,P,Y
HDSN,"Hudson Technologies, Inc. - Common Stock",NASDAQ,N
HDUS,Hartford Disciplined US Equity ETF,P,Y
HDV,iShares Core High Dividend ETF,P,Y
HE,"Hawaiian Electric Industries, Inc. Common Stock",N,N
HEAL,Global X HealthTech ETF,NASDAQ,Y
HECA,Hedgeye Capital Allocation ETF,P,Y
HECO,SPDR Galaxy Hedged Digital Asset Ecosystem ETF,NASDAQ,Y
HEDG,Equable Shares Hedged Equity ETF,P,Y
HEDJ,WisdomTree Europe Hedged Equity Fund,P,Y
HEEM,iShares Currency Hedged MSCI Emerging Markets ETF,Z,Y
HEFA,iShares Currency Hedged MSCI EAFE ETF,Z,Y
HEFT,Hedgeye Fourth Turning ETF,P,Y
HEGD,Swan Hedged Equity US Large Cap ETF,Z,Y
HEI,Heico Corporation Common Stock,N,N
HEI.A,Heico Corporation Common Stock,N,N
HEJD,VictoryShares Hedged Equity Income ETF,NASDAQ,Y
HELE,Helen of Troy Limited - Common Stock,NASDAQ,N
HELO,JPMorgan Hedged Equity Laddered Overlay ETF,P,Y
HELP,Cybin Inc. - Common Stock,NASDAQ,N
HELS,Hedgeye 130/30 Equity ETF,P,Y
HELX,Franklin Genomic Advancements ETF,Z,Y
HEMI,Hartford Equity Premium Income ETF,Z,Y
HEPS,D-Market Electronic Services & Trading - American Depositary Shares,NASDAQ,N
HEQ,John Hancock Diversified Income Fund Common Shares of Beneficial Interest,N,N
HEQQ,JPMorgan Nasdaq Hedged Equity Laddered Overlay ETF,NASDAQ,Y
HEQT,Simplify Hedged Equity ETF,P,Y
HERD,Pacer Cash Cows Fund of Funds ETF,NASDAQ,Y
HERE,Here Group Limited - American Depositary Shares,NASDAQ,N
HERO,Global X Video Games & Esports ETF,NASDAQ,Y
HERZ,"Herzfeld Credit Income Fund, Inc.  - Closed End Fund",NASDAQ,N
HESM,Hess Midstream LP Class A Representing Limited Partner Interests,N,N
HEWJ,iShares Currency Hedged MSCI Japan ETF,P,Y
HEZU,iShares Currency Hedged MSCI Eurozone ETF,P,Y
HF,DGA Core Plus Absolute Return ETF,N,Y
HFBL,"Home Federal Bancorp, Inc. of Louisiana - Common Stock",NASDAQ,N
HFEQ,Unlimited HFEQ Equity Long/Short ETF,N,Y
HFFG,HF Foods Group Inc. - Common Stock,NASDAQ,N
HFGM,Unlimited HFGM Global Macro ETF,N,Y
HFGO,Hartford Large Cap Growth ETF,Z,Y
HFMF,Unlimited HFMF Managed Futures ETF,N,Y
HFND,Unlimited HFND Multi-Strategy Return Tracker ETF,N,Y
HFRO,Highland Opportunities and Income Fund Common Shares of Beneficial Interest,N,N
HFRO$A,Highland Opportunities and Income Fund 5.375% Series A Cumulative Preferred Shares,N,N
HFRO$B,Highland Opportunities and Income Fund 5.375% Series B Cumulative Preferred Shares,N,N
HFSI,Hartford Strategic Income ETF,Z,Y
HFSP,TradersAI Large Cap Equity & Cash ETF,NASDAQ,Y
HFWA,Heritage Financial Corporation - Common Stock,NASDAQ,N
HFXI,NYLI FTSE International Equity Currency Neutral ETF,P,Y
HG,"Hamilton Insurance Group, Ltd. Class B Common Shares",N,N
HGBL,Heritage Global Inc. - Common Stock,NASDAQ,N
HGER,Harbor Commodity All-Weather Strategy ETF,N,Y
HGLB,Highland Global Allocation Fund Common Stock,N,N
HGRO,Hedgeye Quality Growth ETF,P,Y
HGTY,"Hagerty, Inc. Class A Common Stock",N,N
HGV,Hilton Grand Vacations Inc. Common Stock,N,N
HHH,Howard Hughes Holdings Inc. Common Stock,N,N
HHS,"Harte Hanks, Inc. - Common Stock",NASDAQ,N
HI,Hillenbrand Inc Common Stock,N,N
HIBL,Direxion Daily S&P 500 High Beta Bull 3X Shares,P,Y
HIBS,Direxion Daily S&P 500 High Beta Bear 3X Shares,P,Y
HIDE,Alpha Architect High Inflation and Deflation ETF,NASDAQ,Y
HIDV,AB US High Dividend ETF,P,Y
HIFS,Hingham Institution for Savings - Common Stock,NASDAQ,N
HIG,"The Hartford Insurance Group, Inc. Common Stock",N,N
HIG$G,"The Hartford Insurance Group, Inc. Depositary Shares each representing a 1/1000th interest in a share of 6.000% Non-Cumulative Preferred Stock, Series G",N,N
HIGH,Simplify Enhanced Income ETF,P,Y
HIHO,Highway Holdings Limited - Common Stock,NASDAQ,N
HII,"Huntington Ingalls Industries, Inc. Common Stock",N,N
HIMS,"Hims & Hers Health, Inc. Class A Common Stock",N,N
HIMU,iShares High Yield Muni Active ETF,Z,Y
HIMX,"Himax Technologies, Inc. - American depositary shares, each of which represents two ordinary shares.",NASDAQ,N
HIMY,Defiance Leveraged Long Income HIMS ETF,NASDAQ,Y
HIMZ,Defiance Daily Target 2X Long HIMS ETF,NASDAQ,Y
HIND,"Vyome Holdings, Inc. - Common Stock",NASDAQ,N
HIO,"Western Asset High Income Opportunity Fund, Inc. Common Stock",N,N
HIPO,Hippo Holdings Inc. Common Stock,N,N
HIPS,GraniteShares HIPS US High Income ETF,P,Y
HISF,First Trust High Income Strategic Focus ETF,NASDAQ,Y
HIT,"Health In Tech, Inc. - Class A Common Stock",NASDAQ,N
HITI,High Tide Inc. - Common Shares,NASDAQ,N
HIVE,HIVE Digital Technologies Ltd - Common Shares,NASDAQ,N
HIW,"Highwoods Properties, Inc. Common Stock",N,N
HIX,Western Asset High Income Fund II Inc. Common Stock,N,N
HIYS,Invesco High Yield Select ETF,Z,Y
HIYY,YieldMax HIMS Option Income Strategy ETF,P,Y
HKD,AMTD Digital Inc. American Depositary Shares (every five of which represent two Class A Ordinary Shares),N,N
HKIT,Hitek Global Inc. - Class A Ordinary Share,NASDAQ,N
HKPD,"Cellyan Biotechnology Co., Ltd  - Class A Ordinary Shares",NASDAQ,N
HL,Hecla Mining Company Common Stock,N,N
HL$B,Hecla Mining Company Preferred Stock,N,N
HLAL,Wahed FTSE USA Shariah ETF,NASDAQ,Y
HLF,Herbalife Ltd. Common Shares,N,N
HLI,"Houlihan Lokey, Inc. Class A Common Stock",N,N
HLIO,"Helios Technologies, Inc. Common Stock",N,N
HLIT,Harmonic Inc. - Common Stock,NASDAQ,N
HLLY,Holley Inc. Common Stock,N,N
HLLY.W,Holley Inc. Warrants,N,N
HLMN,Hillman Solutions Corp. - Common Stock,NASDAQ,N
HLN,Haleon plc American Depositary Shares (Each representing two Ordinary Shares),N,N
HLNE,Hamilton Lane Incorporated - Class A Common Stock,NASDAQ,N
HLP,Hongli Group Inc. - Ordinary Shares,NASDAQ,N
HLT,Hilton Worldwide Holdings Inc. Common Stock,N,N
HLX,"Helix Energy Solutions Group, Inc. Common Stock",N,N
HMC,"Honda Motor Company, Ltd. Common Stock",N,N
HMN,Horace Mann Educators Corporation Common Stock,N,N
HMOP,Hartford Municipal Opportunities ETF,P,Y
HMR,Heidmar Maritime Holdings Corp. - Common Stock,NASDAQ,N
HMY,Harmony Gold Mining Company Limited,N,N
HMYY,GraniteShares YieldBoost HIMS ETF,NASDAQ,Y
HNDL,Strategy Shares Nasdaq 7HANDL Index ETF,NASDAQ,Y
HNGE,"Hinge Health, Inc. Class A Common Stock",N,N
HNI,HNI Corporation Common Stock,N,N
HNNA,"Hennessy Advisors, Inc. - Common Stock",NASDAQ,N
HNNAZ,"Hennessy Advisors, Inc. - 4.875% Notes due 2026",NASDAQ,N
HNRG,Hallador Energy Company - Common Stock,NASDAQ,N
HNST,"The Honest Company, Inc. - Common Stock",NASDAQ,N
HNVR,"Hanover Bancorp, Inc. - Common Stock",NASDAQ,N
HODL,VanEck Bitcoin Trust,Z,Y
HODU,Direxion Daily HOOD Bull 2X ETF,NASDAQ,Y
HOFT,Hooker Furnishings Corporation - Common Stock,NASDAQ,N
HOG,"Harley-Davidson, Inc. Common Stock",N,N
HOII,REX HOOD Growth & Income ETF,Z,Y
HOLA,JPMorgan International Hedged Equity Laddered Overlay ETF,P,Y
HOLD,Harbor Alpha Layering ETF,P,Y
HOLO,MicroCloud Hologram Inc. - Ordinary Shares,NASDAQ,N
HOLOW,MicroCloud Hologram Inc. - Warrant,NASDAQ,N
HOLX,"Hologic, Inc. - Common Stock",NASDAQ,N
HOMB,"Home BancShares, Inc. Common Stock",N,N
HOMZ,Hoya Capital Housing ETF,P,Y
HON,Honeywell International Inc. - Common Stock,NASDAQ,N
HOOD,"Robinhood Markets, Inc. - Class A Common Stock",NASDAQ,N
HOOG,Leverage Shares 2X Long HOOD Daily ETF,NASDAQ,Y
HOOI,Defiance Leveraged Long Income HOOD ETF,NASDAQ,Y
HOOW,Roundhill HOOD WeeklyPay ETF,Z,Y
HOOX,Defiance Daily Target 2X Long HOOD ETF,NASDAQ,Y
HOOY,YieldMax HOOD Option Income Strategy ETF,P,Y
HOOZ,Defiance Daily Target 2X Short HOOD ETF,P,Y
HOPE,"Hope Bancorp, Inc. - Common Stock",NASDAQ,N
HOTH,"Hoth Therapeutics, Inc. - Common Stock",NASDAQ,N
HOUR,"Hour Loop, Inc. - common stock",NASDAQ,N
HOV,"Hovnanian Enterprises, Inc. Class A Common Stock",N,N
HOVNP,Hovnanian Enterprises Inc - Depositary Share representing 1/1000th of 7.625% Series A Preferred Stock,NASDAQ,N
HOVR,New Horizon Aircraft Ltd. - Class A Ordinary Shares,NASDAQ,N
HOVRW,New Horizon Aircraft Ltd. - Warrant,NASDAQ,N
HOWL,"Werewolf Therapeutics, Inc. - Common Stock",NASDAQ,N
HOYY,GraniteShares YieldBOOST HOOD ETF,NASDAQ,Y
HP,"Helmerich & Payne, Inc. Common Stock",N,N
HPAI,Helport AI Limited - Ordinary Shares,NASDAQ,N
HPAIW,Helport AI Limited - Warrants,NASDAQ,N
HPE,Hewlett Packard Enterprise Company Common Stock,N,N
HPE$C,Hewlett Packard Enterprise Company 7.625% Series C Mandatory Convertible Preferred Stock,N,N
HPF,John Hancock Pfd Income Fund II Pfd Income Fund II,N,N
HPI,John Hancock Preferred Income Fund Common Shares of Beneficial Interest,N,N
HPK,"HighPeak Energy, Inc. - Common Stock",NASDAQ,N
HPP,"Hudson Pacific Properties, Inc. Common Stock",N,N
HPP$C,"Hudson Pacific Properties, Inc. 4.750% Series C Cumulative Redeemable Preferred Stock",N,N
HPQ,HP Inc. Common Stock,N,N
HPS,John Hancock Preferred Income Fund III Preferred Income Fund III,N,N
HQGO,Hartford US Quality Growth ETF,NASDAQ,Y
HQH,abrdn Healthcare Investors Shares of Beneficial Interest,N,N
HQI,"HireQuest, Inc. - Common Stock",NASDAQ,N
HQL,abrdn Life Sciences Investors Shares of Beneficial Interest,N,N
HQY,"HealthEquity, Inc. - Common Stock",NASDAQ,N
HR,Healthcare Realty Trust Incorporated Common Stock,N,N
HRB,"H&R Block, Inc. Common Stock",N,N
HRI,Herc Holdings Inc. Common Stock,N,N
HRL,Hormel Foods Corporation Common Stock,N,N
HRMY,"Harmony Biosciences Holdings, Inc. - Common Stock",NASDAQ,N
HROW,"Harrow, Inc. - Common Stock",NASDAQ,N
HRTG,"Heritage Insurance Holdings, Inc. Common Stock",N,N
HRTS,Tema Heart & Health ETF,NASDAQ,Y
HRTX,"Heron Therapeutics, Inc.   - Common Stock",NASDAQ,N
HRZN,Horizon Technology Finance Corporation - Common Stock,NASDAQ,N
HSAI,"Hesai Group - American Depositary Share, each ADS represents one Class B ordinary share",NASDAQ,N
HSBC,"HSBC Holdings, plc. Common Stock",N,N
HSBH,HSBC Holdings plc ADRhedged,P,Y
HSCS,HeartSciences Inc. - Common Stock,NASDAQ,N
HSCSW,HeartSciences Inc. - Warrant,NASDAQ,N
HSCZ,iShares Currency Hedged MSCI EAFE Small-Cap ETF,P,Y
HSDT,Solana Company - Class A Common Stock,NASDAQ,N
HSHP,Himalaya Shipping Ltd. Common Shares,N,N
HSIC,"Henry Schein, Inc. - Common Stock",NASDAQ,N
HSMV,First Trust Horizon Managed Volatility Small/Mid ETF,P,Y
HSPT,Horizon Space Acquisition II Corp. - Ordinary share,NASDAQ,N
HSPTR,Horizon Space Acquisition II Corp. - Right,NASDAQ,N
HSPTU,Horizon Space Acquisition II Corp. - Units,NASDAQ,N
HST,"Host Hotels & Resorts, Inc. - Common Stock",NASDAQ,N
HSTM,"HealthStream, Inc. - Common Stock",NASDAQ,N
HSY,The Hershey Company Common Stock,N,N
HTAB,Hartford Schroders Tax-Aware Bond ETF,P,Y
HTAX,Nomura National High-Yield Municipal Bond ETF,P,Y
HTB,"HomeTrust Bancshares, Inc. Common Stock",N,N
HTBK,Heritage Commerce Corp - Common Stock,NASDAQ,N
HTCO,High-Trend International Group - Class A Ordinary Shares,NASDAQ,N
HTCR,"Heartcore Enterprises, Inc. - Common Stock",NASDAQ,N
HTD,John Hancock Tax Advantaged Dividend Income Fund Common Shares of Beneficial Interest,N,N
HTEC,ROBO Global Healthcare Technology and Innovation ETF,P,Y
HTFB,Horizon Technology Finance Corporation 4.875% Notes due 2026,N,N
HTFC,Horizon Technology Finance Corporation 6.25% Notes due 2027,N,N
HTFL,"Heartflow, Inc. - Common Stock",NASDAQ,N
HTGC,"Hercules Capital, Inc. Common Stock",N,N
HTH,Hilltop Holdings Inc.,N,N
HTHT,H World Group Limited - American Depositary Shares,NASDAQ,N
HTLD,"Heartland Express, Inc. - Common Stock",NASDAQ,N
HTLM,HomesToLife Ltd - Ordinary Shares,NASDAQ,N
HTO,H2O America  - Common Stock,NASDAQ,N
HTOO,Fusion Fuel Green PLC - Ordinary Shares,NASDAQ,N
HTRB,Hartford Total Return Bond ETF,P,Y
HTT,"High Templar Tech Limited American depositary shares, each representing one Class A ordinary share",N,N
HTUS,Hull Tactical US ETF,Z,Y
HTZ,"Hertz Global Holdings, Inc - Common Stock",NASDAQ,N
HTZWW,"Hertz Global Holdings, Inc - Warrant",NASDAQ,N
HUBB,Hubbell Inc Common Stock,N,N
HUBC,Hub Cyber Security Ltd. - Ordinary Shares,NASDAQ,N
HUBCW,Hub Cyber Security Ltd. - Warrant expiring 2/27/28,NASDAQ,N
HUBCZ,Hub Cyber Security Ltd. - Warrant,NASDAQ,N
HUBG,"Hub Group, Inc. - Class A Common Stock",NASDAQ,N
HUBS,"HubSpot, Inc. Common Stock",N,N
HUDI,"Huadi International Group Co., Ltd. - Ordinary Shares",NASDAQ,N
HUHU,HUHUTECH International Group Inc. - Ordinary Shares,NASDAQ,N
HUIZ,Huize Holding Limited - American Depositary Shares,NASDAQ,N
HUM,Humana Inc. Common Stock,N,N
HUMA,"Humacyte, Inc. - Common Stock",NASDAQ,N
HUMAW,"Humacyte, Inc. - Warrant",NASDAQ,N
HUMN,Roundhill Humanoid Robotics ETF,Z,Y
HUN,Huntsman Corporation Common Stock,N,N
HURA,"TuHURA Biosciences, Inc. - Common Stock",NASDAQ,N
HURC,"Hurco Companies, Inc. - Common Stock",NASDAQ,N
HURN,Huron Consulting Group Inc. - Common Stock,NASDAQ,N
HUSV,First Trust Horizon Managed Volatility Domestic ETF,P,Y
HUT,Hut 8 Corp. - Common Stock,NASDAQ,N
HUYA,"HUYA Inc. American depositary shares, each  representing one Class A ordinary share",N,N
HVAC,AdvisorShares HVAC and Industrials ETF,P,Y
HVII,Hennessy Capital Investment Corp. VII - Ordinary Shares,NASDAQ,N
HVIIR,Hennessy Capital Investment Corp. VII - Rights,NASDAQ,N
HVIIU,Hennessy Capital Investment Corp. VII - Unit,NASDAQ,N
HVMC,Highview Merger Corp. - Class A Ordinary Share,NASDAQ,N
HVMCU,Highview Merger Corp. - Units,NASDAQ,N
HVMCW,Highview Merger Corp. - Warrants,NASDAQ,N
HVT,"Haverty Furniture Companies, Inc. Common Stock",N,N
HVT.A,"Haverty Furniture Companies, Inc. Common Stock",N,N
HWAY,Themes US Infrastructure ETF,NASDAQ,Y
HWBK,"Hawthorn Bancshares, Inc. - Common Stock",NASDAQ,N
HWC,Hancock Whitney Corporation - Common Stock,NASDAQ,N
HWCPZ,Hancock Whitney Corporation - 6.25% Subordinated Notes due 2060,NASDAQ,N
HWH,HWH International Inc. - Common Stock,NASDAQ,N
HWKN,"Hawkins, Inc. - Common Stock",NASDAQ,N
HWM,Howmet Aerospace Inc. Common Stock,N,N
HWSM,Hotchkis & Wiley SMID Cap Diversified Value Fund,NASDAQ,Y
HXHX,Haoxin Holdings Limited - Class A Ordinary Shares,NASDAQ,N
HXL,Hexcel Corporation Common Stock,N,N
HY,"Hyster-Yale, Inc. Class A common stock",N,N
HYAC,Haymaker Acquisition Corp. 4 Class A Ordinary Shares,N,N
HYAC.U,"Haymaker Acquisition Corp. 4 Units, each consisting one Class A Ordinary Share and one-half of one redeemable Warrant",N,N
HYAC.W,"Haymaker Acquisition Corp. 4 Warrants, each whole warrant exercisable for one Class A ordinary share at an exercise price of $11.50 per share",N,N
HYBB,iShares BB Rated Corporate Bond ETF,P,Y
HYBI,NEOS Enhanced Income Credit Select ETF,NASDAQ,Y
HYBL,State Street Blackstone High Income ETF,Z,Y
HYBX,TCW High Yield Bond ETF,N,Y
HYD,VanEck High Yield Muni ETF,Z,Y
HYDB,iShares High Yield Systematic Bond ETF,Z,Y
HYDR,Global X Hydrogen ETF,NASDAQ,Y
HYDW,Xtrackers Low Beta High Yield Bond ETF,P,Y
HYEM,VanEck Emerging Markets High Yield Bond ETF,P,Y
HYFI,AB High Yield ETF,P,Y
HYFM,"Hydrofarm Holdings Group, Inc. - Common Stock",NASDAQ,N
HYFT,MindWalk Holdings Corp. - Common Stock,NASDAQ,N
HYG,iShares iBoxx $ High Yield Corporate Bond ETF,P,Y
HYGH,iShares Interest Rate Hedged High Yield Bond ETF,P,Y
HYGV,FlexShares High Yield Value-Scored Bond Index Fund,P,Y
HYGW,iShares High Yield Corporate Bond BuyWrite Strategy ETF,Z,Y
HYHG,ProShares High Yield Interest Rate Hedged,Z,Y
HYI,Western Asset High Yield Opportunity Fund Inc. Common Stock,N,N
HYIN,WisdomTree Private Credit and Alternative Income Fund,Z,Y
HYKE,Vest 2 Year Interest Rate Hedge ETF,Z,Y
HYLB,Xtrackers USD High Yield Corporate Bond ETF,P,Y
HYLN,Hyliion Holdings Corp. Class A Common Stock,A,N
HYLS,First Trust Tactical High Yield ETF,NASDAQ,Y
HYMB,State Street SPDR Nuveen ICE High Yield Municipal Bond ETF,P,Y
HYMC,Hycroft Mining Holding Corporation - Class A Common Stock,NASDAQ,N
HYNE,"Hoyne Bancorp, Inc. - Common Stock",NASDAQ,N
HYP,Golden Eagle Dynamic Hypergrowth ETF,NASDAQ,Y
HYPD,"Hyperion DeFi, Inc. - Common Stock",NASDAQ,N
HYPR,"Hyperfine, Inc.  - Class A Common Stock",NASDAQ,N
HYRM,Xtrackers Risk Managed USD High Yield Strategy ETF,P,Y
HYS,PIMCO 0-5 Year High Yield Corporat Bond Index Exchange-Traded Fund,P,Y
HYSA,BondBloxx USD High Yield Bond Sector Rotation ETF,P,Y
HYSD,Columbia Short Duration High Yield ETF,P,Y
HYT,"Blackrock Corporate High Yield Fund, Inc. Common Stock",N,N
HYT.V,"Blackrock Corporate High Yield Fund, Inc. Rights (expiring January 26, 2026) Rights when issued",N,N
HYTI,FT Vest High Yield & Target Income ETF,P,Y
HYTR,Counterpoint High Yield Trend ETF,N,Y
HYUP,Xtrackers High Beta High Yield Bond ETF,P,Y
HYXF,iShares ESG Advanced High Yield Corporate Bond ETF,NASDAQ,Y
HYZD,WisdomTree Interest Rate Hedged High Yield Bond Fund,NASDAQ,Y
HZO,"MarineMax, Inc.  (FL) Common Stock",N,N
IAC,IAC Inc. - Common Stock,NASDAQ,N
IAE,Voya Asia Pacific High Dividend Equity Income Fund ING Asia Pacific High Dividend Equity Income Fund Common Shares of Beneficial Interest,N,N
IAF,"abrdn Australia Equity Fund, Inc. Common Stock",A,N
IAG,Iamgold Corporation Ordinary Shares,N,N
IAGG,iShares International Aggregate Bond Fund,Z,Y
IAI,iShares U.S. Broker-Dealers & Securities Exchanges ETF,P,Y
IAK,iShares U.S. Insurance ETF,P,Y
IALT,iShares Systematic Alternatives Active ETF,NASDAQ,Y
IAPR,Innovator International Developed Power Buffer ETF  April,P,Y
IART,Integra LifeSciences Holdings Corporation - Common Stock,NASDAQ,N
IAT,iShares U.S. Regional Banks ETF,P,Y
IAU,iShares Gold Trust Shares,P,Y
IAUG,Innovator International Developed Power Buffer ETF  August,P,Y
IAUI,NEOS Gold High Income ETF,Z,Y
IAUM,iShares Gold Trust Micro Shares,P,Y
IAUX,i-80 Gold Corp. Common Shares,A,N
IAUX.W,"i-80 Gold Corp. Warrants, each warrant exercisable for one Common Share at an exercise price of $0.70",A,N
IBAC,IB Acquisition Corp. - Common Stock,NASDAQ,N
IBACR,IB Acquisition Corp. - Right,NASDAQ,N
IBAT,iShares Energy Storage & Materials ETF,NASDAQ,Y
IBB,iShares Biotechnology ETF,NASDAQ,Y
IBBQ,Invesco Nasdaq Biotechnology ETF,NASDAQ,Y
IBCA,iShares iBonds Dec 2035 Term Corporate ETF,P,Y
IBCP,Independent Bank Corporation - Common Stock,NASDAQ,N
IBD,Inspire Corporate Bond ETF,P,Y
IBDR,iShares iBonds Dec 2026 Term Corporate ETF,P,Y
IBDS,iShares iBonds Dec 2027 Term Corporate ETF,P,Y
IBDT,iShares iBonds Dec 2028 Term Corporate ETF,P,Y
IBDU,iShares iBonds Dec 2029 Term Corporate ETF,P,Y
IBDV,iShares iBonds Dec 2030 Term Corporate ETF,P,Y
IBDW,iShares iBonds Dec 2031 Term Corporate ETF,P,Y
IBDX,iShares iBonds Dec 2032 Term Corporate ETF,P,Y
IBDY,iShares iBonds Dec 2033 Term Corporate ETF,P,Y
IBDZ,iShares iBonds Dec 2034 Term Corporate ETF,P,Y
IBEX,IBEX Limited - Common Share,NASDAQ,N
IBG,Innovation Beverage Group Limited - Ordinary Shares,NASDAQ,N
IBGA,iShares iBonds Dec 2044 Term Treasury ETF,NASDAQ,Y
IBGB,iShares iBonds Dec 2045 Term Treasury ETF,NASDAQ,Y
IBGK,iShares iBonds Dec 2054 Term Treasury ETF,NASDAQ,Y
IBGL,iShares iBonds Dec 2055 Term Treasury ETF,NASDAQ,Y
IBHF,iShares iBonds 2026 Term High Yield and Income ETF,Z,Y
IBHG,iShares iBonds 2027 Term High Yield and Income ETF,Z,Y
IBHH,iShares iBonds 2028 Term High Yield and Income ETF,Z,Y
IBHI,iShares iBonds 2029 Term High Yield and Income ETF,Z,Y
IBHJ,iShares iBonds 2030 Term High Yield and Income ETF,Z,Y
IBHK,iShares iBonds 2031 Term High Yield and Income ETF,Z,Y
IBHL,iShares iBonds 2032 Term High Yield and Income ETF,Z,Y
IBIC,iShares iBonds Oct 2026 Term TIPS ETF,P,Y
IBID,iShares iBonds Oct 2027 Term TIPS ETF,P,Y
IBIE,iShares iBonds Oct 2028 Term TIPS ETF,P,Y
IBIF,iShares iBonds Oct 2029 Term TIPS ETF,P,Y
IBIG,iShares iBonds Oct 2030 Term TIPS ETF,P,Y
IBIH,iShares iBonds Oct 2031 Term TIPS ETF,P,Y
IBII,iShares iBonds Oct 2032 Term TIPS ETF,P,Y
IBIJ,iShares iBonds Oct 2033 Term TIPS ETF,P,Y
IBIK,iShares iBonds Oct 2034 Term TIPS ETF,P,Y
IBIL,iShares iBonds Oct 2035 Term TIPS ETF,P,Y
IBIO,"iBio, Inc. - Common Stock",NASDAQ,N
IBIT,iShares Bitcoin Trust ETF,NASDAQ,Y
IBKR,"Interactive Brokers Group, Inc. - Class A Common Stock",NASDAQ,N
IBLC,iShares Blockchain and Tech ETF,P,Y
IBM,International Business Machines Corporation Common Stock,N,N
IBMO,iShares iBonds Dec 2026 Term Muni Bond ETF,Z,Y
IBMP,iShares iBonds Dec 2027 Term Muni Bond ETF,Z,Y
IBMQ,iShares iBonds Dec 2028 Term Muni Bond ETF,Z,Y
IBMR,iShares iBonds Dec 2029 Term Muni Bond ETF,Z,Y
IBMS,iShares iBonds Dec 2030 Term Muni Bond ETF,Z,Y
IBMT,iShares iBonds Dec 2031 Term Muni Bond ETF,Z,Y
IBN,ICICI Bank Limited Common Stock,N,N
IBND,SPDR Bloomberg International Corporate Bond ETF,P,Y
IBO,"Impact BioMedical, Inc. Common Stock",A,N
IBOC,International Bancshares Corporation - Common Stock,NASDAQ,N
IBOT,VanEck Robotics ETF,NASDAQ,Y
IBP,"Installed Building Products, Inc. Common Stock",N,N
IBRN,iShares Neuroscience and Healthcare ETF,P,Y
IBRX,"ImmunityBio, Inc. - Common Stock",NASDAQ,N
IBTA,"Ibotta, Inc. Class A Common Stock",N,N
IBTG,iShares iBonds Dec 2026 Term Treasury ETF,NASDAQ,Y
IBTH,iShares iBonds Dec 2027 Term Treasury ETF,NASDAQ,Y
IBTI,iShares iBonds Dec 2028 Term Treasury ETF,NASDAQ,Y
IBTJ,iShares iBonds Dec 2029 Term Treasury ETF,NASDAQ,Y
IBTK,iShares iBonds Dec 2030 Term Treasury ETF,NASDAQ,Y
IBTL,iShares iBonds Dec 2031 Term Treasury ETF,NASDAQ,Y
IBTM,iShares iBonds Dec 2032 Term Treasury ETF,NASDAQ,Y
IBTO,iShares iBonds Dec 2033 Term Treasury ETF,NASDAQ,Y
IBTP,iShares iBonds Dec 2034 Term Treasury ETF,NASDAQ,Y
IBTQ,iShares iBonds Dec 2035 Term Treasury ETF,NASDAQ,Y
IBUF,Innovator International Developed 10 Buffer ETF - Quarterly,P,Y
IBUY,Amplify Online Retail ETF,P,Y
ICAP,Infrastructure Capital Equity Income ETF,P,Y
ICCC,ImmuCell Corporation - Common Stock,NASDAQ,N
ICCM,IceCure Medical Ltd. - Ordinary Shares,NASDAQ,N
ICE,Intercontinental Exchange Inc. Common Stock,N,N
ICF,iShares Select U.S. REIT ETF,Z,Y
ICFI,"ICF International, Inc. - Common Stock",NASDAQ,N
ICG,Intchains Group Limited - American Depositary Shares,NASDAQ,N
ICHR,Ichor Holdings - Ordinary Shares,NASDAQ,N
ICL,ICL Group Ltd. Ordinary Shares,N,N
ICLN,iShares Global Clean Energy ETF,NASDAQ,Y
ICLO,Invesco AAA CLO Floating Rate Note ETF,Z,Y
ICLR,ICON plc - Ordinary Shares,NASDAQ,N
ICMB,"Investcorp Credit Management BDC, Inc. - Common Stock",NASDAQ,N
ICOI,Bitwise COIN Option Income Strategy ETF,P,Y
ICON,Icon Energy Corp. - Common stock,NASDAQ,N
ICOP,iShares Copper and Metals Mining ETF,NASDAQ,Y
ICOW,Pacer Developed Markets International Cash Cows 100 ETF,Z,Y
ICPI,iShares 0-1 Year TIPS Bond ETF,P,Y
ICPY,"Tweedy, Browne International Insider + Value ETF",P,Y
ICR$A,"InPoint Commercial Real Estate Income, Inc. 6.75% Series A Cumulative Redeemable Preferred Stock",N,N
ICRC,Bitwise CRCL Option Income Strategy ETF,P,Y
ICSH,iShares Ultra Short Duration Bond Active ETF,Z,Y
ICU,SeaStar Medical Holding Corporation - Common Stock,NASDAQ,N
ICUCW,SeaStar Medical Holding Corporation - Warrant,NASDAQ,N
ICUI,"ICU Medical, Inc. - Common Stock",NASDAQ,N
ICVT,iShares Convertible Bond ETF,Z,Y
IDA,"IDACORP, Inc. Common Stock",N,N
IDAI,T Stamp Inc. - Class A Common Stock,NASDAQ,N
IDCC,"InterDigital, Inc. - Common Stock",NASDAQ,N
IDE,"Voya Infrastructure, Industrials and Materials Fund Common Shares of Beneficial Interest",N,N
IDEC,Innovator International Developed Power Buffer ETF  December,P,Y
IDEF,iShares Defense Industrials Active ETF,NASDAQ,Y
IDEQ,Lazard International Dynamic Equity ETF,P,Y
IDEV,iShares Core MSCI International Developed Markets ETF,P,Y
IDGT,iShares U.S. Digital Infrastructure and Real Estate ETF,P,Y
IDHQ,Invesco S&P International Developed Quality ETF,P,Y
IDLV,Invesco S&P International Developed Low Volatility ETF,P,Y
IDMO,Invesco S&P International Developed Momentum ETF,P,Y
IDN,"Intellicheck, Inc. - Common Stock",NASDAQ,N
IDNA,iShares Genomics Immunology and Healthcare ETF,P,Y
IDOG,ALPS International Sector Dividend Dogs ETF,P,Y
IDR,"Idaho Strategic Resources, Inc. Common Stock",A,N
IDRV,iShares Self-Driving EV and Tech ETF,P,Y
IDT,IDT Corporation Class B Common Stock,N,N
IDU,iShares U.S. Utilities ETF,P,Y
IDUB,Aptus International Enhanced Yield ETF,Z,Y
IDV,iShares International Select Dividend ETF,Z,Y
IDVO,Amplify CWP International Enhanced Dividend Income ETF,P,Y
IDVZ,The Opal International Dividend Income ETF,Z,Y
IDX,VanEck Indonesia Index ETF,P,Y
IDXX,"IDEXX Laboratories, Inc. - Common Stock",NASDAQ,N
IDYA,"IDEAYA Biosciences, Inc. - Common Stock",NASDAQ,N
IDYN,iShares International Equity Factor Rotation Active ETF,P,Y
IE,Ivanhoe Electric Inc. Common Stock,A,N
IEDI,iShares U.S. Consumer Focused ETF,Z,Y
IEF,iShares 7-10 Year Treasury Bond ETF,NASDAQ,Y
IEFA,iShares Core MSCI EAFE ETF,Z,Y
IEI,iShares 3-7 Year Treasury Bond ETF,NASDAQ,Y
IEMG,iShares Core MSCI Emerging Markets ETF,P,Y
IEO,iShares U.S. Oil & Gas Exploration & Production ETF,Z,Y
IEP,Icahn Enterprises L.P. - Depositary Units representing Limited Partner Interests,NASDAQ,N
IESC,"IES Holdings, Inc. - Common Stock",NASDAQ,N
IETC,iShares U.S. Tech Independence Focused ETF,Z,Y
IETH,Bitwise Ethereum Option Income Strategy ETF,P,Y
IEUR,iShares Core MSCI Europe ETF,P,Y
IEUS,iShares MSCI Europe Small-Cap ETF,NASDAQ,Y
IEV,iShares Europe ETF,P,Y
IEX,IDEX Corporation Common Stock,N,N
IEZ,iShares U.S. Oil Equipment & Services ETF,P,Y
IFBD,"Infobird Co., Ltd - Ordinary Shares",NASDAQ,N
IFEB,Innovator International Developed Power Buffer ETF  February,P,Y
IFED,ETRACS IFED Invest with the Fed TR Index ETN,P,Y
IFF,"International Flavors & Fragrances, Inc. Common Stock",N,N
IFGL,iShares International Developed Real Estate ETF,NASDAQ,Y
IFLO,VictoryShares International Free Cash Flow ETF,NASDAQ,Y
IFLR,Innovator International Developed Managed Floor ETF,P,Y
IFN,"India Fund, Inc. (The) Common Stock",N,N
IFRA,iShares U.S. Infrastructure ETF,Z,Y
IFRX,InflaRx N.V. - Common Stock,NASDAQ,N
IFS,Intercorp Financial Services Inc. Common Shares,N,N
IFV,First Trust Dorsey Wright International Focus 5 ETF,NASDAQ,Y
IG,Principal Investment Grade Corporate Active ETF,P,Y
IGA,Voya Global Advantage and Premium Opportunity Fund Common Shares of Beneficial Interest,N,N
IGAC,Invest Green Acquisition Corporation - Class A Ordinary Shares,NASDAQ,N
IGACR,Invest Green Acquisition Corporation - Rights,NASDAQ,N
IGACU,Invest Green Acquisition Corporation - Units,NASDAQ,N
IGBH,iShares Interest Rate Hedged Long-Term Corporate Bond ETF,P,Y
IGC,"IGC Pharma, Inc. Common Stock",A,N
IGCB,TCW Corporate Bond ETF,N,Y
IGD,Voya Global Equity Dividend and Premium Opportunity Fund,N,N
IGE,iShares North American Natural Resources ETF,Z,Y
IGEB,iShares Investment Grade Systematic Bond ETF,Z,Y
IGF,iShares Global Infrastructure ETF,NASDAQ,Y
IGGY,AB International Growth ETF,P,Y
IGHG,ProShares Investment Grade-Interest Rate Hedged,Z,Y
IGI,Western Asset Investment Grade Opportunity Trust Inc. Common Stock,N,N
IGIB,iShares 5-10 Year Investment Grade Corporate Bond ETF,NASDAQ,Y
IGIC,International General Insurance Holdings Ltd. - Ordinary Shares,NASDAQ,N
IGLB,iShares 10  Year Investment Grade Corporate Bond ETF,P,Y
IGLD,FT Vest Gold Strategy Target Income ETF,Z,Y
IGM,iShares Expanded Tech Sector ETF,P,Y
IGME,Bitwise GME Option Income Strategy ETF,P,Y
IGOV,iShares International Treasury Bond ETF,NASDAQ,Y
IGPT,Invesco AI and Next Gen Software ETF,P,Y
IGR,CBRE Global Real Estate Income Fund Common Shares of Beneficial Interest,N,N
IGRO,iShares International Dividend Growth ETF,Z,Y
IGSB,iShares 1-5 Year Investment Grade Corporate Bond ETF,NASDAQ,Y
IGTR,Innovator Gradient Tactical Rotation Strategy ETF,P,Y
IGV,iShares Expanded Tech-Software Sector ETF,Z,Y
IH,"iHuman Inc. American depositary shares, each representing five Class A ordinary shares",N,N
IHAK,iShares Cybersecurity and Tech ETF,P,Y
IHD,Voya Emerging Markets High Income Dividend Equity Fund Common Shares,N,N
IHDG,WisdomTree International Hedged Quality Dividend Growth Fund,P,Y
IHE,iShares U.S. Pharmaceutical ETF,P,Y
IHF,iShares U.S. Health Care Providers ETF,P,Y
IHG,Intercontinental Hotels Group American Depositary Shares (Each representing one Ordinary Share),N,N
IHI,iShares U.S. Medical Devices ETF,P,Y
IHRT,"iHeartMedia, Inc. - Class A Common Stock",NASDAQ,N
IHS,IHS Holding Limited Ordinary Shares,N,N
IHT,InnSuites Hospitality Trust Shares of Beneficial Interest,A,N
IHY,VanEck International High Yield Bond ETF,P,Y
IHYF,Invesco High Yield Bond Factor ETF,NASDAQ,Y
IIF,"Morgan Stanley India Investment Fund, Inc. Common Stock",N,N
IIGD,Invesco Investment Grade Defensive ETF,P,Y
III,"Information Services Group, Inc. - Common Stock",NASDAQ,N
IIIN,"Insteel Industries, Inc. Common Stock",N,N
IIIV,"i3 Verticals, Inc. - Common Stock",NASDAQ,N
IIM,Invesco Value Municipal Income Trust Common Stock,N,N
IINN,Inspira Technologies Oxy B.H.N. Ltd. - Ordinary Shares,NASDAQ,N
IINNW,Inspira Technologies Oxy B.H.N. Ltd. - Warrant,NASDAQ,N
IIPR,"Innovative Industrial Properties, Inc. Common Stock",N,N
IIPR$A,"Innovative Industrial Properties, Inc. 9.00% Series A Cumulative Redeemable Preferred Stock",N,N
IJAN,Innovator International Developed Power Buffer ETF January,P,Y
IJH,iShares Core S&P Mid-Cap ETF,P,Y
IJJ,iShares S&P Mid-Cap 400 Value ETF,P,Y
IJK,iShares S&P Mid-Cap 400 Growth ETF,P,Y
IJR,iShares Core S&P Small-Cap ETF,P,Y
IJS,iShares S&P SmallCap 600 Value ETF,P,Y
IJT,iShares S&P SmallCap 600 Growth ETF,NASDAQ,Y
IJUL,Innovator International Developed Power Buffer ETF  July,P,Y
IJUN,Innovator International Developed Power Buffer ETF June,P,Y
IKT,"Inhibikase Therapeutics, Inc. - Common Stock",NASDAQ,N
ILAG,Intelligent Living Application Group Inc. - Ordinary Shares,NASDAQ,N
ILCB,iShares Morningstar Large-Cap ETF,P,Y
ILCG,iShares Morningstar Large-Cap Growth ETF,P,Y
ILCV,iShares Morningstar Large-Cap  Value ETF,P,Y
ILDR,First Trust Innovation Leaders ETF,P,Y
ILF,iShares Latin America 40 ETF,P,Y
ILIT,iShares Lithium Miners and Producers ETF,NASDAQ,Y
ILMN,"Illumina, Inc. - Common Stock",NASDAQ,N
ILOW,AB International Low Volatility Equity ETF,P,Y
ILPT,Industrial Logistics Properties Trust - Common Shares of Beneficial Interest,NASDAQ,N
ILS,Brookmont Catastrophic Bond ETF,P,Y
ILTB,iShares Core 10  Year USD Bond ETF,P,Y
IMA,"ImageneBio, Inc. - Common Stock",NASDAQ,N
IMAR,Innovator International Developed Power Buffer ETF  March,P,Y
IMAX,Imax Corporation Common Stock,N,N
IMAY,Innovator International Developed Power Buffer ETF - May,P,Y
IMCB,iShares Morningstar Mid-Cap ETF,P,Y
IMCC,IM Cannabis Corp. - Common Shares,NASDAQ,N
IMCG,iShares Morningstar Mid-Cap Growth ETF,P,Y
IMCR,Immunocore Holdings plc - American Depositary Shares,NASDAQ,N
IMCV,iShares Morningstar Mid-Cap Value ETF,NASDAQ,Y
IMDX,Insight Molecular Diagnostics Inc. - Common Stock,NASDAQ,N
IMF,Invesco Managed Futures Strategy ETF,Z,Y
IMFL,Invesco International Developed Dynamic Multifactor ETF,Z,Y
IMG,CIMG Inc. - Common Stock,NASDAQ,N
IMKTA,"Ingles Markets, Incorporated - Class A Common Stock",NASDAQ,N
IMMP,Immutep Limited - American Depositary Shares,NASDAQ,N
IMMR,Immersion Corporation - Common Stock,NASDAQ,N
IMMX,"Immix Biopharma, Inc. - Common Stock",NASDAQ,N
IMNM,"Immunome, Inc. - Common Stock",NASDAQ,N
IMNN,"Imunon, Inc. - Common Stock",NASDAQ,N
IMO,Imperial Oil Limited Common Stock,A,N
IMOM,Alpha Architect International Quantitative Momentum ETF,NASDAQ,Y
IMOS,ChipMOS TECHNOLOGIES INC. - American Depositary Shares,NASDAQ,N
IMPP,Imperial Petroleum Inc. - Common Shares,NASDAQ,N
IMPPP,Imperial Petroleum Inc. - 8.75% Series A Cumulative Redeemable Perpetual Preferred Shares,NASDAQ,N
IMRA,Bitwise MARA Option Income Strategy ETF,P,Y
IMRN,Immuron Limited - American Depositary Shares,NASDAQ,N
IMRX,Immuneering Corporation - Class A Common Stock,NASDAQ,N
IMSR,Terrestrial Energy Inc. - Common Stock,NASDAQ,N
IMSRW,Terrestrial Energy Inc. - Warrant,NASDAQ,N
IMST,Bitwise MSTR Option Income Strategy ETF,P,Y
IMTB,iShares Core 5-10 Year USD Bond ETF,P,Y
IMTE,Integrated Media Technology Limited - Ordinary Shares,NASDAQ,N
IMTM,iShares MSCI Intl Momentum Factor ETF,P,Y
IMTX,Immatics N.V. - Ordinary Shares,NASDAQ,N
IMUX,"Immunic, Inc.  - Common Stock",NASDAQ,N
IMVT,"Immunovant, Inc.  - Common Stock",NASDAQ,N
IMXI,"International Money Express, Inc. - Common Stock",NASDAQ,N
INAB,"IN8bio, Inc. - Common Stock",NASDAQ,N
INAC,Indigo Acquisition Corp. - Ordinary Shares,NASDAQ,N
INACR,Indigo Acquisition Corp. - Right,NASDAQ,N
INACU,Indigo Acquisition Corp. - Unit,NASDAQ,N
INBK,First Internet Bancorp - Common Stock,NASDAQ,N
INBKZ,First Internet Bancorp - Fixed-to-Floating Rate Subordinated Notes Due 2029,NASDAQ,N
INBS,Intelligent Bio Solutions Inc.  - Common Stock,NASDAQ,N
INBX,"Inhibrx Biosciences, Inc. - Common Stock",NASDAQ,N
INCE,Franklin Income Equity Focus ETF,P,Y
INCM,Franklin Income Focus ETF,P,Y
INCO,Columbia India Consumer ETF,P,Y
INCR,Intercure Ltd. - ordinary shares,NASDAQ,N
INCY,Incyte Corporation - Common Stock,NASDAQ,N
IND,Xtrackers Nifty 500 India ETF,NASDAQ,Y
INDA,iShares MSCI India ETF,Z,Y
INDB,Independent Bank Corp. - Common Stock,NASDAQ,N
INDE,Matthews India Active ETF,P,Y
INDH,WisdomTree India Hedged Equity Fund,NASDAQ,Y
INDI,"indie Semiconductor, Inc. - Class A Common Stock",NASDAQ,N
INDL,Direxion Daily MSCI India Bull 2X Shares,P,Y
INDO,Indonesia Energy Corporation Limited Ordinary Shares,A,N
INDP,"Indaptus Therapeutics, Inc. - Common Stock",NASDAQ,N
INDS,Pacer Industrial Real Estate ETF,P,Y
INDV,Indivior PLC - Ordinary Shares,NASDAQ,N
INDY,iShares India 50 ETF,NASDAQ,Y
INEO,INNEOVA Holdings Limited - Class A Ordinary Shares,NASDAQ,N
INEQ,Columbia International Equity Income ETF,P,Y
INFL,Horizon Kinetics Inflation Beneficiaries ETF,P,Y
INFO,Harbor PanAgora Dynamic Large Cap Core ETF,N,Y
INFR,ClearBridge Sustainable Infrastructure ETF,NASDAQ,Y
INFU,"InfuSystems Holdings, Inc. Common Stock",A,N
INFY,Infosys Limited American Depositary Shares,N,N
ING,"ING Group, N.V. Common Stock",N,N
INGM,Ingram Micro Holding Corporation Common Stock,N,N
INGN,"Inogen, Inc - Common Stock",NASDAQ,N
INGR,Ingredion Incorporated Common Stock,N,N
INHD,Inno Holdings Inc. - Common Stock,NASDAQ,N
INKM,State Street Income Allocation ETF,P,Y
INKT,"MiNK Therapeutics, Inc. - Common Stock",NASDAQ,N
INLF,INLIF LIMITED - Class A Ordinary shares,NASDAQ,N
INLX,"Intellinetics, Inc. Common Stock",A,N
INM,InMed Pharmaceuticals Inc. - Common Shares,NASDAQ,N
INMB,INmune Bio Inc. - Common stock,NASDAQ,N
INMD,InMode Ltd.  - Ordinary Shares,NASDAQ,N
INMU,iShares Intermediate Muni Income Active ETF,P,Y
INN,"Summit Hotel Properties, Inc. Common Stock",N,N
INN$E,"Summit Hotel Properties, Inc. 6.250% Series E Cumulative Redeemable Preferred Stock",N,N
INN$F,"Summit Hotel Properties, Inc. 5.875% Series F Cumulative Redeemable Preferred Stock, $0.01 par value per share",N,N
INNV,InnovAge Holding Corp. - Common Stock,NASDAQ,N
INO,"Inovio Pharmaceuticals, Inc. - Common Stock",NASDAQ,N
INOD,Innodata Inc. - Common Stock,NASDAQ,N
INOV,Innovator International Developed Power Buffer ETF  November,P,Y
INQQ,INQQ The India Internet ETF,P,Y
INR,"Infinity Natural Resources, Inc. Class A Common Stock",N,N
INRO,iShares U.S. Industry Rotation Active ETF,NASDAQ,Y
INSE,"Inspired Entertainment, Inc. - Common Stock",NASDAQ,N
INSG,Inseego Corp. - Common Stock,NASDAQ,N
INSM,Insmed Incorporated - Common Stock,NASDAQ,N
INSP,"Inspire Medical Systems, Inc. Common Stock",N,N
INSW,"International Seaways, Inc. Common Stock",N,N
INTA,"Intapp, Inc. - Common Stock",NASDAQ,N
INTC,Intel Corporation - Common Stock,NASDAQ,N
INTF,iShares International Equity Factor ETF,P,Y
INTG,The Intergroup Corporation - Common Stock,NASDAQ,N
INTJ,Intelligent Group Limited - Class A Ordinary Shares,NASDAQ,N
INTL,Main International ETF,Z,Y
INTM,Invesco Intermediate Municipal ETF,Z,Y
INTR,Inter & Co. Inc. - Class A Common Shares,NASDAQ,N
INTS,"Intensity Therapeutics, Inc. - Common Stock",NASDAQ,N
INTT,inTest Corporation Common Stock,A,N
INTU,Intuit Inc. - Common Stock,NASDAQ,N
INTW,GraniteShares 2x Long INTC Daily ETF,NASDAQ,Y
INTZ,Intrusion Inc. - Common Stock,NASDAQ,N
INUV,"Inuvo, Inc.",A,N
INV,"Innventure, Inc. - Common Stock",NASDAQ,N
INVA,"Innoviva, Inc. - Common Stock",NASDAQ,N
INVE,"Identiv, Inc. - Common Stock",NASDAQ,N
INVG,GMO Systematic Investment Grade Credit ETF,P,Y
INVH,Invitation Homes Inc. Common Stock,N,N
INVN,Alger Russell Innovation ETF,P,Y
INVX,"Innovex International, Inc. Common Stock",N,N
INVZ,Innoviz Technologies Ltd. - Ordinary shares,NASDAQ,N
INVZW,Innoviz Technologies Ltd. - Warrant,NASDAQ,N
IOBT,"IO Biotech, Inc. - Common Stock",NASDAQ,N
IOCT,Innovator International Developed Power Buffer ETF - October,P,Y
ION,ProShares S&P Global Core Battery Metals ETF,P,Y
IONL,GraniteShares 2x Long IONQ Daily ETF,NASDAQ,Y
IONQ,"IonQ, Inc. Common Stock",N,N
IONQ.W,"IonQ, Inc. Redeemable warrants, each whole warrant exercisable for one share of Common Stock, each at an exercise price of $11.50 per share",N,N
IONR,ioneer Ltd - American Depositary Shares,NASDAQ,N
IONS,"Ionis Pharmaceuticals, Inc. - Common Stock",NASDAQ,N
IONX,Defiance Daily Target 2X Long IONQ ETF,NASDAQ,Y
IONZ,Defiance Daily Target 2x Short IONQ ETF,NASDAQ,Y
IOO,iShares Global 100 ETF,P,Y
IOPP,Simplify Tara India Opportunities ETF,P,Y
IOR,"Income Opportunity Realty Investors, Inc. Common Stock",A,N
IOSP,Innospec Inc. - Common Stock,NASDAQ,N
IOT,Samsara Inc. Class A Common Stock,N,N
IOTR,iOThree Limited - Ordinary Shares,NASDAQ,N
IOVA,"Iovance Biotherapeutics, Inc. - Common Stock",NASDAQ,N
IOYY,GraniteShares YieldBOOST IONQ ETF,NASDAQ,Y
IP,International Paper Company Common Stock,N,N
IPAC,iShares Core MSCI Pacific ETF,P,Y
IPAR,"Interparfums, Inc. - Common Stock",NASDAQ,N
IPAV,Global X Infrastructure Development ex-U.S. ETF,Z,Y
IPAY,Amplify Digital Payments ETF,P,Y
IPB,"Merrill Lynch & Co., Inc. 6.0518% Index Plus Trust Certificates Series 2003-1",N,Y
IPCX,Inflection Point Acquisition Corp. III - Class A ordinary shares,NASDAQ,N
IPCXR,Inflection Point Acquisition Corp. III - Rights,NASDAQ,N
IPCXU,Inflection Point Acquisition Corp. III - Units,NASDAQ,N
IPDN,"Professional Diversity Network, Inc. - Common Stock",NASDAQ,N
IPEX,Inflection Point Acquisition Corp. - Class A Ordinary Shares,NASDAQ,N
IPEXR,Inflection Point Acquisition Corp. - Right,NASDAQ,N
IPEXU,Inflection Point Acquisition Corp. - Unit,NASDAQ,N
IPGP,IPG Photonics Corporation - Common Stock,NASDAQ,N
IPHA,Innate Pharma S.A. - American Depositary Shares,NASDAQ,N
IPI,"Intrepid Potash, Inc Common Stock",N,N
IPKW,Invesco International BuyBack Achievers ETF,NASDAQ,Y
IPM,Intelligent Protection Management Corp.  - Common Stock,NASDAQ,N
IPO,Renaissance IPO ETF,P,Y
IPOD,Dune Acquisition Corporation II - Class A ordinary shares,NASDAQ,N
IPODU,Dune Acquisition Corporation II - Units,NASDAQ,N
IPODW,Dune Acquisition Corporation II - Warrants,NASDAQ,N
IPOS,Renaissance Capital Greenwich Fund,P,Y
IPSC,"Century Therapeutics, Inc. - Common Stock",NASDAQ,N
IPST,"Heritage Distilling Holding Company, Inc. - Common Stock",NASDAQ,N
IPW,iPower Inc. - Common Stock,NASDAQ,N
IPWR,Ideal Power Inc. - Common Stock,NASDAQ,N
IPX,IperionX Limited - American Depositary Share,NASDAQ,N
IQ,"iQIYI, Inc. - American Depositary Shares",NASDAQ,N
IQDF,FlexShares International Quality Dividend Index Fund,P,Y
IQDG,WisdomTree International Quality Dividend Growth Fund,Z,Y
IQDY,FlexShares International Quality Dividend Dynamic Index Fund,P,Y
IQHI,NYLI MacKay High Income ETF,P,Y
IQI,Invesco Quality Municipal Income Trust Common Stock,N,N
IQLT,iShares MSCI Intl Quality Factor ETF,P,Y
IQM,Franklin Intelligent Machines ETF,Z,Y
IQQQ,ProShares Nasdaq-100 High Income ETF,NASDAQ,Y
IQRA,NYLI CBRE Real Assets ETF,P,Y
IQSI,NYLI Candriam International Equity ETF,P,Y
IQSM,NYLI Candriam U.S. Mid Cap Equity ETF,P,Y
IQST,iQSTEL Inc. - Common Stock,NASDAQ,N
IQSU,NYLI Candriam U.S. Large Cap Equity ETF,P,Y
IQSZ,Invesco Global Equity Net Zero ETF,P,Y
IQV,"IQVIA Holdings, Inc. Common Stock",N,N
IR,Ingersoll Rand Inc. Common Stock,N,N
IRD,"Opus Genetics, Inc. - Common Stock",NASDAQ,N
IRDM,Iridium Communications Inc - Common Stock,NASDAQ,N
IRE,Defiance Daily Target 2X Long IREN ETF,P,Y
IREG,Leverage Shares 2X Long IREN Daily ETF,NASDAQ,Y
IREN,IREN Limited - Ordinary Shares,NASDAQ,N
IRET,iREIT - MarketVector Quality REIT Index ETF,P,Y
IREX,Tradr 2X Long IREN Daily ETF,Z,Y
IRHOU,Iron Horse Acquisitions II Corp. - Units,NASDAQ,N
IRIX,IRIDEX Corporation - Common Stock,NASDAQ,N
IRM,Iron Mountain Incorporated (Delaware)Common Stock REIT,N,N
IRMD,iRadimed Corporation - Common Stock,NASDAQ,N
IROC,Invesco Rochester High Yield Municipal ETF,Z,Y
IRON,"Disc Medicine, Inc. - Common Stock",NASDAQ,N
IROQ,"IF Bancorp, Inc. - Common Stock",NASDAQ,N
IRS,IRSA Inversiones Y Representaciones S.A. Global Depositary Shares (Each representing ten shares of Common Stock),N,N
IRS.W,IRSA Inversiones Y Representaciones S.A. Warrants to purchase Common Shares,N,N
IRT,"Independence Realty Trust, Inc. Common Stock",N,N
IRTC,"iRhythm Technologies, Inc. - Common Stock",NASDAQ,N
IRTR,iShares LifePath Retirement ETF,P,Y
IRVH,Global X Interest Rate Volatility & Inflation Hedge ETF,P,Y
IRWD,"Ironwood Pharmaceuticals, Inc. - Class A Common Stock",NASDAQ,N
ISBA,Isabella Bank Corporation - Common stock,NASDAQ,N
ISCB,iShares Morningstar Small-Cap ETF,P,Y
ISCF,iShares International Small-Cap Equity Factor ETF,P,Y
ISCG,iShares Morningstar Small-Cap Growth ETF,P,Y
ISCV,iShares Morningstar Small-Cap Value ETF,P,Y
ISD,"PGIM High Yield Bond Fund, Inc.",N,N
ISEP,Innovator International Developed Power Buffer ETF  September,P,Y
ISHG,iShares 1-3 Year International Treasury Bond ETF,NASDAQ,Y
ISHP,First Trust S-Network E-Commerce ETF,NASDAQ,Y
ISMD,Inspire Small/Mid Cap ETF,P,Y
ISMF,iShares Managed Futures Active ETF,Z,Y
ISOU,IsoEnergy Ltd. Common Shares,A,N
ISPC,iSpecimen Inc. - Common Stock,NASDAQ,N
ISPO,Inspirato Incorporated - Class A Common Stock,NASDAQ,N
ISPOW,Inspirato Incorporated - Warrant,NASDAQ,N
ISPR,Ispire Technology Inc. - Common Stock,NASDAQ,N
ISPY,ProShares S&P 500 High Income ETF,Z,Y
ISRA,VanEck Israel ETF,P,Y
ISRG,"Intuitive Surgical, Inc. - Common Stock",NASDAQ,N
ISSC,"Innovative Solutions and Support, Inc. - Common Stock",NASDAQ,N
ISTB,iShares Core 1-5 Year USD Bond ETF,NASDAQ,Y
ISTR,Investar Holding Corporation - Common Stock,NASDAQ,N
ISUL,GraniteShares 2x Long ISRG Daily ETF,NASDAQ,Y
ISVL,iShares International Developed Small Cap Value Factor ETF,Z,Y
ISWN,Amplify BlackSwan ISWN ETF,P,Y
IT,"Gartner, Inc. Common Stock",N,N
ITA,iShares U.S. Aerospace & Defense ETF,Z,Y
ITAN,Sparkline Intangible Value ETF,P,Y
ITB,iShares U.S. Home Construction ETF,Z,Y
ITDB,iShares LifePath Target Date 2030 ETF,P,Y
ITDC,iShares LifePath Target Date 2035 ETF,P,Y
ITDD,iShares LifePath Target Date 2040 ETF,P,Y
ITDE,iShares LifePath Target Date 2045 ETF,P,Y
ITDF,iShares LifePath Target Date 2050 ETF,P,Y
ITDG,iShares LifePath Target Date 2055 ETF,P,Y
ITDH,iShares LifePath Target Date 2060 ETF,P,Y
ITDI,iShares LifePath Target Date 2065 ETF,P,Y
ITDJ,iShares LifePath Target Date 2070 ETF,P,Y
ITEQ,Amplify BlueStar Israel Technology ETF,P,Y
ITGR,Integer Holdings Corporation Common Stock,N,N
ITHAU,ITHAX Acquisition Corp III - Units,NASDAQ,N
ITIC,Investors Title Company - Common Stock,NASDAQ,N
ITM,VanEck Intermediate Muni ETF,Z,Y
ITOL,Tema International Durable Quality ETF,Z,Y
ITOT,iShares Core S&P Total U.S. Stock Market ETF,P,Y
ITP,"IT Tech Packaging, Inc. Common Stock",A,N
ITRG,Integra Resources Corp. Common Shares,A,N
ITRI,"Itron, Inc. - Common Stock",NASDAQ,N
ITRM,Iterum Therapeutics plc - Ordinary Share,NASDAQ,N
ITRN,Ituran Location and Control Ltd. - Ordinary Shares,NASDAQ,N
ITT,ITT Inc. Common Stock,N,N
ITUB,Itau Unibanco Banco Holding SA American Depositary Shares (Each repstg 500 Preferred shares),N,N
ITW,Illinois Tool Works Inc. Common Stock,N,N
ITWO,ProShares Russell 2000 High Income ETF,Z,Y
IUS,Invesco RAFI Strategic US ETF,NASDAQ,Y
IUSB,iShares Core Universal USD Bond ETF,NASDAQ,Y
IUSG,iShares Core S&P U.S. Growth ETF,NASDAQ,Y
IUSV,iShares Core S&P U.S. Value ETF,NASDAQ,Y
IVA,Inventiva S.A. - American Depository Shares,NASDAQ,N
IVAL,Alpha Architect International Quantitative Value ETF,NASDAQ,Y
IVDA,"Iveda Solutions, Inc. - Common Stock",NASDAQ,N
IVDAW,"Iveda Solutions, Inc. - Warrant",NASDAQ,N
IVE,iShares S&P 500 Value ETF,P,Y
IVES,Dan IVES Wedbush AI Revolution ETF,P,Y
IVF,"INVO Fertility, Inc. - Common Stock",NASDAQ,N
IVLU,iShares MSCI Intl Value Factor ETF,P,Y
IVOG,Vanguard S&P Mid-Cap 400 Growth ETF,P,Y
IVOL,Quadratic Interest Rate Volatility and Inflation Hedge ETF,P,Y
IVOO,Vanguard S&P Mid-Cap 400 ETF,P,Y
IVOV,Vanguard S&P Mid-Cap 400 Value ETF,P,Y
IVP,"Inspire Veterinary Partners, Inc. - Class A Common Stock",NASDAQ,N
IVR,INVESCO MORTGAGE CAPITAL INC Common Stock,N,N
IVR$C,"INVESCO MORTGAGE CAPITAL INC 7.5% Fixed-to-Floating Series C Cumulative Redeemable Preferred Stock, Liquation Preference $25.00 per Share",N,N
IVRA,Invesco Real Assets ESG ETF,Z,Y
IVRS,iShares Future Metaverse Tech and Communications ETF,P,Y
IVSI,Applied Finance IVS International Large ETF,NASDAQ,Y
IVSS,Applied Finance IVS US SMID ETF,NASDAQ,Y
IVT,InvenTrust Properties Corp. Common Stock,N,N
IVV,iShares Core S&P 500 ETF,P,Y
IVVB,iShares Large Cap Deep Quarterly Laddered ETF,Z,Y
IVVD,"Invivyd, Inc. - Common Stock",NASDAQ,N
IVVM,iShares Large Cap Moderate Quarterly Laddered ETF,Z,Y
IVVW,iShares S&P 500 BuyWrite ETF,Z,Y
IVW,iShares S&P 500 Growth ETF,P,Y
IVZ,Invesco Ltd Common Stock,N,N
IWB,iShares Russell 1000 ETF,P,Y
IWC,iShares Microcap ETF,P,Y
IWD,iShares Russell 1000 Value ETF,P,Y
IWDL,ETRACS 2x Leveraged US Value Factor TR ETN,P,Y
IWF,iShares Russell 1000 Growth Fund,P,Y
IWFG,NYLI Winslow Focused Large Cap Growth ETF,P,Y
IWFL,ETRACS 2x Leveraged US Growth Factor TR ETN,P,Y
IWL,iShares Russell Top 200 ETF,P,Y
IWLG,NYLI Winslow Large Cap Growth ETF,P,Y
IWM,iShares Russell 2000 ETF,P,Y
IWMI,NEOS Russell 2000 High Income ETF,Z,Y
IWML,ETRACS 2x Leveraged US Size Factor TR ETN,P,Y
IWMW,iShares Russell 2000 BuyWrite ETF,Z,Y
IWMY,Defiance R2000 Weekly Distribution ETF,P,Y
IWN,iShares Russell 2000 Value ETF,P,Y
IWO,iShares Russell 2000 Growth Fund,P,Y
IWP,iShares Russell Midcap Growth ETF,P,Y
IWR,iShares Russell Mid-Cap ETF,P,Y
IWS,iShares Russell Mid-Cap Value ETF,P,Y
IWV,iShares Russell 3000 Fund,P,Y
IWX,iShares Russell Top 200 Value ETF,P,Y
IWY,iShares Russell Top 200 Growth ETF,P,Y
IX,ORIX Corporation American Depositary Shares,N,N
IXC,iShares Global Energy ETF,P,Y
IXG,iShares Global Financial ETF,P,Y
IXHL,Incannex Healthcare Inc. - Common Stock,NASDAQ,N
IXJ,iShares Global Healthcare ETF,P,Y
IXN,iShares Global Tech ETF,P,Y
IXP,iShares Global Comm Services ETF,P,Y
IXUS,iShares Core MSCI Total International Stock ETF,NASDAQ,Y
IYC,iShares U.S. Consumer Discretionary ETF,P,Y
IYE,iShares U.S. Energy ETF,P,Y
IYF,iShares U.S. Financial ETF,P,Y
IYG,iShares U.S. Financial Services ETF,P,Y
IYH,iShares U.S. Healthcare ETF,P,Y
IYJ,iShares U.S. Industrials ETF,Z,Y
IYK,iShares U.S. Consumer Staples ETF,P,Y
IYLD,iShares Morningstar Multi-Asset Income ETF,Z,Y
IYM,iShares U.S. Basic Materials ETF,P,Y
IYR,iShares U.S. Real Estate ETF,P,Y
IYRI,NEOS Real Estate High Income ETF,Z,Y
IYT,iShares U.S. Transportation ETF,Z,Y
IYW,iShares U.S. Technology ETF,P,Y
IYY,iShares Dow Jones U.S. ETF,P,Y
IYZ,iShares U.S. Telecommunications ETF,Z,Y
IZEA,"IZEA Worldwide, Inc. - Common Stock",NASDAQ,N
IZM,ICZOOM Group Inc. - Class A Ordinary Shares,NASDAQ,N
IZRL,ARK Israel Innovative Technology ETF,Z,Y
J,Jacobs Solutions Inc. Common Stock,N,N
JAAA,Janus Henderson AAA CLO ETF,P,Y
JABS,Janus Henderson Asset-Backed Securities ETF,P,Y
JACK,Jack In The Box Inc. - Common Stock,NASDAQ,N
JACS,Jackson Acquisition Company II Class A Ordinary Shares,N,N
JACS.R,"Jackson Acquisition Company II Rights, each right to acquire one-tenth (1/10) of one Class A ordinary share",N,N
JACS.U,"Jackson Acquisition Company II Units, each consisting of one Class A ordinary share and one right to acquire one-tenth (1/10) of one Class A ordinary share",N,N
JADE,JPMorgan Active Developing Markets Equity ETF,P,Y
JAGX,"Jaguar Health, Inc. - Common Stock",NASDAQ,N
JAJL,Innovator Equity Defined Protection ETF - 6mo Jan/Jul,Z,Y
JAKK,"JAKKS Pacific, Inc. - Common Stock",NASDAQ,N
JAMF,Jamf Holding Corp. - Common Stock,NASDAQ,N
JANB,Aptus January Buffer ETF,Z,Y
JANH,Innovator Premium Income 20 Barrier ETF - January,Z,Y
JANJ,Innovator Premium Income 30 Barrier ETF - January,Z,Y
JANM,FT Vest U.S. Equity Max Buffer ETF - January,Z,Y
JANP,PGIM S&P 500 Buffer 12 ETF - January,Z,Y
JANT,AllianzIM U.S. Large Cap Buffer10 Jan ETF,Z,Y
JANU,AllianzIM U.S. Equity Buffer15 Uncapped Jan ETF,Z,Y
JANW,AllianzIM U.S. Large Cap Buffer20 Jan ETF,Z,Y
JANX,"Janux Therapeutics, Inc. - Common Stock",NASDAQ,N
JANZ,TrueShares Structured Outcome (January) ETF,Z,Y
JAPN,Horizon Kinetics Japan Owner Operator ETF,NASDAQ,Y
JAVA,JPMorgan Active Value ETF,P,Y
JAZZ,Jazz Pharmaceuticals plc - Ordinary Shares,NASDAQ,N
JBBB,Janus Henderson B-BBB CLO ETF,Z,Y
JBDI,JBDI Holdings Limited - Ordinary Shares,NASDAQ,N
JBGS,JBG SMITH Properties Common Shares,N,N
JBHT,"J.B. Hunt Transport Services, Inc. - Common Stock",NASDAQ,N
JBI,"Janus International Group, Inc. Common Stock",N,N
JBIO,"Jade Biosciences, Inc. - Common Stock",NASDAQ,N
JBK,Lehman ABS 3.50 3.50% Adjustable Corp Backed Tr Certs GS Cap I,N,N
JBL,Jabil Inc. Common Stock,N,N
JBLU,JetBlue Airways Corporation - Common Stock,NASDAQ,N
JBND,JPMorgan Active Bond ETF,N,Y
JBS,JBS N.V. Class A Common Shares,N,N
JBSS,"John B. Sanfilippo & Son, Inc. - Common Stock",NASDAQ,N
JBTM,JBT Marel Corporation Common Stock,N,N
JCAP,"Jefferson Capital, Inc. - Common Stock",NASDAQ,N
JCE,Nuveen Core Equity Alpha Fund Common Shares of Beneficial Interest,N,N
JCHI,JPMorgan Active China ETF,P,Y
JCI,Johnson Controls International plc Ordinary Share,N,N
JCPB,JPMorgan Core Plus Bond ETF,Z,Y
JCPI,JPMorgan Inflation Managed Bond ETF,Z,Y
JCSE,JE Cleantech Holdings Limited - Ordinary Shares,NASDAQ,N
JCTC,Jewett-Cameron Trading Company - Common Shares,NASDAQ,N
JD,"JD.com, Inc. - American Depositary Shares",NASDAQ,N
JDIV,JPMorgan Dividend Leaders ETF,P,Y
JDOC,JPMorgan Healthcare Leaders ETF,NASDAQ,Y
JDST,Direxion Daily Junior Gold Miners Index Bear 2X Shares,P,Y
JDVI,John Hancock Disciplined Value International Select ETF,P,Y
JDVL,John Hancock Disciplined Value Select ETF,P,Y
JDZG,JIADE LIMITED - Class A Ordinary Shares,NASDAQ,N
JEDI,Defiance Drone and Modern Warfare ETF,P,Y
JEF,Jefferies Financial Group Inc. Common Stock,N,N
JELD,"JELD-WEN Holding, Inc. Common Stock",N,N
JEM,707 Cayman Holdings Limited - Ordinary Shares,NASDAQ,N
JEMA,JPMorgan ActiveBuilders Emerging Markets Equity ETF,Z,Y
JEMB,Janus Henderson Emerging Markets Debt Hard Currency ETF,P,Y
JENA,Jena Acquisition Corporation II Class A Ordinary Shares,N,N
JENA.R,"Jena Acquisition Corporation II Rights, each right to acquire one-twentieth (1/20) of one Class A ordinary share",N,N
JENA.U,"Jena Acquisition Corporation II Units, each consisting of one Class A ordinary share and one right",N,N
JEPI,JPMorgan Equity Premium Income ETF,P,Y
JEPQ,JPMorgan Nasdaq Equity Premium Income ETF,NASDAQ,Y
JETD,MAX Airlines -3X Inverse Leveraged ETNs,P,Y
JETS,U.S. Global Jets ETF,P,Y
JETU,MAX Airlines 3X Leveraged ETNs,P,Y
JFB,JFB Construction Holdings - Class A Common Stock,NASDAQ,N
JFBR,Jeffs' Brands Ltd - Ordinary Shares,NASDAQ,N
JFBRW,Jeffs' Brands Ltd - Warrant,NASDAQ,N
JFIN,Jiayin Group Inc. - American Depositary Shares,NASDAQ,N
JFLI,JPMorgan Flexible Income ETF,P,Y
JFLX,JPMorgan Flexible Debt ETF,P,Y
JFR,Nuveen Floating Rate Income Fund Common Stock,N,N
JFU,9F Inc. - American Depositary Shares,NASDAQ,N
JG,Aurora Mobile Limited - American Depositary Shares,NASDAQ,N
JGH,Nuveen Global High Income Fund Common Shares of Beneficial Interest,N,N
JGLO,JPMorgan Global Select Equity ETF,NASDAQ,Y
JGRO,JPMorgan Active Growth ETF,P,Y
JGRW,Jensen Quality Growth ETF,P,Y
JHAC,John Hancock Fundamental All Cap Core ETF,P,Y
JHAI,Janus Henderson Global Artificial Intelligence ETF,NASDAQ,Y
JHCB,John Hancock Corporate Bond ETF,P,Y
JHCP,John Hancock Core Plus Bond ETF,P,Y
JHCR,John Hancock Core Bond ETF,P,Y
JHDV,John Hancock U.S. High Dividend ETF,P,Y
JHEM,John Hancock Multifactor Emerging Markets ETF,P,Y
JHG,Janus Henderson Group plc Ordinary Shares,N,N
JHHY,John Hancock High Yield ETF,P,Y
JHI,John Hancock Investors Trust Common Stock,N,N
JHID,John Hancock International High Dividend ETF,P,Y
JHLN,John Hancock Global Senior Loan ETF,P,Y
JHMB,John Hancock Mortgage-Backed Securities ETF,P,Y
JHMD,John Hancock Multifactor Developed International ETF,P,Y
JHML,John Hancock Multifactor Large Cap ETF,P,Y
JHMM,John Hancock Multifactor Mid Cap ETF,P,Y
JHMU,John Hancock Dynamic Municipal Bond ETF,P,Y
JHPI,John Hancock Preferred Income ETF,P,Y
JHS,John Hancock Income Securities Trust Common Stock,N,N
JHSC,John Hancock Multifactor Small Cap ETF,P,Y
JHX,James Hardie Industries plc. Ordinary Shares,N,N
JIG,JPMorgan International Growth ETF,P,Y
JIII,Janus Henderson Income ETF,P,Y
JILL,"J. Jill, Inc. Common Stock",N,N
JIRE,JPMorgan International Research Enhanced Equity ETF,P,Y
JIVE,JPMorgan International Value ETF,NASDAQ,Y
JJSF,J & J Snack Foods Corp. - Common Stock,NASDAQ,N
JKHY,"Jack Henry & Associates, Inc. - Common Stock",NASDAQ,N
JKS,JinkoSolar Holding Company Limited American Depositary Shares (each representing 4 Common Shares),N,N
JL,J-Long Group Limited - Class A Ordinary Shares,NASDAQ,N
JLHL,Julong Holding Limited - Class A Ordinary Shares,NASDAQ,N
JLL,Jones Lang LaSalle Incorporated Common Stock,N,N
JLQD,Janus Henderson Corporate Bond ETF,P,Y
JLS,Nuveen Mortgage and Income Fund,N,N
JMBS,Janus Henderson Mortgage-Backed Securities ETF,P,Y
JMEE,JPMorgan Small & Mid Cap Enhanced Equity ETF,P,Y
JMG,JM Group Limited Ordinary Shares,A,N
JMHI,JPMorgan High Yield Municipal ETF,P,Y
JMIA,"Jumia Technologies AG American Depositary Shares, each representing two Ordinary Shares",N,N
JMID,Janus Henderson Mid Cap Growth Alpha ETF,NASDAQ,Y
JMM,Nuveen Multi-Market Income Fund (MA),N,N
JMMF,JPMorgan 100% U.S. Treasury Securities Money Market ETF,P,Y
JMOM,JPMorgan U.S. Momentum Factor ETF,P,Y
JMSB,"John Marshall Bancorp, Inc. - Common Stock",NASDAQ,N
JMSI,JPMorgan Sustainable Municipal Income ETF,P,Y
JMST,JPMorgan Ultra-Short Municipal Income ETF,Z,Y
JMTG,JPMorgan Mortgage-Backed Securities ETF,P,Y
JMUB,JPMorgan Municipal ETF,Z,Y
JNEU,AllianzIM U.S. Equity Buffer15 Uncapped June ETF,Z,Y
JNJ,Johnson & Johnson Common Stock,N,N
JNK,State Street SPDR Bloomberg High Yield Bond ETF,P,Y
JNUG,Direxion Daily Junior Gold Miners Index Bull 2X Shares,P,Y
JOB,GEE Group Inc. Common Stock,A,N
JOBX,Tradr 2X Long JOBY Daily ETF,Z,Y
JOBY,"Joby Aviation, Inc. Common Stock",N,N
JOBY.W,"Joby Aviation, Inc. Warrants",N,N
JOE,St. Joe Company (The) Common Stock,N,N
JOET,Virtus Terranova U.S. Quality Momentum ETF,P,Y
JOF,Japan Smaller Capitalization Fund Inc Common Stock,N,N
JOJO,ATAC Credit Rotation ETF,P,Y
JOUT,Johnson Outdoors Inc. - Class A Common Stock,NASDAQ,N
JOYT,JPMorgan Equity and Options Total Return ETF,Z,Y
JOYY,JOYY Inc. - American Depositary Shares,NASDAQ,N
JPAN,Matthews Japan Active ETF,P,Y
JPC,Nuveen Preferred & Income Opportunities Fund,N,N
JPEF,JPMorgan Equity Focus ETF,NASDAQ,Y
JPEM,JPMorgan Diversified Return Emerging Markets Equity ETF,P,Y
JPHY,JPMorgan Active High Yield ETF,Z,Y
JPIB,JPMorgan International Bond Opportunities ETF,Z,Y
JPIE,JPMorgan Income ETF,P,Y
JPIN,JPMorgan Diversified Return International Equity ETF,P,Y
JPLD,JPMorgan Limited Duration Bond ETF,Z,Y
JPM,JP Morgan Chase & Co. Common Stock,N,N
JPM$C,"J P Morgan Chase & Co Depositary Shares, each representing a 1/400th interest in a share of 6.00% Non-Cumulative  Preferred Stock, Series EE",N,N
JPM$D,"J P Morgan Chase & Co Depositary Shares, each representing a 1/400th  interest in a share of 5.75% Non-Cumulative  Preferred Stock, Series DD",N,N
JPM$J,"J P Morgan Chase & Co Depositary Shares, each representing a 1/400th interest in a share of JPMorgan Chase & Co. 4.75% Non-Cumulative Preferred Stock, Series GG",N,N
JPM$K,"J P Morgan Chase & Co Depositary Shares, each representing a 1/400th interest in a share of 4.55% Non-Cumulative Preferred Stock, Series JJ",N,N
JPM$L,"J P Morgan Chase & Co Depositary Shares, each representing a 1/400th interest in a share of 4.625% Non-Cumulative Preferred Stock, Series LL",N,N
JPM$M,"J P Morgan Chase & Co Depositary Shares, each representing a 1/400th interest in a share of 4.20% Non-Cumulative Preferred Stock, Series MM",N,N
JPMB,JPMorgan USD Emerging Markets Sovereign Bond ETF,P,Y
JPME,JPMorgan Diversified Return U.S. Mid Cap Equity ETF,P,Y
JPMO,YieldMax JPM Option Income Strategy ETF,P,Y
JPRE,JPMorgan Realty Income ETF,P,Y
JPSE,JPMorgan Diversified Return U.S. Small Cap Equity ETF,P,Y
JPST,JPMorgan Ultra-Short Income ETF,P,Y
JPSV,JPMorgan Active Small Cap Value ETF,P,Y
JPUS,JPMorgan Diversified Return U.S. Equity ETF,P,Y
JPXN,iShares JPX-Nikkei 400 ETF,P,Y
JPY,Lazard Japanese Equity ETF,NASDAQ,Y
JQC,Nuveen Credit Strategies Income Fund Shares of Beneficial Interest,N,N
JQUA,JPMorgan U.S. Quality Factor ETF,P,Y
JRE,Janus Henderson U.S. Real Estate ETF,P,Y
JRI,Nuveen Real Asset Income and Growth Fund Common Shares of Beneficial Interest,N,N
JRS,Nuveen Real Estate Income Fund Common Shares of Beneficial Interest,N,N
JRSH,"Jerash Holdings (US), Inc. - Common Stock",NASDAQ,N
JRVR,"James River Group Holdings, Inc. - Common Stock",NASDAQ,N
JSCP,JPMorgan Short Duration Core Plus ETF,P,Y
JSI,Janus Henderson Securitized Income ETF,P,Y
JSM,"Navient Corporation - 6% Senior Notes due December 15, 2043",NASDAQ,N
JSMD,Janus Henderson Small/Mid Cap Growth Alpha ETF,NASDAQ,Y
JSML,Janus Henderson Small Cap Growth Alpha ETF,NASDAQ,Y
JSPR,"Jasper Therapeutics, Inc. - Class A Common Stock",NASDAQ,N
JSPRW,"Jasper Therapeutics, Inc. - Warrant",NASDAQ,N
JSTC,Adasina Social Justice All Cap Global ETF,P,Y
JTAI,Jet.AI Inc. - Common Stock,NASDAQ,N
JTEK,JPMorgan U.S. Tech Leaders ETF,NASDAQ,Y
JUCY,Aptus Enhanced Yield ETF,Z,Y
JULB,Aptus July Buffer ETF,Z,Y
JULH,Innovator Premium Income 20 Barrier ETF - July,Z,Y
JULJ,Innovator Premium Income 30 Barrier ETF - July,Z,Y
JULM,FT Vest U.S. Equity Max Buffer ETF - July,Z,Y
JULP,PGIM S&P 500 Buffer 12 ETF - July,Z,Y
JULT,AllianzIM U.S. Large Cap Buffer10 Jul ETF,Z,Y
JULU,AllianzIM U.S. Equity Buffer15 Uncapped Jul ETF,Z,Y
JULW,AllianzIM U.S. Large Cap Buffer20 Jul ETF,Z,Y
JULZ,TrueShares Structured Outcome (July) ETF,Z,Y
JUNM,FT Vest U.S. Equity Max Buffer ETF - June,Z,Y
JUNP,PGIM S&P 500 Buffer 12 ETF - June,Z,Y
JUNS,"Jupiter Neurosciences, Inc. - Common Stock",NASDAQ,N
JUNT,AllianzIM U.S. Large Cap Buffer10 Jun ETF,Z,Y
JUNW,AllianzIM U.S. Large Cap Buffer20 Jun ETF,Z,Y
JUNZ,TrueShares Structured Outcome (June) ETF,Z,Y
JUSA,JPMorgan U.S. Research Enhanced Large Cap ETF,P,Y
JUST,Goldman Sachs JUST U.S. Large Cap Equity ETF,P,Y
JVA,"Coffee Holding Co., Inc. - Common Stock",NASDAQ,N
JVAL,JPMorgan U.S. Value Factor ETF,P,Y
JWEL,Jowell Global Ltd. - Ordinary Shares,NASDAQ,N
JXG,JX Luxventure Group Inc. - Common Stock,NASDAQ,N
JXI,iShares Global Utilities ETF,P,Y
JXN,Jackson Financial Inc. Class A Common Stock,N,N
JXN$A,"Jackson Financial Inc. Depositary Shares, each representing a 1/1,000th interest in a share of Fixed-Rate Reset Noncumulative Perpetual Preferred Stock, Series A",N,N
JXX,Janus Henderson Transformational Growth ETF,Z,Y
JYD,Jayud Global Logistics Limited - Class A Ordinary Shares,NASDAQ,N
JYNT,The Joint Corp. - Common Stock,NASDAQ,N
JZ,Jianzhi Education Technology Group Company Limited - American Depositary Shares,NASDAQ,N
JZXN,"Jiuzi Holdings, Inc. - Ordinary Shares",NASDAQ,N
KAI,Kadant Inc Common Stock,N,N
KALA,"KALA BIO, Inc. - Common Stock",NASDAQ,N
KALU,Kaiser Aluminum Corporation - Common Stock,NASDAQ,N
KALV,"KalVista Pharmaceuticals, Inc. - Common Stock",NASDAQ,N
KAMO,Kensington Credit Opportunities ETF,Z,Y
KAPA,"Kairos Pharma, Ltd. Common Stock",A,N
KAPR,Innovator U.S. Small Cap Power Buffer ETF - April,Z,Y
KARO,Karooooo Ltd. - Ordinary shares,NASDAQ,N
KARS,KraneShares Electric Vehicles and Future Mobility Index ETF,P,Y
KAT,Scharf ETF,NASDAQ,Y
KAUG,Innovator US Small Cap Power Buffer ETF - August,Z,Y
KB,KB Financial Group Inc,N,N
KBA,KraneShares Bosera MSCI China A 50 Connect Index ETF,P,Y
KBAB,KraneShares 2x Long BABA Daily ETF,NASDAQ,Y
KBDC,"Kayne Anderson BDC, Inc. Common Stock",N,N
KBDU,KraneShares 2x Long BIDU Daily ETF,NASDAQ,Y
KBE,State Street SPDR S&P Bank ETF,P,Y
KBH,KB Home Common Stock,N,N
KBONU,Karbon Capital Partners Corp. - Units,NASDAQ,N
KBR,"KBR, Inc. Common Stock",N,N
KBSX,FST Corp. - Ordinary Shares,NASDAQ,N
KBUF,KraneShares 90% KWEB Defined Outcome January 2027 ETF,P,Y
KBWB,Invesco KBW Bank ETF,NASDAQ,Y
KBWD,Invesco KBW High Dividend Yield Financial ETF,NASDAQ,Y
KBWP,Invesco KBW Property & Casualty Insurance ETF,NASDAQ,Y
KBWR,Invesco KBW Regional Banking ETF,NASDAQ,Y
KBWY,Invesco KBW Premium Yield Equity REIT ETF,NASDAQ,Y
KC,Kingsoft Cloud Holdings Limited - American Depositary Shares,NASDAQ,N
KCAI,KraneShares China Alpha Index ETF,P,Y
KCCA,KraneShares California Carbon Allowance Strategy ETF,P,Y
KCE,State Street SPDR S&P Capital Markets ETF,P,Y
KCHV,Kochav Defense Acquisition Corp. - Class A Ordinary Shares,NASDAQ,N
KCHVR,Kochav Defense Acquisition Corp. - Right,NASDAQ,N
KCHVU,Kochav Defense Acquisition Corp. - Units,NASDAQ,N
KCSH,KraneShares Sustainable Ultra Short Duration Index ETF,P,Y
KD,"Kyndryl Holdings, Inc. Common Stock",N,N
KDEC,Innovator U.S. Small Cap Power Buffer ETF - December,Z,Y
KDEF,PLUS Korea Defense Industry Index ETF,P,Y
KDK,"Kodiak AI, Inc. - Common Stock",NASDAQ,N
KDKRW,"Kodiak AI, Inc. - Warrant",NASDAQ,N
KDP,Keurig Dr Pepper Inc. - Common Stock,NASDAQ,N
KDRN,Kingsbarn Tactical Bond ETF,P,Y
KDVD,Keeley Dividend ETF,P,Y
KE,"Kimball Electronics, Inc. - Common Stock",NASDAQ,N
KEAT,Keating Active ETF,NASDAQ,Y
KELYA,"Kelly Services, Inc. - Class A Common Stock",NASDAQ,N
KELYB,"Kelly Services, Inc. - Class B Common Stock",NASDAQ,N
KEMQ,KraneShares Emerging Markets Consumer Technology Index ETF,P,Y
KEMX,KraneShares MSCI Emerging Markets ex China Index ETF,P,Y
KEN,Kenon Holdings Ltd. Ordinary Shares,N,N
KEP,Korea Electric Power Corporation Common Stock,N,N
KEQU,Kewaunee Scientific Corporation - Common Stock,NASDAQ,N
KEUA,KraneShares European Carbon Allowance Strategy ETF,P,Y
KEX,Kirby Corporation Common Stock,N,N
KEY,KeyCorp Common Stock,N,N
KEY$I,"KeyCorp Depositary Shares Each Representing a 1/40th Ownership Interest in a Share of Fixed-to-Floating Rate Perpetual Non-Cumulative Preferred Stock, Series E",N,N
KEY$J,"KeyCorp Depositary Shares each representing a 1/40th ownership interest in a share of Fixed Rate Perpetual Non-Cumulative Preferred Stock, Series F",N,N
KEY$K,"KeyCorp Depositary Shares, each representing a 1/40th ownership interest in a share of Fixed Rate Perpetual Non-Cumulative Preferred Stock, Series G",N,N
KEY$L,"KeyCorp Depositary Shares each representing a 1/40th ownership interest in a share of Fixed Rate Perpetual Non-Cumulative Preferred Stock, Series H",N,N
KEYS,Keysight Technologies Inc. Common Stock,N,N
KF,"Korea Fund, Inc. (The) New Common Stock",N,N
KFEB,Innovator U.S. Small Cap Power Buffer ETF - February,Z,Y
KFFB,Kentucky First Federal Bancorp - Common Stock,NASDAQ,N
KFII,K&F Growth Acquisition Corp. II - Class A Ordinary shares,NASDAQ,N
KFIIR,K&F Growth Acquisition Corp. II - Rights,NASDAQ,N
KFIIU,K&F Growth Acquisition Corp. II - Unit,NASDAQ,N
KFRC,"Kforce, Inc. Common Stock",N,N
KFS,"Kingsway Financial Services, Inc. Common Stock (DE)",N,N
KFY,Korn Ferry Common Stock,N,N
KG,"Kestrel Group, Ltd. - Common Stock",NASDAQ,N
KGC,Kinross Gold Corporation Common Stock,N,N
KGEI,Kolibri Global Energy Inc. - Common stock,NASDAQ,N
KGLD,Kurv Gold Enhanced Income ETF,Z,Y
KGRN,KraneShares MSCI China Clean Technology Index ETF,P,Y
KGS,"Kodiak Gas Services, Inc. Common Stock",N,N
KHC,The Kraft Heinz Company - Common Stock,NASDAQ,N
KHPI,Managed Portfolio Series Kensington Hedged Premium Income ETF,Z,Y
KHYB,KraneShares Asia Pacific High Income USD Bond ETF,P,Y
KIDS,OrthoPediatrics Corp. - Common Stock,NASDAQ,N
KIDZ,"Classover Holdings, Inc. - Class B Common Stock",NASDAQ,N
KIDZW,"Classover Holdings, Inc. - Warrants",NASDAQ,N
KIE,State Street SPDR S&P Insurance ETF,P,Y
KIM,Kimco Realty Corporation (HC) Common Stock,N,N
KIM$L,"Kimco Realty Corporation Class L Depositary Shares, each of which represents a one-one thousandth fractional interest in a share of 5.125% Class L Cumulative Redeemable Preferred Stock, liquidation preference $25,000.00 per share",N,N
KIM$M,"Kimco Realty Corporation Class M Depositary Shares, each of which represents a one-one thousandth fractional interest in a share of 5.25% Class M Cumulative Redeemable Preferred Stock, liquidation preference $25,000.00 per share",N,N
KIM$N,"Kimco Realty Corporation Depositary Shares, each representing 1/1,000th interest in a share of 7.25% Class N Cumulative Convertible Perpetual Preferred Stock",N,N
KINS,"Kingstone Companies, Inc - Common Stock",NASDAQ,N
KIO,KKR Income Opportunities Fund Common Shares,N,N
KIQQ,KraneShares InspereX Nasdaq Dynamic Buffered High Income Index ETF,NASDAQ,Y
KITT,"Nauticus Robotics, Inc. - Common stock",NASDAQ,N
KITTW,"Nauticus Robotics, Inc. - Warrant",NASDAQ,N
KJAN,Innovator U.S. Small Cap Power Buffer ETF - January,Z,Y
KJD,KraneShares 2x Long JD Daily ETF,NASDAQ,Y
KJUL,Innovator U.S. Small Cap Power Buffer ETF - July,Z,Y
KJUN,Innovator U.S. Small Cap Power Buffer ETF - June,Z,Y
KKR,KKR & Co. Inc. Common Stock,N,N
KKR$D,KKR & Co. Inc. 6.25% Series D Mandatory Convertible Preferred Stock,N,N
KKRS,KKR Group Finance Co. IX LLC 4.625% Subordinated Notes due 2061,N,N
KKRT,KKR & Co. Inc. 6.875% Subordinated Notes due 2065,N,N
KLAC,KLA Corporation  - Common Stock,NASDAQ,N
KLAG,Leverage Shares 2x Long KLAC Daily ETF,NASDAQ,Y
KLAR,Klarna Group plc Ordinary Shares,N,N
KLC,"KinderCare Learning Companies, Inc. Common Stock",N,N
KLIC,"Kulicke and Soffa Industries, Inc. - Common Stock",NASDAQ,N
KLIP,KraneShares KWEB Covered Call Strategy ETF,P,Y
KLMN,Invesco MSCI North America Climate ETF,P,Y
KLMT,Invesco MSCI Global Climate 500 ETF,P,Y
KLRS,"Kalaris Therapeutics, Inc.  - Common Stock",NASDAQ,N
KLTO,"Klotho Neurosciences, Inc. - Common Stock",NASDAQ,N
KLTOW,"Klotho Neurosciences, Inc. - Warrants",NASDAQ,N
KLTR,"Kaltura, Inc. - Common Stock",NASDAQ,N
KLXE,"KLX Energy Services Holdings, Inc.  - Common Stock",NASDAQ,N
KLXY,KraneShares Global Luxury Index ETF,P,Y
KMAR,Innovator U.S. Small Cap Power Buffer ETF - March,Z,Y
KMAY,Innovator U.S. Small Cap Power Buffer ETF - May,Z,Y
KMB,Kimberly-Clark Corporation - Common Stock,NASDAQ,N
KMDA,Kamada Ltd. - Ordinary Shares,NASDAQ,N
KMI,"Kinder Morgan, Inc. Common Stock",N,N
KMID,Virtus KAR Mid-Cap ETF,P,Y
KMLI,KraneShares 2x Long MELI Daily ETF,NASDAQ,Y
KMLM,KraneShares Mount Lucas Managed Futures Index Strategy ETF,P,Y
KMPB,Kemper Corporation 5.875% Fixed-Rate Reset Junior Subordinated Debentures due 2062,N,N
KMPR,Kemper Corporation,N,N
KMRK,K-Tech Solutions Company Limited - Class A Ordinary Shares,NASDAQ,N
KMT,Kennametal Inc. Common Stock,N,N
KMTS,"Kestra Medical Technologies, Ltd. - Common Stock",NASDAQ,N
KMX,CarMax Inc,N,N
KN,Knowles Corporation Common Stock,N,N
KNCT,Invesco Next Gen Connectivity ETF,P,Y
KNDI,"Kandi Technologies Group, Inc. - Ordinary Shares",NASDAQ,N
KNF,Knife Riv Holding Co. Common Stock,N,N
KNG,FT Vest S&P 500 Dividend Aristocrats Target Income ETF,Z,Y
KNGZ,First Trust S&P 500 Diversified Dividend Aristocrats ETF,NASDAQ,Y
KNO,AXS Knowledge Leaders ETF,P,Y
KNOP,KNOT Offshore Partners LP Common Units representing Limited Partner Interests,N,N
KNOV,Innovator U.S. Small Cap Power Buffer ETF - November,Z,Y
KNOW,Fundamentals First ETF Fundamentals First ETF,Z,Y
KNRG,Simplify Kayne Anderson Energy and Infrastructure Credit ETF,P,Y
KNRX,KNOREX LTD. Class A Ordinary Shares,A,N
KNSA,"Kiniksa Pharmaceuticals, Ltd. - Class A Ordinary Shares",NASDAQ,N
KNSL,"Kinsale Capital Group, Inc. Common Stock",N,N
KNTK,Kinetik Holdings Inc. Class A Common Stock,N,N
KNX,Knight-Swift Transportation Holdings Inc.,N,N
KO,Coca-Cola Company (The) Common Stock,N,N
KOCT,Innovator U.S. Small Cap Power Buffer ETF - October,Z,Y
KOD,Kodiak Sciences Inc - Common Stock,NASDAQ,N
KODK,Eastman Kodak Company Common New,N,N
KOF,"Coca Cola Femsa S.A.B. de C.V.  American Depositary Shares, each representing 10 Units (each Unit consists of 3 Series B Shares and 5 Series L Shares)",N,N
KOID,KraneShares Global Humanoid and Embodied Intelligence Index ETF,NASDAQ,Y
KOKU,Xtrackers MSCI Kokusai Equity ETF,P,Y
KOLD,ProShares UltraShort Bloomberg Natural Gas,P,Y
KOMP,State Street SPDR S&P Kensho New Economies Composite ETF,P,Y
KONG,Formidable Fortress ETF,Z,Y
KOOL,North Shore Equity Rotation ETF,P,Y
KOP,Koppers Holdings Inc. Common Stock,N,N
KOPN,Kopin Corporation - Common Stock,NASDAQ,N
KORE,"KORE Group Holdings, Inc. Common Stock",N,N
KORP,American Century Diversified Corporate Bond ETF,P,Y
KORU,Direxion Daily South Korea Bull 3X Shares,P,Y
KOS,Kosmos Energy Ltd. Common Shares (DE),N,N
KOSS,Koss Corporation - Common Stock,NASDAQ,N
KOYN,CSLM Digital Asset Acquisition Corp III - Class A Ordinary Shares,NASDAQ,N
KOYNU,CSLM Digital Asset Acquisition Corp III - Units,NASDAQ,N
KOYNW,CSLM Digital Asset Acquisition Corp III - Warrants,NASDAQ,N
KPDD,KraneShares 2x Long PDD Daily ETF,NASDAQ,Y
KPHO,KraneShares Dragon Capital Vietnam Growth Index ETF,P,Y
KPLT,"Katapult Holdings, Inc. - Common Stock",NASDAQ,N
KPLTW,"Katapult Holdings, Inc. - Warrant",NASDAQ,N
KPRO,KraneShares 100% KWEB Defined Outcome January 2027 ETF,P,Y
KPRX,"Kiora Pharmaceuticals, Inc.  - Common Stock",NASDAQ,N
KPTI,Karyopharm Therapeutics Inc. - Common Stock,NASDAQ,N
KQQQ,Kurv Technology Titans Select ETF,NASDAQ,Y
KR,Kroger Company (The) Common Stock,N,N
KRBN,KraneShares Global Carbon Strategy ETF,P,Y
KRC,Kilroy Realty Corporation Common Stock,N,N
KRE,State Street SPDR S&P Regional Banking ETF,P,Y
KREF,KKR Real Estate Finance Trust Inc. Common Stock,N,N
KREF$A,KKR Real Estate Finance Trust Inc. 6.50% Series A Cumulative Redeemable Preferred Stock,N,N
KRG,Kite Realty Group Trust Common Stock,N,N
KRKR,36Kr Holdings Inc. - American Depositary Shares,NASDAQ,N
KRMA,Global X Conscious Companies ETF,NASDAQ,Y
KRMD,"KORU Medical Systems, Inc. - Common Stock",NASDAQ,N
KRMN,Karman Holdings Inc. Common Stock,N,N
KRNT,Kornit Digital Ltd. - Ordinary Shares,NASDAQ,N
KRNY,Kearny Financial - Common Stock,NASDAQ,N
KRO,Kronos Worldwide Inc Common Stock,N,N
KROP,Global X AgTech & Food Innovation ETF,NASDAQ,Y
KROS,"Keros Therapeutics, Inc. - common stock",NASDAQ,N
KRP,Kimbell Royalty Partners Common Units Representing Limited Partner Interests,N,N
KRRO,"Korro Bio, Inc. - Common Stock",NASDAQ,N
KRSP,Rice Acquisition Corporation 3 Class A Ordinary Shares,N,N
KRSP.U,"Rice Acquisition Corporation 3 Units, each consisting of one Class A ordinary share, and one-sixth of one redeemable warrant",N,N
KRSP.W,"Rice Acquisition Corporation 3 Redeemable warrants, each whole warrant exercisable for one Class A ordinary share at an exercise price of $11.50",N,N
KRT,Karat Packaging Inc. - Common Stock,NASDAQ,N
KRUS,"Kura Sushi USA, Inc. - Class A Common Stock",NASDAQ,N
KRYS,"Krystal Biotech, Inc. - Common Stock",NASDAQ,N
KSA,iShares MSCI Saudi Arabia ETF,P,Y
KSCP,"Knightscope, Inc. - Class A Common Stock",NASDAQ,N
KSEP,Innovator U.S. Small Cap Power Buffer ETF - September,Z,Y
KSLV,Kurv Silver Enhanced Income ETF,Z,Y
KSPI,Joint Stock Company Kaspi.kz - American Depository Shares,NASDAQ,N
KSPY,KraneShares Hedgeye Hedged Equity Index ETF,P,Y
KSS,Kohl's Corporation Common Stock,N,N
KSTR,KraneShares SSE STAR Market 50 Index ETF,P,Y
KT,KT Corporation Common Stock,N,N
KTB,"Kontoor Brands, Inc. Common Stock",N,N
KTCC,Key Tronic Corporation - Common Stock,NASDAQ,N
KTEC,KraneShares Hang Seng TECH Index ETF,P,Y
KTF,DWS Municipal Income Trust,N,N
KTH,Structures Products Cp 8% CorTS Issued by Peco Energy Cap Tr II Preferred Stock,N,N
KTN,Structured Products Corp 8.205% CorTS 8.205% Corporate Backed Trust Securities (CorTS),N,N
KTOS,"Kratos Defense & Security Solutions, Inc. - Common Stock",NASDAQ,N
KTTA,Pasithea Therapeutics Corp. - Common Stock,NASDAQ,N
KTTAW,Pasithea Therapeutics Corp. - Warrant,NASDAQ,N
KTUP,T-REX 2X Long KTOS Daily Target ETF,Z,Y
KULR,"KULR Technology Group, Inc. Common Stock",A,N
KURA,"Kura Oncology, Inc. - Common Stock",NASDAQ,N
KURE,KraneShares MSCI All China Health Care Index ETF,P,Y
KUST,"Kustom Entertainment, Inc. - Common Stock",NASDAQ,N
KVAC,Keen Vision Acquisition Corporation - Ordinary Shares,NASDAQ,N
KVACU,Keen Vision Acquisition Corporation - Units,NASDAQ,N
KVACW,Keen Vision Acquisition Corporation - Warrant,NASDAQ,N
KVHI,"KVH Industries, Inc. - Common Stock",NASDAQ,N
KVLE,KraneShares Value Line Dynamic Dividend Equity Index ETF,P,Y
KVUE,Kenvue Inc. Common Stock,N,N
KVYO,"Klaviyo, Inc. Series A Common Stock",N,N
KW,Kennedy-Wilson Holdings Inc. Common Stock,N,N
KWEB,KraneShares CSI China Internet ETF,P,Y
KWIN,KraneShares Wahed Alternative Income Index ETF,P,Y
KWM,"K Wave Media, Ltd. - Ordinary Shares",NASDAQ,N
KWMWW,"K Wave Media, Ltd. - Warrant",NASDAQ,N
KWR,Quaker Houghton Common Stock,N,N
KWT,iShares MSCI Kuwait ETF,Z,Y
KXI,iShares Global Consumer Staples ETF,P,Y
KXIN,Kaixin Holdings - Ordinary Shares,NASDAQ,N
KYIV,Kyivstar Group Ltd. - Common Shares,NASDAQ,N
KYIVW,Kyivstar Group Ltd. - Warrant,NASDAQ,N
KYLD,Kurv High Income ETF,Z,Y
KYMR,"Kymera Therapeutics, Inc. - Common Stock",NASDAQ,N
KYN,"Kayne Anderson Energy Infrastructure Fund, Inc.",N,N
KYNB,"Kyntra Bio, Inc. - Common Stock",NASDAQ,N
KYTX,"Kyverna Therapeutics, Inc. - Common Stock",NASDAQ,N
KZIA,Kazia Therapeutics Limited - American Depositary Shares,NASDAQ,N
KZR,"Kezar Life Sciences, Inc. - Common Stock",NASDAQ,N
L,Loews Corporation Common Stock,N,N
LAB,Standard BioTools Inc. - Common Stock,NASDAQ,N
LABD,Direxion Daily S&P Biotech Bear 3X Shares,P,Y
LABU,Direxion Daily S&P Biotech Bull 3X Shares,P,Y
LABX,Tradr 2X Long ALAB Daily ETF,Z,Y
LAC,Lithium Americas Corp. Common Shares,N,N
LACG,Leverage Shares 2X Long LAC Daily ETF,NASDAQ,Y
LAD,"Lithia Motors, Inc. Common Stock",N,N
LADR,Ladder Capital Corp Class A Common Stock,N,N
LAES,SEALSQ Corp - Ordinary Shares,NASDAQ,N
LAFA,LaFayette Acquisition Corp. - Ordinary Share,NASDAQ,N
LAFAR,LaFayette Acquisition Corp. - Rights,NASDAQ,N
LAFAU,LaFayette Acquisition Corp. - Unit,NASDAQ,N
LAKE,"Lakeland Industries, Inc. - Common Stock",NASDAQ,N
LALT,First Trust Multi-Strategy Alternative ETF,P,Y
LAMR,Lamar Advertising Company - Class A Common Stock,NASDAQ,N
LAND,Gladstone Land Corporation - Common Stock,NASDAQ,N
LANDM,Gladstone Land Corporation - 5.00% Series D Cumulative Term Preferred Stock,NASDAQ,N
LANDO,Gladstone Land Corporation - 6.00% Series B Cumulative Redeemable Preferred Stock,NASDAQ,N
LANDP,Gladstone Land Corporation - 6.00% Series C Cumulative Redeemable Preferred Stock,NASDAQ,N
LANV,Lanvin Group Holdings Limited Ordinary Shares,N,N
LANV.W,"Lanvin Group Holdings Limited Redeemable Warrants, each whole warrant exercisable for one Ordinary Share at an exercise price of $11.50",N,N
LAPR,Innovator Premium Income 15 Buffer ETF - April,Z,Y
LAR,Lithium Argentina AG Common Shares,N,N
LARK,Landmark Bancorp Inc. - Common Stock,NASDAQ,N
LASE,Laser Photonics Corporation - Common Stock,NASDAQ,N
LASR,"nLIGHT, Inc. - Common Stock",NASDAQ,N
LATA,Galata Acquisition Corp. II - Class A Ordinary Shares,NASDAQ,N
LATAU,Galata Acquisition Corp. II - Units,NASDAQ,N
LATAW,Galata Acquisition Corp. II - Warrant,NASDAQ,N
LAUR,"Laureate Education, Inc. - Common Stock",NASDAQ,N
LAW,"CS Disco, Inc. Common Stock",N,N
LAWR,"Robot Consulting Co., Ltd. - ADS",NASDAQ,N
LAYS,STKd 100% NVDA & 100% AMD ETF,NASDAQ,Y
LAZ,"Lazard, Inc. Common Stock",N,N
LB,LandBridge Company LLC Class A Shares Representing Limited Liability Company Interests,N,N
LBAY,Leatherback Long/Short Alternative Yield ETF,P,Y
LBGJ,Li Bang International Corporation Inc. - Class A Ordinary Shares,NASDAQ,N
LBO,WHITEWOLF Publicly Listed Private Equity ETF,Z,Y
LBRDA,Liberty Broadband Corporation - Class A Common Stock,NASDAQ,N
LBRDK,Liberty Broadband Corporation - Class C Common Stock,NASDAQ,N
LBRDP,Liberty Broadband Corporation - Series A Cumulative Redeemable Preferred Stock,NASDAQ,N
LBRT,Liberty Energy Inc. Class A common stock,N,N
LBRX,LB Pharmaceuticals Inc - Common Stock,NASDAQ,N
LBTYA,Liberty Global Ltd. - Class A Common Shares,NASDAQ,N
LBTYB,Liberty Global Ltd. - Class B Common Shares,NASDAQ,N
LBTYK,Liberty Global Ltd. - Class C Common Shares,NASDAQ,N
LC,LendingClub Corporation Common Stock,N,N
LCAP,Principal Capital Appreciation Select ETF,Z,Y
LCCC,Lakeshore Acquisition III Corp. - Ordinary Shares,NASDAQ,N
LCCCR,Lakeshore Acquisition III Corp. - Rights,NASDAQ,N
LCCCU,Lakeshore Acquisition III Corp. - Unit,NASDAQ,N
LCDL,GraniteShares 2x Long LCID Daily ETF,NASDAQ,Y
LCDS,JPMorgan Fundamental Data Science Large Core ETF,NASDAQ,Y
LCF,Touchstone US Large Cap Focused ETF,Z,Y
LCFY,Locafy Limited - Ordinary Share,NASDAQ,N
LCFYW,Locafy Limited - Warrant,NASDAQ,N
LCID,"Lucid Group, Inc. - Common Stock",NASDAQ,N
LCII,LCI Industries,N,N
LCLG,Logan Capital Broad Innovative Growth ETF,P,Y
LCNB,LCNB Corporation - Common Stock,NASDAQ,N
LCO,LOGIQ Contrarian Opportunities ETF,P,Y
LCOW,Pacer S&P 500 Quality FCF Aristocrats ETF,Z,Y
LCR,Leuthold Core ETF,P,Y
LCTD,iShares World ex U.S. Carbon Transition Readiness Aware Active ETF,P,Y
LCTU,iShares U.S. Carbon Transition Readiness Aware Active ETF,P,Y
LCTX,"Lineage Cell Therapeutics, Inc. Common Stock",A,N
LCUT,"Lifetime Brands, Inc. - Common Stock",NASDAQ,N
LDDR,LifeX 2035 Income Bucket ETF,Z,Y
LDEM,iShares ESG MSCI EM Leaders ETF,NASDAQ,Y
LDI,"loanDepot, Inc. Class A Common Stock",N,N
LDOS,"Leidos Holdings, Inc. Common Stock",N,N
LDP,"Cohen & Steers Limited Duration Preferred and Income Fund, Inc.",N,N
LDRC,iShares iBonds 1-5 Year Corporate Ladder ETF,P,Y
LDRH,iShares iBonds 1-5 Year High Yield and Income Ladder ETF,P,Y
LDRI,iShares iBonds 1-5 Year TIPS Ladder ETF,P,Y
LDRT,iShares iBonds 1-5 Year Treasury Ladder ETF,P,Y
LDRX,SGI Enhanced Market Leaders ETF,NASDAQ,Y
LDSF,First Trust Low Duration Strategic Focus ETF,NASDAQ,Y
LDUR,PIMCO Enhanced Low Duration Active Exchange-Traded Fund,P,Y
LDWY,"Lendway, Inc. - Common Stock",NASDAQ,N
LE,"Lands' End, Inc. - Common Stock",NASDAQ,N
LEA,Lear Corporation Common Stock,N,N
LEAD,Siren DIVCON Leaders Dividend ETF,Z,Y
LECO,"Lincoln Electric Holdings, Inc. - Common Shares",NASDAQ,N
LEDS,SemiLEDS Corporation - Common Stock,NASDAQ,N
LEE,"Lee Enterprises, Incorporated - Common Stock",NASDAQ,N
LEG,"Leggett & Platt, Incorporated Common Stock",N,N
LEGH,Legacy Housing Corporation - Common Stock,NASDAQ,N
LEGN,Legend Biotech Corporation - American Depositary Shares,NASDAQ,N
LEGR,First Trust Indxx Innovative Transaction & Process ETF,NASDAQ,Y
LEGT,Legato Merger Corp. III Ordinary Shares,A,N
LEGT.U,"Legato Merger Corp. III Units, each consisting of one Ordinary Share and one-half of one warrant",A,N
LEGT.W,"Legato Merger Corp. III Redeemable Warrants, each whole warrant exercisable for one ordinary share at an exercise price of $11.50 per share",A,N
LEMB,iShares J.P. Morgan EM Local Currency Bond,P,Y
LEN,Lennar Corporation Class A Common Stock,N,N
LEN.B,Lennar Corporation Class B,N,N
LENS,Sarmaya Thematic ETF,Z,Y
LENZ,"LENZ Therapeutics, Inc. - Common Stock",NASDAQ,N
LEO,"BNY Mellon Strategic Municipals, Inc. Common Stock",N,N
LESL,"Leslie's, Inc. - Common Stock",NASDAQ,N
LEU,Centrus Energy Corp. Class A Common Stock,N,N
LEVI,Levi Strauss & Co Class A Common Stock,N,N
LEXI,Alexis Practical Tactical ETF,NASDAQ,Y
LEXX,Lexaria Bioscience Corp. - Common Stock,NASDAQ,N
LEXXW,Lexaria Bioscience Corp. - Warrant,NASDAQ,N
LFACU,Leapfrog Acquisition Corporation - Units,NASDAQ,N
LFAI,LifeX 2050 Longevity Income ETF,Z,Y
LFAO,LifeX 2055 Longevity Income ETF,Z,Y
LFAW,LifeX 2060 Longevity Income ETF,Z,Y
LFBE,LifeX 2065 Longevity Income ETF,Z,Y
LFCR,"Lifecore Biomedical, Inc. - Common Stock",NASDAQ,N
LFDR,LifeX Durable Income ETF,Z,Y
LFEQ,VanEck Long/Flat Trend ETF,P,Y
LFGY,YieldMax Crypto Industry & Tech Portfolio Option Income ETF,P,Y
LFMD,"LifeMD, Inc. - Common Stock",NASDAQ,N
LFMDP,"LifeMD, Inc. - 8.875% Series A Cumulative Perpetual Preferred Stock",NASDAQ,N
LFS,"LEIFRAS Co., Ltd. - American Depositary Shares",NASDAQ,N
LFSC,F/m Emerald Life Sciences Innovation ETF,NASDAQ,Y
LFST,"LifeStance Health Group, Inc. - Common Stock",NASDAQ,N
LFT,"Lument Finance Trust, Inc. Common Stock",N,N
LFT$A,"Lument Finance Trust, Inc. 7.875% Series A Cumulative Redeemable Preferred Stock",N,N
LFUS,"Littelfuse, Inc. - Common Stock",NASDAQ,N
LFVN,Lifevantage Corporation - Common Stock,NASDAQ,N
LFWD,Lifeward Ltd. - Ordinary Shares,NASDAQ,N
LGCB,Linkage Global Inc - Class A Ordinary Shares,NASDAQ,N
LGCF,Themes US Cash Flow Champions ETF,NASDAQ,Y
LGCL,Lucas GC Limited - Class A Ordinary Shares,NASDAQ,N
LGCY,Legacy Education Inc. Common Stock,A,N
LGDX,Intech S&P Large Cap Diversified Alpha ETF,P,Y
LGH,HCM Defender 500 Index ETF,P,Y
LGHL,Lion Group Holding Ltd. - American Depositary Share,NASDAQ,N
LGHT,Langar Global HealthTech ETF,P,Y
LGI,Lazard Global Total Return and Income Fund Common Stock,N,N
LGIH,"LGI Homes, Inc. - Common Stock",NASDAQ,N
LGL,"LGL Group, Inc. (The) Common Stock",A,N
LGLV,State Street SPDR US Large Cap Low Volatility Index ETF,P,Y
LGN,Legence Corp. - Class A Common stock,NASDAQ,N
LGND,Ligand Pharmaceuticals Incorporated - Common Stock,NASDAQ,N
LGO,Largo Inc. - Common Shares,NASDAQ,N
LGOV,First Trust Long Duration Opportunities ETF,P,Y
LGPS,LogProstyle Inc. Common Shares,A,N
LGRO,Level Four Large Cap Growth Active ETF,NASDAQ,Y
LGVN,Longeveron Inc. - Class A Common stock,NASDAQ,N
LH,Labcorp Holdings Inc. Common Stock,N,N
LHAI,Linkhome Holdings Inc. - Common stock,NASDAQ,N
LHSW,Lianhe Sowell International Group Ltd - Class A Ordinary Shares,NASDAQ,N
LHX,"L3Harris Technologies, Inc. Common Stock",N,N
LI,Li Auto Inc. - American Depositary Shares,NASDAQ,N
LIAE,LifeX 2050 Inflation-Protected Longevity Income ETF,Z,Y
LIAM,LifeX 2055 Inflation-Protected Longevity Income ETF,Z,Y
LIAU,LifeX 2060 Inflation-Protected Longevity Income ETF,Z,Y
LIBD,LifeX 2065 Inflation-Protected Longevity Income ETF,Z,Y
LICN,Lichen International Limited - Class A Ordinary Shares,NASDAQ,N
LIDR,"AEye, Inc. - Class A Common Stock",NASDAQ,N
LIDRW,"AEye, Inc. - Warrant",NASDAQ,N
LIEN,"Chicago Atlantic BDC, Inc. - Common Stock",NASDAQ,N
LIF,"Life360, Inc. - Common Stock",NASDAQ,N
LIFT,LifeX 2028 Income Bucket ETF,Z,Y
LII,"Lennox International, Inc. Common Stock",N,N
LILA,Liberty Latin America Ltd. - Class A Common Stock,NASDAQ,N
LILAK,Liberty Latin America Ltd. - Class C Common Stock,NASDAQ,N
LIMI,Themes Lithium & Battery Metal Miners ETF,Z,Y
LIMN,"Liminatus Pharma, Inc. - Class A Common Stock",NASDAQ,N
LIMNW,"Liminatus Pharma, Inc. - Warrants",NASDAQ,N
LIN,Linde plc - Ordinary Shares,NASDAQ,N
LINC,Lincoln Educational Services Corporation - Common Stock,NASDAQ,N
LIND,Lindblad Expeditions Holdings Inc.  - Common Stock,NASDAQ,N
LINE,"Lineage, Inc. - Common Stock",NASDAQ,N
LINK,"Interlink Electronics, Inc. - Common Stock",NASDAQ,N
LINT,Direxion Daily INTC Bull 2X ETF,NASDAQ,Y
LION,Lionsgate Studios Corp Common Shares,N,N
LIQT,"LiqTech International, Inc. - Common Stock",NASDAQ,N
LIT,Global X Lithium & Battery Tech ETF,P,Y
LITB,"LightInTheBox Holding Co., Ltd. American Depositary Shares, each representing twelve ordinary shares",N,N
LITE,Lumentum Holdings Inc. - Common Stock,NASDAQ,N
LITL,Simplify Piper Sandler US Small-Cap PLUS Income ETF,P,Y
LITM,Snow Lake Resources Ltd. - Common Shares,NASDAQ,N
LITP,Sprott Lithium Miners ETF,NASDAQ,Y
LITS,"Lite Strategy, Inc. - Common Stock",NASDAQ,N
LIVE,Live Ventures Incorporated - Common Stock,NASDAQ,N
LIVN,LivaNova PLC - Ordinary Shares,NASDAQ,N
LIXT,"Lixte Biotechnology Holdings, Inc. - Common Stock",NASDAQ,N
LJAN,Innovator Premium Income 15 Buffer ETF - January,Z,Y
LJUL,Innovator Premium Income 15 Buffer ETF - July,Z,Y
LKFN,Lakeland Financial Corporation - Common Stock,NASDAQ,N
LKOR,FlexShares Credit-Scored US Long Corporate Bond Index Fund,Z,Y
LKQ,LKQ Corporation - Common Stock,NASDAQ,N
LKSP,Lake Superior Acquisition Corp. - Class A Ordinary Shares,NASDAQ,N
LKSPR,Lake Superior Acquisition Corp. - Rights,NASDAQ,N
LKSPU,Lake Superior Acquisition Corp. - Units,NASDAQ,N
LLDR,Global X Long-Term Treasury Ladder ETF,P,Y
LLII,REX LLY Growth & Income ETF,Z,Y
LLY,Eli Lilly and Company Common Stock,N,N
LLYVA,"Liberty Live Holdings, Inc. - Series A Liberty Live Group Common Stock",NASDAQ,N
LLYVK,"Liberty Live Holdings, Inc. - Series C Liberty Live Group Common Stock",NASDAQ,N
LLYX,Defiance Daily Target 2X Long LLY ETF,P,Y
LLYZ,Defiance Daily Target 2X Short LLY ETF,NASDAQ,Y
LMAT,"LeMaitre Vascular, Inc. - Common Stock",NASDAQ,N
LMB,"Limbach Holdings, Inc. - Common Stock",NASDAQ,N
LMBO,Direxion Daily Crypto Industry Bull 2X Shares,P,Y
LMBS,First Trust Low Duration Opportunities ETF,NASDAQ,Y
LMFA,"LM Funding America, Inc. - Common Stock",NASDAQ,N
LMND,"Lemonade, Inc. Common Stock",N,N
LMND.W,"Lemonade, Inc. Warrants",A,N
LMNR,Limoneira Co - Common Stock,NASDAQ,N
LMNX,Defiance Daily Target 2x Long LMND ETF,NASDAQ,Y
LMRI,"Lumexa Imaging Holdings, Inc. - Common Stock",NASDAQ,N
LMT,Lockheed Martin Corporation Common Stock,N,N
LMTL,Direxion Daily LMT Bull 2X ETF,NASDAQ,Y
LMTS,Direxion Daily LMT Bear 1X ETF,NASDAQ,Y
LMUB,iShares Long-Term National Muni Bond ETF,P,Y
LNAI,Lunai Bioworks Inc. - Common Stock,NASDAQ,N
LNC,Lincoln National Corporation Common Stock,N,N
LNC$D,"Lincoln National Corporation Depositary Shares Each Representing a 1/1,000th Interest in a Share of 9.000% Non-Cumulative Preferred Stock, Series D",N,N
LND,Brasilagro Brazilian Agric Real Estate Co Sponsored ADR (Brazil),N,N
LNG,"Cheniere Energy, Inc. Common Stock",N,N
LNGX,Global X U.S. Natural Gas ETF,P,Y
LNKB,"LINKBANCORP, Inc. - Common Stock",NASDAQ,N
LNKS,Linkers Industries Limited - Class A Ordinary Shares,NASDAQ,N
LNN,Lindsay Corporation Common Stock,N,N
LNSR,"LENSAR, Inc. - Common Stock",NASDAQ,N
LNT,Alliant Energy Corporation - Common Stock,NASDAQ,N
LNTH,"Lantheus Holdings, Inc. - Common Stock",NASDAQ,N
LNZA,"LanzaTech Global, Inc. - Common Stock",NASDAQ,N
LNZAW,"LanzaTech Global, Inc. - Warrant",NASDAQ,N
LOAN,"Manhattan Bridge Capital, Inc - Common Stock",NASDAQ,N
LOAR,Loar Holdings Inc. Common Stock,N,N
LOB,"Live Oak Bancshares, Inc. Common Stock",N,N
LOB$A,"Live Oak Bancshares, Inc. Depositary Shares, Each Representing a 1/40th Interest in a Share of 8.375% Fixed Rate Series A Non-Cumulative Perpetual Preferred Stock",N,N
LOBO,LOBO TECHNOLOGIES LTD. - Class A Ordinary Shares,NASDAQ,N
LOCL,Local Bounti Corporation Common Stock,N,N
LOCO,"El Pollo Loco Holdings, Inc. - Common Stock",NASDAQ,N
LOCT,Innovator Premium Income 15 Buffer ETF - October,Z,Y
LODE,Comstock Inc. Common Stock,A,N
LODI,AAM SLC Low Duration Income ETF,P,Y
LOGI,Logitech International S.A. - Registered Shares,NASDAQ,N
LOGO,Alpha Brands Consumption Leaders ETF,NASDAQ,Y
LOKV,Live Oak Acquisition Corp. V - Class A Ordinary Shares,NASDAQ,N
LOKVU,Live Oak Acquisition Corp. V - Units,NASDAQ,N
LOKVW,Live Oak Acquisition Corp. V - Warrants,NASDAQ,N
LOMA,Loma Negra Compania Industrial Argentina Sociedad Anonima ADS,N,N
LONZ,PIMCO Senior Loan Active Exchange-Traded Fund,P,Y
LOOP,"Loop Industries, Inc. - Common Stock",NASDAQ,N
LOPE,"Grand Canyon Education, Inc. - Common Stock",NASDAQ,N
LOPP,Gabelli Love Our Planet & People ETF Gabelli Love Our Planet & People ETF,P,Y
LOT,Lotus Technology Inc. - American Depositary Shares,NASDAQ,N
LOTI,Liberty One Tactical Income ETF,NASDAQ,Y
LOTWW,Lotus Technology Inc. - Warrants,NASDAQ,N
LOUP,Innovator Deepwater Frontier Tech ETF,P,Y
LOVE,The Lovesac Company - Common Stock,NASDAQ,N
LOW,"Lowe's Companies, Inc. Common Stock",N,N
LOWV,AB US Low Volatility Equity ETF,P,Y
LPA,Logistic Properties of the Americas Ordinary Shares,A,N
LPAA,Launch One Acquisition Corp. - Class A Ordinary Shares,NASDAQ,N
LPAAU,Launch One Acquisition Corp. - Unit,NASDAQ,N
LPAAW,Launch One Acquisition Corp. - Warrant,NASDAQ,N
LPBB,Launch Two Acquisition Corp. - Class A Ordinary Shares,NASDAQ,N
LPBBU,Launch Two Acquisition Corp. - Unit,NASDAQ,N
LPBBW,Launch Two Acquisition Corp. - Warrant,NASDAQ,N
LPCN,Lipocine Inc. - Common Stock,NASDAQ,N
LPCVU,Launchpad Cadenza Acquisition Corp I - Unit,NASDAQ,N
LPG,Dorian LPG Ltd. Common Stock,N,N
LPL,"LG Display Co, Ltd AMERICAN DEPOSITORY SHARES",N,N
LPLA,LPL Financial Holdings Inc. - Common Stock,NASDAQ,N
LPRE,Long Pond Real Estate Select ETF,P,Y
LPRO,Open Lending Corporation - Common Stock,NASDAQ,N
LPSN,"LivePerson, Inc. - Common Stock",NASDAQ,N
LPTH,"LightPath Technologies, Inc. - Class A Common Stock",NASDAQ,N
LPX,Louisiana-Pacific Corporation Common Stock,N,N
LQAI,LG QRAFT AI-Powered U.S. Large Cap Core ETF,P,Y
LQD,iShares iBoxx $ Investment Grade Corporate Bond ETF,P,Y
LQDA,Liquidia Corporation - Common Stock,NASDAQ,N
LQDB,iShares BBB Rated Corporate Bond ETF,P,Y
LQDH,iShares Interest Rate Hedged Corporate Bond ETF,P,Y
LQDI,iShares Inflation Hedged Corporate Bond ETF,Z,Y
LQDT,"Liquidity Services, Inc. - Common Stock",NASDAQ,N
LQDW,iShares Investment Grade Corporate Bond BuyWrite Strategy ETF,Z,Y
LQIG,State Street SPDR MarketAxess Investment Grade 400 Corporate Bond ETF,P,Y
LQPE,PEO AlphaQuest Thematic PE ETF,P,Y
LQTI,FT Vest Investment Grade & Target Income ETF,P,Y
LRCU,Tradr 2X Long LRCX Daily ETF,Z,Y
LRCX,Lam Research Corporation - Common Stock,NASDAQ,N
LRE,"Lead Real Estate Co., Ltd - American Depositary Shares",NASDAQ,N
LRGC,AB US Large Cap Strategic Equities ETF,P,Y
LRGE,ClearBridge Large Cap Growth Select ETF,NASDAQ,Y
LRGF,iShares U.S. Equity Factor ETF,P,Y
LRGG,Nomura Focused Large Growth ETF,P,Y
LRHC,La Rosa Holdings Corp. - Common Stock,NASDAQ,N
LRMR,"Larimar Therapeutics, Inc. - Common Stock",NASDAQ,N
LRN,"Stride, Inc. Common Stock",N,N
LRND,NYLI U.S. Large Cap R&D Leaders ETF,NASDAQ,Y
LRNZ,"TrueShares Technology, AI & Deep Learning ETF",P,Y
LSAF,LeaderShares AlphaFactor US Core Equity ETF,P,Y
LSAK,"Lesaka Technologies, Inc. - Common Stock",NASDAQ,N
LSAT,LeaderShares AlphaFactor Tactical Focused ETF,P,Y
LSBK,"Lake Shore Bancorp, Inc. - Common Stock",NASDAQ,N
LSCC,Lattice Semiconductor Corporation - Common Stock,NASDAQ,N
LSE,"Leishen Energy Holding Co., Ltd. - Ordinary Shares",NASDAQ,N
LSEQ,Harbor Long-Short Equity ETF,P,Y
LSF,"Laird Superfood, Inc. Common Stock",A,N
LSGR,Natixis Loomis Sayles Focused Growth ETF,P,Y
LSH,Lakeside Holding Limited - Common Stock,NASDAQ,N
LSPD,Lightspeed Commerce Inc. Subordinate Voting Shares,N,N
LST,Leuthold Select Industries ETF,P,Y
LSTA,"Lisata Therapeutics, Inc. - Common Stock",NASDAQ,N
LSTR,"Landstar System, Inc. - Common Stock",NASDAQ,N
LSVD,LSV Disciplined Value ETF,P,Y
LTBR,Lightbridge Corporation - Common Stock,NASDAQ,N
LTC,"LTC Properties, Inc. Common Stock",N,N
LTCC,Canary Litecoin ETF,NASDAQ,Y
LTH,"Life Time Group Holdings, Inc. Common Stock",N,N
LTL,ProShares Ultra Communication Services,P,Y
LTM,"LATAM Airlines Group S.A. American Depositary Shares (each representing two thousand (2,000) shares of Common Stock)",N,N
LTPZ,Pimco 15  Year U.S. TIPS Index Exchange-Traded Fund,P,Y
LTRN,Lantern Pharma Inc. - Common Stock,NASDAQ,N
LTRX,"Lantronix, Inc. - Common Stock",NASDAQ,N
LTRYW,"Lottery.com, Inc. - Warrant",NASDAQ,N
LTTI,FT Vest 20+ Year Treasury & Target Income ETF,P,Y
LU,"Lufax Holding Ltd American Depositary Shares, each representing two (2) Ordinary Shares",N,N
LUCD,Lucid Diagnostics Inc. - Common Stock,NASDAQ,N
LUCK,Lucky Strike Entertainment Corporation Class A Common Stock,N,N
LUCY,"Innovative Eyewear, Inc. - Common Stock",NASDAQ,N
LUCYW,"Innovative Eyewear, Inc. - Warrants",NASDAQ,N
LUD,Luda Technology Group Limited Ordinary Shares,A,N
LULG,Leverage Shares 2X Long LULU Daily ETF,NASDAQ,Y
LULU,lululemon athletica inc. - Common Stock,NASDAQ,N
LUMN,"Lumen Technologies, Inc. Common Stock",N,N
LUNG,Pulmonx Corporation - Common Stock,NASDAQ,N
LUNR,"Intuitive Machines, Inc. - Class A Common Stock",NASDAQ,N
LUV,Southwest Airlines Company Common Stock,N,N
LUXE,"LuxExperience B.V. American Depositary Shares, each representing one Ordinary Share",N,N
LVDS,JPMorgan Fundamental Data Science Large Value ETF,Z,Y
LVHD,Franklin U.S. Low Volatility High Dividend Index ETF,NASDAQ,Y
LVHI,Franklin International Low Volatility High Dividend Index ETF,Z,Y
LVLN,State Street SPDR S&P Leveraged Loan ETF,P,Y
LVLU,"Lulu's Fashion Lounge Holdings, Inc. - Common Stock",NASDAQ,N
LVO,"LiveOne, Inc. - Common Stock",NASDAQ,N
LVRO,Lavoro Limited - Class A Ordinary Shares,NASDAQ,N
LVROW,Lavoro Limited - Warrant,NASDAQ,N
LVS,Las Vegas Sands Corp. Common Stock,N,N
LVWR,"LiveWire Group, Inc. Common Stock",N,N
LVWR.W,"LiveWire Group, Inc. Warrants, each exercisable for one share of Common Stock at an exercise price of $11.50 per share",N,N
LW,"Lamb Weston Holdings, Inc. Common Stock",N,N
LWAC,LightWave Acquisition Corp. - Class A Ordinary Shares,NASDAQ,N
LWACU,LightWave Acquisition Corp. - Units,NASDAQ,N
LWACW,LightWave Acquisition Corp. - Warrants,NASDAQ,N
LWAY,"Lifeway Foods, Inc. - Common Stock",NASDAQ,N
LWLG,"Lightwave Logic, Inc. - Common Stock",NASDAQ,N
LX,LexinFintech Holdings Ltd. - American Depositary Shares,NASDAQ,N
LXEH,"Lixiang Education Holding Co., Ltd. - American Depositary Shares",NASDAQ,N
LXEO,"Lexeo Therapeutics, Inc. - Common Stock",NASDAQ,N
LXFR,Luxfer Holdings PLC Ordinary Shares,N,N
LXP,LXP Industrial Trust Common Stock (Maryland REIT),N,N
LXP$C,LXP Industrial Trust 6.5% Series C Cumulative Convertible Preferred Stock,N,N
LXRX,"Lexicon Pharmaceuticals, Inc. - Common Stock",NASDAQ,N
LXU,"LSB Industries, Inc. Common Stock",N,N
LYB,LyondellBasell Industries NV Ordinary Shares Class A (Netherlands),N,N
LYEL,"Lyell Immunopharma, Inc. - Common Stock",NASDAQ,N
LYFT,"Lyft, Inc. - Class A Common Stock",NASDAQ,N
LYFX,Tradr 2X Long LYFT Daily ETF,Z,Y
LYG,Lloyds Banking Group Plc American Depositary Shares,N,N
LYLD,Cambria Large Cap Shareholder Yield ETF,Z,Y
LYRA,"Lyra Therapeutics, Inc. - Common Stock",NASDAQ,N
LYTS,LSI Industries Inc. - Common Stock,NASDAQ,N
LYV,"Live Nation Entertainment, Inc. Common Stock",N,N
LZ,"LegalZoom.com, Inc. - Common Stock",NASDAQ,N
LZB,La-Z-Boy Incorporated Common Stock,N,N
LZM,Lifezone Metals Limited Ordinary Shares,N,N
LZM.W,Lifezone Metals Limited Warrants,N,N
LZMH,LZ Technology Holdings Limited - Class B Ordinary Shares,NASDAQ,N
M,Macy's Inc Common Stock,N,N
MA,Mastercard Incorporated Common Stock,N,N
MAA,"Mid-America Apartment Communities, Inc. Common Stock",N,N
MAA$I,"Mid-America Apartment Communities, Inc. 8.50% Series I Cumulative Redeemable Preferred Stock",N,N
MAAS,Maase Inc. - Class A Ordinary Shares,NASDAQ,N
MAAY,GraniteShares YieldBOOST MARA ETF,NASDAQ,Y
MAC,Macerich Company (The) Common Stock,N,N
MACI,Melar Acquisition Corp. I - Class A Ordinary Shares,NASDAQ,N
MACIU,Melar Acquisition Corp. I - Unit,NASDAQ,N
MACIW,Melar Acquisition Corp. I - Warrant,NASDAQ,N
MADE,iShares U.S. Manufacturing ETF,P,Y
MAGA,Point Bridge America First ETF,Z,Y
MAGC,Roundhill China Magnificent Seven ETF,Z,Y
MAGG,Madison Aggregate Bond ETF,P,Y
MAGH,Magnitude International Ltd - Ordinary Shares,NASDAQ,N
MAGN,Magnera Corporation Common Stock,N,N
MAGO,Tuttle Capital Magnificent 7 Income Blast ETF,Z,Y
MAGS,Roundhill Magnificent Seven ETF,Z,Y
MAGX,Roundhill Daily 2X Long Magnificent Seven ETF,Z,Y
MAGY,Roundhill Magnificent Seven Covered Call ETF,Z,Y
MAIA,"MAIA Biotechnology, Inc. Common Stock",A,N
MAIN,Main Street Capital Corporation Common Stock,N,N
MAKX,ProShares S&P Kensho Smart Factories ETF,P,Y
MAMA,"Mama's Creations, Inc. - Common Stock",NASDAQ,N
MAMB,Monarch Ambassador Income Index ETF,Z,Y
MAMK,MaxsMaking Inc. - Class A Ordinary Shares,NASDAQ,N
MAMO,Massimo Group - Common Stock,NASDAQ,N
MAN,ManpowerGroup Common Stock,N,N
MANH,"Manhattan Associates, Inc. - Common Stock",NASDAQ,N
MANI,Man Active Income ETF,P,Y
MANU,Manchester United Ltd. Class A Ordinary Shares,N,N
MAPP,Harbor Multi-Asset Explorer ETF,P,Y
MAPS,"WM Technology, Inc. - Class A Common Stock",NASDAQ,N
MAPSW,"WM Technology, Inc. - Warrants",NASDAQ,N
MAR,Marriott International - Class A Common Stock,NASDAQ,N
MARA,"MARA Holdings, Inc. - Common Stock",NASDAQ,N
MARB,First Trust Merger Arbitrage ETF,P,Y
MARM,FT Vest U.S. Equity Max Buffer ETF - March,Z,Y
MARO,YieldMax MARA Option Income Strategy ETF,P,Y
MARPS,Marine Petroleum Trust - Units of Beneficial Interest,NASDAQ,N
MART,AllianzIM U.S. Large Cap Buffer10 Mar ETF,Z,Y
MARU,AllianzIM U.S. Equity Buffer15 Uncapped Mar ETF,Z,Y
MARW,AllianzIM U.S. Large Cap Buffer20 Mar ETF,Z,Y
MARZ,TrueShares Structured Outcome (March) ETF,Z,Y
MAS,Masco Corporation Common Stock,N,N
MASI,Masimo Corporation - Common Stock,NASDAQ,N
MASK,3 E Network Technology Group Ltd - Class A Ordinary Shares,NASDAQ,N
MASS,908 Devices Inc. - Common Stock,NASDAQ,N
MAT,"Mattel, Inc. - Common Stock",NASDAQ,N
MATE,Man Active Trend Enhanced ETF,NASDAQ,Y
MATH,Metalpha Technology Holding Limited - Ordinary Shares,NASDAQ,N
MATV,"Mativ Holdings, Inc. Common Stock",N,N
MATW,Matthews International Corporation - Class A Common Stock,NASDAQ,N
MATX,"Matson, Inc. Common Stock",N,N
MAVF,Matrix Advisors Value ETF,P,Y
MAX,"MediaAlpha, Inc. Class A Common Stock",N,N
MAXI,Simplify Bitcoin Strategy PLUS Income ETF,NASDAQ,Y
MAXJ,iShares Large Cap Max Buffer Jun ETF,Z,Y
MAXN,"Maxeon Solar Technologies, Ltd. - Ordinary Shares",NASDAQ,N
MAYM,FT Vest U.S. Equity Max Buffer ETF - May,Z,Y
MAYP,PGIM S&P 500 Buffer 12 ETF - May,Z,Y
MAYS,"J. W. Mays, Inc. - Common Stock",NASDAQ,N
MAYT,AllianzIM U.S. Large Cap Buffer10 May ETF,Z,Y
MAYU,AllianzIM U.S. Equity Buffer15 Uncapped May ETF,Z,Y
MAYW,AllianzIM U.S. Large Cap Buffer20 May ETF,Z,Y
MAYZ,TrueShares Structured Outcome (May) ETF,Z,Y
MAZE,"Maze Therapeutics, Inc. - Common Stock",NASDAQ,N
MB,MasterBeef Group - Ordinary Shares,NASDAQ,N
MBAI,Check-Cap Ltd. - Ordinary Share,NASDAQ,N
MBAV,M3-Brigade Acquisition V Corp. - Class A Ordinary shares,NASDAQ,N
MBAVU,M3-Brigade Acquisition V Corp. - Units,NASDAQ,N
MBAVW,M3-Brigade Acquisition V Corp. - Warrant,NASDAQ,N
MBB,iShares MBS ETF,NASDAQ,Y
MBBB,VanEck Moody's Analytics BBB Corporate Bond ETF,Z,Y
MBBC,"Marathon Bancorp, Inc. - Common Stock",NASDAQ,N
MBC,"MasterBrand, Inc. Common Stock",N,N
MBCC,Monarch Blue Chips Core Index ETF,Z,Y
MBCN,Middlefield Banc Corp. - Common Stock,NASDAQ,N
MBI,MBIA Inc. Common Stock,N,N
MBIN,Merchants Bancorp - Common Stock,NASDAQ,N
MBINL,"Merchants Bancorp - Depositary Shares, Each Representing a 1/40th Interest in a Share of 7.625% Fixed Rate Series E Non-Cumulative Perpetual Preferred Stock, without par value",NASDAQ,N
MBINM,"Merchants Bancorp - Depositary Shares, Each Representing a 1/40th Interest in a Share of 8.25% Fixed-Rate Reset Series D Non-Cumulative Perpetual Preferred Stock",NASDAQ,N
MBINN,Merchants Bancorp - Depositary Shares 6.00% Fixed Rate Series C Non-Cumulative Perpetual Preferred Stock,NASDAQ,N
MBIO,"Mustang Bio, Inc. - Common Stock",NASDAQ,N
MBLY,Mobileye Global Inc. - Class A Common Stock,NASDAQ,N
MBND,State Street Nuveen Municipal Bond ETF,Z,Y
MBNE,State Street Nuveen Municipal Bond ESG ETF,Z,Y
MBNKO,"Medallion Bank - Fixed-Rate Reset Non-Cumulative Perpetual Preferred Stock, Series G, par value $1.00 per share",NASDAQ,N
MBOT,Microbot Medical Inc.  - Common Stock,NASDAQ,N
MBOX,Freedom Day Dividend ETF,P,Y
MBRX,"Moleculin Biotech, Inc. - Common Stock",NASDAQ,N
MBS,Angel Oak Mortgage-Backed Securities ETF,NASDAQ,Y
MBSD,FlexShares Disciplined Duration MBS Index Fund,P,Y
MBSF,Regan Floating Rate MBS ETF,P,Y
MBSX,Regan Fixed Rate MBS ETF,P,Y
MBUU,"Malibu Boats, Inc. - Common Stock",NASDAQ,N
MBVI,M3-Brigade Acquisition VI Corp. - Class A Ordinary Shares,NASDAQ,N
MBVIU,M3-Brigade Acquisition VI Corp. - Units,NASDAQ,N
MBVIW,M3-Brigade Acquisition VI Corp. - Warrant,NASDAQ,N
MBWM,Mercantile Bank Corporation - Common Stock,NASDAQ,N
MBX,"MBX Biosciences, Inc. - Common Stock",NASDAQ,N
MC,Moelis & Company Class A Common Stock,N,N
MCB,Metropolitan Bank Holding Corp. Common Stock,N,N
MCBS,"MetroCity Bankshares, Inc. - Common Stock",NASDAQ,N
MCD,McDonald's Corporation Common Stock,N,N
MCDS,JPMorgan Fundamental Data Science Mid Core ETF,NASDAQ,Y
MCFT,"MasterCraft Boat Holdings, Inc. - Common Stock",NASDAQ,N
MCGA,Yorkville Acquisition Corp. - Class A Ordinary Share,NASDAQ,N
MCGAU,Yorkville Acquisition Corp. - Unit,NASDAQ,N
MCGAW,Yorkville Acquisition Corp. - Warrant,NASDAQ,N
MCH,Matthews China Active ETF,P,Y
MCHB,Mechanics Bancorp - Class A Common Stock,NASDAQ,N
MCHI,iShares MSCI China ETF,NASDAQ,Y
MCHP,Microchip Technology Incorporated - Common Stock,NASDAQ,N
MCHPP,Microchip Technology Incorporated - Depositary Shares Each Representing a 1/20th Interest in a Share of 7.50% Series A Mandatory Convertible Preferred Stock,NASDAQ,N
MCHS,Matthews China Discovery Active ETF,NASDAQ,Y
MCHX,"Marchex, Inc. - Class B Common Stock",NASDAQ,N
MCI,Barings Corporate Investors Common Stock,N,N
MCK,McKesson Corporation Common Stock,N,N
MCN,XAI Madison Equity Premium Income Fund Common Shares,N,N
MCO,Moody's Corporation Common Stock,N,N
MCOW,Pacer S&P MidCap 400 Quality FCF Aristocrats ETF,Z,Y
MCR,MFS Charter Income Trust Common Stock,N,N
MCRB,"Seres Therapeutics, Inc. - Common Stock",NASDAQ,N
MCRI,"Monarch Casino & Resort, Inc. - Common Stock",NASDAQ,N
MCRP,Micropolis AI Robotics Ordinary Shares,A,N
MCS,Marcus Corporation (The) Common Stock,N,N
MCTA,Charming Medical Limited - Class A Ordinary Shares,NASDAQ,N
MCW,"Mister Car Wash, Inc. - Common Stock",NASDAQ,N
MCY,Mercury General Corporation Common Stock,N,N
MD,"Pediatrix Medical Group, Inc. Common Stock",N,N
MDAA,Myriad Dynamic Asset Allocation ETF,P,Y
MDAI,"Spectral AI, Inc. - Class A Common Stock",NASDAQ,N
MDAIW,"Spectral AI, Inc. - Warrants",NASDAQ,N
MDB,"MongoDB, Inc. - Class A Common Stock",NASDAQ,N
MDBH,"MDB Capital Holdings, LLC - Class A common",NASDAQ,N
MDBX,Tradr 2X Long MDB Daily ETF,Z,Y
MDCX,Medicus Pharma Ltd. - Common Stock,NASDAQ,N
MDCXW,Medicus Pharma Ltd. - Warrant,NASDAQ,N
MDEV,First Trust Indxx Medical Devices ETF,Z,Y
MDGL,"Madrigal Pharmaceuticals, Inc. - Common Stock",NASDAQ,N
MDIA,Mediaco Holding Inc. - Class A Common Stock,NASDAQ,N
MDIV,Multi-Asset Diversified Income Index Fund,NASDAQ,Y
MDLN,Medline Inc. - Class A common stock,NASDAQ,N
MDLV,Morgan Dempsey Large Cap Value ETF,Z,Y
MDLZ,"Mondelez International, Inc. - Class A Common Stock",NASDAQ,N
MDPL,Monarch Dividend Plus Index ETF,Z,Y
MDRR,"Medalist Diversified REIT, Inc. - Common Stock",NASDAQ,N
MDST,Westwood Salient Enhanced Midstream Income ETF,N,Y
MDT,Medtronic plc. Ordinary Shares,N,N
MDU,"MDU Resources Group, Inc. Common Stock (Holding Company)",N,N
MDV,"Modiv Industrial, Inc. Class C Common Stock",N,N
MDV$A,"Modiv Industrial, Inc. 7.375% Series A Cumulative Redeemable Perpetual Preferred Stock",N,N
MDWD,MediWound Ltd. - Ordinary Shares,NASDAQ,N
MDXG,"MiMedx Group, Inc - Common Stock",NASDAQ,N
MDXH,MDxHealth SA - Ordinary Shares,NASDAQ,N
MDY,SPDR S&P MidCap 400 ETF Trust,P,Y
MDYG,State Street SPDR S&P 400 Mid Cap Growth ETF,P,Y
MDYV,State Street SPDR S&P 400 Mid Cap Value ETF,P,Y
MEAR,iShares Short Maturity Municipal Bond Active ETF,Z,Y
MEC,"Mayville Engineering Company, Inc. Common Stock",N,N
MED,MEDIFAST INC Common Stock,N,N
MEDI,Harbor Health Care ETF,P,Y
MEDP,"Medpace Holdings, Inc. - Common Stock",NASDAQ,N
MEDX,Horizon Kinetics Medical ETF,NASDAQ,Y
MEG,"Montrose Environmental Group, Inc. Common Stock",N,N
MEGI,NYLI CBRE Global Infrastructure Megatrends Term Fund Common Shares,N,N
MEGL,Magic Empire Global Limited - Class A Ordinary Shares,NASDAQ,N
MEHA,"Functional Brands, Inc. - Common Stock",NASDAQ,N
MEI,"Methode Electronics, Inc. Common Stock",N,N
MELI,"MercadoLibre, Inc. - Common Stock",NASDAQ,N
MEM,Matthews Emerging Markets Equity Active ETF,P,Y
MEMA,Man Active Emerging Markets Alternative ETF,NASDAQ,Y
MEME,Roundhill Meme Stock ETF,P,Y
MEMS,Matthews Emerging Markets Discovery Active ETF,NASDAQ,Y
MEMX,Matthews Emerging Markets ex China Active ETF,P,Y
MENS,Jyong Biotech Ltd. - Ordinary shares,NASDAQ,N
MEOH,Methanex Corporation - Common Stock,NASDAQ,N
MER$K,"Bank of America Corporation Income Capital Obligation Notes initially due December 15, 2066",N,N
MERC,Mercer International Inc. - Common Stock,NASDAQ,N
MESHU,Meshflow Acquisition Corp. - Units,NASDAQ,N
MESO,Mesoblast Limited - American Depositary Shares,NASDAQ,N
MET,"MetLife, Inc. Common Stock",N,N
MET$A,"MetLife, Inc. Preferred Series A Floating Rate",N,N
MET$E,"MetLife, Inc. Depositary Shares",N,N
MET$F,"MetLife, Inc. Depositary Shares, each representing a 1/1,000th interest in a share of 4.75% Non-Cumulative Preferred Stock, Series F",N,N
META,"Meta Platforms, Inc. - Class A Common Stock",NASDAQ,N
METC,"Ramaco Resources, Inc. - Class A Common Stock",NASDAQ,N
METCB,"Ramaco Resources, Inc. - Class B Common Stock",NASDAQ,N
METCI,"Ramaco Resources, Inc. - 8.250% Senior Notes due 2030",NASDAQ,N
METCZ,"Ramaco Resources, Inc. - 8.375% Senior Notes due 2029",NASDAQ,N
METD,Direxion Daily META Bear 1X Shares,NASDAQ,Y
METL,Sprott Active Metals & Miners ETF,NASDAQ,Y
METU,Direxion Daily META Bull 2X Shares,NASDAQ,Y
METV,Roundhill Ball Metaverse ETF,P,Y
METW,Roundhill META WeeklyPay ETF,Z,Y
MEXX,Direxion Daily MSCI Mexico Bull 3X Shares,P,Y
MFA,"MFA Financial, Inc.",N,N
MFA$B,"MFA Financial, Inc. Preferred Series B",N,N
MFA$C,"MFA Financial, Inc. 6.50% Series C Fixed-to-Floating Rate Cumulative Redeemable Preferred Stock",N,N
MFAN,"MFA Financial, Inc. 8.875% Senior Notes due 2029",N,N
MFAO,"MFA Financial, Inc. 9.000% Senior Notes due 2029",N,N
MFC,Manulife Financial Corporation Common Stock,N,N
MFDX,PIMCO RAFI Dynamic Multi-Factor International Equity ETF,P,Y
MFEM,PIMCO RAFI Dynamic Multi-Factor Emerging Markets Equity ETF,P,Y
MFG,"Mizuho Financial Group, Inc. Sponosred ADR (Japan)",N,N
MFI,mF International Limited - Class A Ordinary Shares,NASDAQ,N
MFIC,MidCap Financial Investment Corporation - Closed End Fund,NASDAQ,N
MFICL,MidCap Financial Investment Corporation - 8.00% Notes due 2028,NASDAQ,N
MFIG,Motley Fool Innovative Growth ETF,NASDAQ,Y
MFIN,Medallion Financial Corp. - Common Stock,NASDAQ,N
MFLX,First Trust Flexible Municipal High Income ETF,NASDAQ,Y
MFM,MFS Municipal Income Trust Common Stock,N,N
MFMO,Motley Fool Momentum Factor ETF,NASDAQ,Y
MFSB,MFS Active Core Plus Bond ETF,N,Y
MFSG,MFS Active Growth ETF,N,Y
MFSI,MFS Active International ETF,N,Y
MFSM,MFS Active Intermediate Muni Bond ETF,N,Y
MFSV,MFS Active Value ETF,N,Y
MFUL,Mindful Conservative ETF,Z,Y
MFUS,PIMCO RAFI Dynamic Multi-Factor U.S. Equity ETF,P,Y
MFUT,Cambria Chesapeake Pure Trend ETF,Z,Y
MFVL,Motley Fool Value Factor ETF,NASDAQ,Y
MG,Mistras Group Inc Common Stock,N,N
MGA,"Magna International, Inc. Common Stock",N,N
MGC,Vanguard Mega Cap ETF,P,Y
MGEE,MGE Energy Inc. - Common Stock,NASDAQ,N
MGF,MFS Government Markets Income Trust Common Stock,N,N
MGIC,Magic Software Enterprises Ltd. - Ordinary Shares,NASDAQ,N
MGIH,Millennium Group International Holdings Limited - Ordinary Shares,NASDAQ,N
MGK,Vanguard Mega Cap Growth ETF,P,Y
MGLD,"The Marygold Companies, Inc. Common Stock",A,N
MGM,MGM Resorts International Common Stock,N,N
MGMT,Ballast Small/Mid Cap ETF,P,Y
MGN,Megan Holdings Limited - Ordinary shares.,NASDAQ,N
MGNI,"Magnite, Inc. - Common Stock",NASDAQ,N
MGNR,American Beacon Select Funds American Beacon GLG Natural Resources ETF,P,Y
MGNX,"MacroGenics, Inc. - Common Stock",NASDAQ,N
MGOV,First Trust Intermediate Government Opportunities ETF,P,Y
MGPI,"MGP Ingredients, Inc. - Common Stock",NASDAQ,N
MGR,"Affiliated Managers Group, Inc. 5.875% Junior Subordinated Notes due 2059",N,N
MGRB,"Affiliated Managers Group, Inc. 4.750% Junior Subordinated Notes due 2060",N,N
MGRC,McGrath RentCorp - Common Stock,NASDAQ,N
MGRD,"Affiliated Managers Group, Inc. 4.200% Junior Subordinated Notes due 2061",N,N
MGRE,"Affiliated Managers Group, Inc. 6.750% Junior Subordinated Notes due 2064",N,N
MGRT,Mega Fortune Company Limited - Ordinary Shares,NASDAQ,N
MGRX,"Mangoceuticals, Inc. - Common Stock",NASDAQ,N
MGTX,MeiraGTx Holdings plc - Ordinary Shares,NASDAQ,N
MGV,Vanguard Mega Cap Value ETF,P,Y
MGX,"Metagenomi, Inc. - Common Stock",NASDAQ,N
MGY,Magnolia Oil & Gas Corporation Class A Common Stock,N,N
MGYR,"Magyar Bancorp, Inc. - Common Stock",NASDAQ,N
MH,"McGraw Hill, Inc. Common Stock",N,N
MHD,"Blackrock MuniHoldings Fund, Inc. Common Stock",N,N
MHF,"Western Asset Municipal High Income Fund, Inc. Common Stock",N,N
MHH,"Mastech Digital, Inc Common Stock",A,N
MHK,"Mohawk Industries, Inc. Common Stock",N,N
MHLA,"Maiden Holdings, Ltd. 6.625% Notes due 2046",N,N
MHN,"Blackrock MuniHoldings New York Quality Fund, Inc. Common Stock",N,N
MHNC,"Maiden Holdings North America, Ltd. 7.75% Notes due 2043",N,N
MHO,"M/I Homes, Inc. Common Stock",N,N
MHY,Man Active High Yield ETF,P,Y
MI,NFT Limited Class A Ordinary Share,A,N
MIAX,"Miami International Holdings, Inc. Common Stock",N,N
MICC,The Magnum Ice Cream Company N.V. Ordinary Shares,N,N
MID,American Century Mid Cap Growth Impact ETF,P,Y
MIDD,The Middleby Corporation - Common Stock,NASDAQ,N
MIDE,Xtrackers S&P MidCap 400 Scored & Screened ETF,P,Y
MIDU,Direxion Mid Cap Bull 3X Shares,P,Y
MIG,VanEck Moody's Analytics IG Corporate Bond ETF,Z,Y
MIGI,Mawson Infrastructure Group Inc. - Common Stock,NASDAQ,N
MILK,Pacer US Cash Cows Bond ETF,Z,Y
MILN,Global X Millennial Consumer ETF,NASDAQ,Y
MIMI,Mint Incorporation Limited - Class A Ordinary Shares,NASDAQ,N
MIN,MFS Intermediate Income Trust Common Stock,N,N
MIND,"MIND Technology, Inc. - Common Stock",NASDAQ,N
MINN,Mairs & Power Minnesota Municipal Bond ETF,Z,Y
MINO,PIMCO Municipal Income Opportunities Active Exchange-Traded Fund,P,Y
MINT,PIMCO Enhanced Short Maturity Active Exchange-Traded Fund,P,Y
MINV,Matthews Asia Innovators Active ETF,P,Y
MIR,"Mirion Technologies, Inc. Class A Common Stock",N,N
MIRA,"MIRA Pharmaceuticals, Inc. - Common Stock",NASDAQ,N
MIRM,"Mirum Pharmaceuticals, Inc. - common stock",NASDAQ,N
MISL,First Trust Indxx Aerospace & Defense ETF,P,Y
MIST,Milestone Pharmaceuticals Inc. - Common Shares,NASDAQ,N
MITK,"Mitek Systems, Inc. - Common Stock",NASDAQ,N
MITN,"TPG Mortgage Investment Trust, Inc. 9.500% Senior Notes due 2029",N,N
MITP,"TPG Mortgage Investment Trust, Inc. 9.500% Senior Notes due 2029",N,N
MITQ,"Moving iMage Technologies, Inc. Common Stock",A,N
MITT,"TPG Mortgage Investment Trust, Inc. Common Stock",N,N
MITT$A,"TPG Mortgage Investment Trust, Inc. 8.25% Series A Cumulative Redeemable Preferred Stock",N,N
MITT$B,"TPG Mortgage Investment Trust, Inc. 8.00% Series B Cumulative Redeemable Preferred Stock",N,N
MITT$C,"TPG Mortgage Investment Trust, Inc. 8.00% Series C Fixed-to-Floating Rate Cumulative Redeemable Preferred Stock, $0.01 par value per share",N,N
MIY,"Blackrock MuniYield Michigan Quality Fund, Inc. Common Stock",N,N
MJ,Amplify Alternative Harvest ETF,P,Y
MJSC,MUFG Japan Small Cap Active ETF,P,Y
MKAM,MKAM ETF,NASDAQ,Y
MKC,"McCormick & Company, Incorporated Common Stock",N,N
MKC.V,"McCormick & Company, Incorporated Common Stock",N,N
MKDW,MKDWELL Tech Inc. - Ordinary Shares,NASDAQ,N
MKDWW,MKDWELL Tech Inc. - Warrants,NASDAQ,N
MKL,Markel Group Inc. Common Stock,N,N
MKLY,McKinley Acquisition Corporation - Class A Ordinary Shares,NASDAQ,N
MKLYR,McKinley Acquisition Corporation - Rights,NASDAQ,N
MKLYU,McKinley Acquisition Corporation - Units,NASDAQ,N
MKOR,Matthews Korea Active ETF,P,Y
MKSI,MKS Inc. - Common Stock,NASDAQ,N
MKTN,Federated Hermes MDT Market Neutral ETF,P,Y
MKTW,"MarketWise, Inc. - Class A Common Stock",NASDAQ,N
MKTX,"MarketAxess Holdings, Inc. - Common Stock",NASDAQ,N
MKZR,"MacKenzie Realty Capital, Inc. - Common Stock",NASDAQ,N
MLAB,"Mesa Laboratories, Inc. - Common Stock",NASDAQ,N
MLAC,Mountain Lake Acquisition Corp. - Class A Ordinary Shares,NASDAQ,N
MLACR,Mountain Lake Acquisition Corp. - Right,NASDAQ,N
MLACU,Mountain Lake Acquisition Corp. - Units,NASDAQ,N
MLCI,Mount Logan Capital Inc. - Common Stock,NASDAQ,N
MLCO,Melco Resorts & Entertainment Limited - American Depositary Shares,NASDAQ,N
MLDR,Global X Intermediate-Term Treasury Ladder ETF,P,Y
MLEC,Moolec Science SA - Ordinary Shares,NASDAQ,N
MLECW,Moolec Science SA - Warrant,NASDAQ,N
MLGO,"MicroAlgo, Inc. - Ordinary Shares",NASDAQ,N
MLI,"Mueller Industries, Inc. Common Stock",N,N
MLKN,"MillerKnoll, Inc. - Common Stock",NASDAQ,N
MLM,"Martin Marietta Materials, Inc. Common Stock",N,N
MLN,VanEck Long Muni ETF,Z,Y
MLP,"Maui Land & Pineapple Company, Inc. Common Stock",N,N
MLPA,Global X MLP ETF,P,Y
MLPB,"ETRACS Alerian MLP Infrastructure Index ETN Series B due April 2, 2040",P,N
MLPD,Global X MLP & Energy Infrastructure Covered Call ETF,P,Y
MLPI,NEOS MLP & Energy Infrastructure High Income ETF,Z,Y
MLPR,ETRACS Quarterly Pay 1.5X Leveraged Alerian MLP Index ETN,P,Y
MLPX,Global X MLP & Energy Infrastructure ETF,P,Y
MLR,"Miller Industries, Inc. Common Stock",N,N
MLSS,"Milestone Scientific, Inc. Common Stock",A,N
MLTX,MoonLake Immunotherapeutics - Class A Ordinary Shares,NASDAQ,N
MLYS,"Mineralys Therapeutics, Inc. - Common Stock",NASDAQ,N
MMA,Mixed Martial Arts Group Limited Ordinary Shares,A,N
MMAX,iShares Large Cap Max Buffer Mar ETF,Z,Y
MMC,"Marsh & McLennan Companies, Inc. Common Stock",N,N
MMCA,NYLI MacKay California Muni Intermediate ETF,P,Y
MMD,NYLI MacKay DefinedTerm Muni Opportunities Fund Common Shares,N,N
MMI,"Marcus & Millichap, Inc. Common Stock",N,N
MMID,MFS Active Mid Cap ETF,N,Y
MMIN,NYLI MacKay Muni Insured ETF,P,Y
MMIT,NYLI MacKay Muni Intermediate ETF,P,Y
MMKT,Texas Capital Government Money Market ETF,N,Y
MMLG,First Trust Multi-Manager Large Growth ETF,P,Y
MMLP,Martin Midstream Partners L.P. - Common Units Representing Limited Partnership Interests,NASDAQ,N
MMM,3M Company Common Stock,N,N
MMMA,NYLI MacKay Muni Allocation ETF,P,Y
MMS,"Maximus, Inc. Common Stock",N,N
MMSC,First Trust Multi-Manager Small Cap Opportunities ETF,P,Y
MMSD,NYLI MacKay Muni Short Duration ETF,P,Y
MMSI,"Merit Medical Systems, Inc. - Common Stock",NASDAQ,N
MMT,MFS Multimarket Income Trust Common Stock,N,N
MMTM,State Street SPDR S&P 1500 Momentum Tilt ETF,P,Y
MMTX,Miluna Acquisition Corp - Class A Ordinary Shares,NASDAQ,N
MMTXU,Miluna Acquisition Corp - Units,NASDAQ,N
MMTXW,Miluna Acquisition Corp - Warrant,NASDAQ,N
MMU,"Western Asset Managed Municipals Fund, Inc. Common Stock",N,N
MMYT,MakeMyTrip Limited - Ordinary Shares,NASDAQ,N
MNA,NYLI Merger Arbitrage ETF,P,Y
MNBD,ALPS Intermediate Municipal Bond ETF,P,Y
MNDO,MIND C.T.I. Ltd. - Ordinary Shares,NASDAQ,N
MNDR,Mobile-health Network Solutions - Class A Ordinary Shares,NASDAQ,N
MNDY,monday.com Ltd. - Ordinary Shares,NASDAQ,N
MNKD,MannKind Corporation - Common Stock,NASDAQ,N
MNMD,Mind Medicine (MindMed) Inc. - Common Shares,NASDAQ,N
MNOV,"MediciNova, Inc. - Common Stock",NASDAQ,N
MNPR,Monopar Therapeutics Inc. - Common Stock,NASDAQ,N
MNR,Mach Natural Resources LP Common Units representing Limited Partner Interests,N,N
MNRO,"Monro, Inc.  - Common Stock",NASDAQ,N
MNRS,Grayscale Bitcoin Miners ETF,P,Y
MNSB,"MainStreet Bancshares, Inc. - Common Stock",NASDAQ,N
MNSBP,"MainStreet Bancshares, Inc. - Depositary Shares",NASDAQ,N
MNSO,"MINISO Group Holding Limited American Depositary Shares, each representing four Ordinary Shares",N,N
MNST,Monster Beverage Corporation - Common Stock,NASDAQ,N
MNTK,"Montauk Renewables, Inc. - Common Stock",NASDAQ,N
MNTN,"MNTN, Inc. Class A Common Stock",N,N
MNTS,Momentus Inc. - Class A Common Stock,NASDAQ,N
MNTSW,Momentus Inc. - Warrant,NASDAQ,N
MNY,MoneyHero Limited - Class A Ordinary Shares,NASDAQ,N
MNYWW,MoneyHero Limited - Warrants,NASDAQ,N
MNZL,Manzil Russell Halal USA Broad Market ETF,NASDAQ,Y
MO,"Altria Group, Inc.",N,N
MOAT,VanEck Morningstar Wide Moat ETF,Z,Y
MOB,Mobilicom Limited - Ordinary Shares,NASDAQ,N
MOBBW,Mobilicom Limited - Warrants,NASDAQ,N
MOBX,"Mobix Labs, Inc. - Class A Common Stock",NASDAQ,N
MOBXW,"Mobix Labs, Inc. - Warrants",NASDAQ,N
MOD,Modine Manufacturing Company Common Stock,N,N
MODD,"Modular Medical, Inc. - common stock",NASDAQ,N
MODG,Topgolf Callaway Brands Corp. Common Stock,N,N
MODL,VictoryShares WestEnd U.S. Sector ETF,NASDAQ,Y
MOFG,"MidWestOne Financial Group, Inc. - Common Stock",NASDAQ,N
MOG.A,Moog Inc. Class A Common Stock,N,N
MOG.B,Moog Inc. Class B Common Stock,N,N
MOGU,MOGU Inc. American Depositary Shares (each  representing 25 Class A Ordinary Shares),N,N
MOH,Molina Healthcare Inc Common Stock,N,N
MOLN,Molecular Partners AG - American Depositary Shares,NASDAQ,N
MOMO,Hello Group Inc.  - American Depositary Shares,NASDAQ,N
MOO,VanEck Agribusiness ETF,P,Y
MOOD,Relative Sentiment Tactical Allocation ETF,NASDAQ,Y
MORN,"Morningstar, Inc. - Common Stock",NASDAQ,N
MORT,VanEck Mortgage REIT Income ETF,P,Y
MOS,Mosaic Company (The) Common Stock,N,N
MOTG,VanEck Morningstar Global Wide Moat ETF,Z,Y
MOTI,VanEck Morningstar International Moat ETF,Z,Y
MOTO,Guinness Atkinson Smart Transportation & Technology ETF,P,Y
MOV,Movado Group Inc. Common Stock,N,N
MOVE,Movano Inc. - Common Stock,NASDAQ,N
MP,MP Materials Corp. Common Stock,N,N
MPA,Blackrock MuniYield Pennsylvania Quality Fund Common Stock,N,N
MPAA,"Motorcar Parts of America, Inc. - Common Stock",NASDAQ,N
MPB,Mid Penn Bancorp - Common Stock,NASDAQ,N
MPC,Marathon Petroleum Corporation Common Stock,N,N
MPG,Leverage Shares 2X Long MP Daily ETF,NASDAQ,Y
MPL,Defiance Daily Target 2X Long MP ETF,P,Y
MPLT,"MapLight Therapeutics, Inc. - Common Stock",NASDAQ,N
MPLX,MPLX LP Common Units Representing Limited Partner Interests,N,N
MPLY,Monopoly ETF,Z,Y
MPRO,Monarch ProCap Index ETF,Z,Y
MPTI,"M-tron Industries, Inc. Common Stock",A,N
MPU,Mega Matrix Inc. Class A Ordinary Shares,A,N
MPV,Barings Participation Investors Common Stock,N,N
MPW,"Medical Properties Trust, Inc. common stock",N,N
MPWR,"Monolithic Power Systems, Inc. - Common Stock",NASDAQ,N
MPX,Marine Products Corporation Common Stock,N,N
MQ,"Marqeta, Inc. - Class A Common Stock",NASDAQ,N
MQQQ,Tradr 2X Long Innovation 100 Monthly ETF,NASDAQ,Y
MQT,"Blackrock MuniYield Quality Fund II, Inc. Common Stock",N,N
MQY,"Blackrock MuniYield Quality Fund, Inc. Common Stock",N,N
MRAL,GraniteShares 2x Long MARA Daily ETF,NASDAQ,Y
MRAM,"Everspin Technologies, Inc. - Common Stock",NASDAQ,N
MRBK,Meridian Corporation - Common Stock,NASDAQ,N
MRCC,Monroe Capital Corporation - Closed End Fund,NASDAQ,N
MRCP,PGIM S&P 500 Buffer 12 ETF - March,Z,Y
MRCY,Mercury Systems Inc - Common Stock,NASDAQ,N
MREO,Mereo BioPharma Group plc - American Depositary Shares,NASDAQ,N
MRGR,ProShares Merger ETF,Z,Y
MRK,"Merck & Company, Inc. Common Stock (new)",N,N
MRKR,"Marker Therapeutics, Inc. - Common Stock",NASDAQ,N
MRM,MEDIROM Healthcare Technologies Inc. - American Depositary Share,NASDAQ,N
MRNA,"Moderna, Inc. - Common Stock",NASDAQ,N
MRNO,Murano Global Investments PLC - Ordinary Shares,NASDAQ,N
MRNOW,Murano Global Investments PLC - Warrants,NASDAQ,N
MRNY,YieldMax MRNA Option Income Strategy ETF,P,Y
MRP,"Millrose Properties, Inc. Class A Common Stock",N,N
MRSK,Toews Agility Shares Managed Risk ETF,P,Y
MRT,"Marti Technologies, Inc. Class A Ordinary Shares",A,N
MRTN,"Marten Transport, Ltd. - Common Stock",NASDAQ,N
MRVI,"Maravai LifeSciences Holdings, Inc. - Class A common stock",NASDAQ,N
MRVL,"Marvell Technology, Inc. - Common Stock",NASDAQ,N
MRX,Marex Group plc - Ordinary Shares,NASDAQ,N
MS,Morgan Stanley Common Stock,N,N
MS$A,Morgan Stanley Dep Shs repstg 1/1000 Pfd Ser A,N,N
MS$E,Morgan Stanley DEPOSITARY SHARES REP 1/1000TH SHARES FIXED/FLTG PREFERRED STOCK SERIES E,N,N
MS$F,Morgan Stanley Dep Shs Rpstg 1/1000th Int Prd Ser F Fxd to Flag,N,N
MS$I,Morgan Stanley Depository Shares Representing 1/1000th Preferred Series 1 Fixed to Floating Non (Cum),N,N
MS$K,"Morgan Stanley Depositary Shares, each representing 1/1,000th of a share of Fixed-to-Floating Rate Non-Cumulative Preferred Stock,  Series K",N,N
MS$L,"Morgan Stanley Depositary Shares, each representing 1/1,000th of a share of 4.875% Non-Cumulative Preferred Stock, Series L",N,N
MS$O,"Morgan Stanley Depositary Shares, each representing 1/1,000th of a share of 4.250% Non-Cumulative Preferred Stock, Series O",N,N
MS$P,"Morgan Stanley Depositary Shares, each representing 1/1,000th of a share of 6.500% Non-Cumulative Preferred Stock, Series P",N,N
MS$Q,"Morgan Stanley Depositary Shares, each representing 1/1,000th of a share of 6.625% Non-Cumulative Preferred Stock, Series Q",N,N
MSA,MSA Safety Incorporated Common Stock,N,N
MSAI,"MultiSensor AI Holdings, Inc. - Common Stock",NASDAQ,N
MSAIW,"MultiSensor AI Holdings, Inc. - Warrants",NASDAQ,N
MSB,Mesabi Trust Common Stock,N,N
MSBI,"Midland States Bancorp, Inc. - Common Stock",NASDAQ,N
MSBIP,"Midland States Bancorp, Inc. - Depositary Shares Each Representing a 1/40th Interest in a Share of 7.750% Fixed-Rate Reset Non-Cumulative Perpetual Preferred Stock, Series A",NASDAQ,N
MSC,"Studio City International Holdings Limited American depositary shares, each representing four  Class A ordinary shares",N,N
MSCI,MSCI Inc. Common Stock,N,N
MSD,"Morgan Stanley Emerging Markets Debt Fund, Inc. Common Stock",N,N
MSDD,GraniteShares 2x Short MSTR Daily ETF,NASDAQ,Y
MSDL,Morgan Stanley Direct Lending Fund Common Stock,N,N
MSEX,Middlesex Water Company - Common Stock,NASDAQ,N
MSFD,Direxion Daily MSFT Bear 1X Shares,NASDAQ,Y
MSFL,GraniteShares 2x Long MSFT Daily ETF,NASDAQ,Y
MSFO,YieldMax MSFT Option Income Strategy ETF,P,Y
MSFT,Microsoft Corporation - Common Stock,NASDAQ,N
MSFU,Direxion Daily MSFT Bull 2X Shares,NASDAQ,Y
MSFW,Roundhill MSFT WeeklyPay ETF,Z,Y
MSFX,T-Rex 2X Long Microsoft Daily Target ETF,Z,Y
MSFY,Kurv Yield Premium Strategy Microsoft (MSFT) ETF,Z,Y
MSGE,Madison Square Garden Entertainment Corp. Class A Common Stock,N,N
MSGM,Motorsport Games Inc. - Class A Common Stock,NASDAQ,N
MSGS,Madison Square Garden Sports Corp. Class A Common Stock (New),N,N
MSGY,Masonglory Limited - Ordinary Shares,NASDAQ,N
MSI,"Motorola Solutions, Inc. Common Stock",N,N
MSIF,"MSC Income Fund, Inc. Common Stock",N,N
MSII,REX MSTR Growth & Income ETF,Z,Y
MSLC,Morgan Stanley Pathway Large Cap Equity ETF,P,Y
MSM,"MSC Industrial Direct Company, Inc. Common Stock",N,N
MSMR,McElhenny Sheffield Managed Risk ETF,Z,Y
MSN,Emerson Radio Corporation Common Stock,A,N
MSOO,Leverage Shares 2x Capped Accelerated MSTR Monthly ETF,Z,Y
MSOS,AdvisorShares Pure US Cannabis ETF,P,Y
MSOX,AdvisorShares MSOS Daily Leveraged ETF,P,Y
MSS,Maison Solutions Inc. - Class A Common Stock,NASDAQ,N
MSSM,Morgan Stanley Pathway Small-Mid Cap Equity ETF,P,Y
MSSS,Monarch Select Subsector Index ETF,Z,Y
MSST,YieldMax MSTR Performance & Distribution Target 25 ETF,Z,Y
MST,Defiance Leveraged Long + Income MSTR ETF,NASDAQ,Y
MSTB,LHA Market State Tactical Beta ETF,Z,Y
MSTI,Madison Short Term Strategic Income ETF,P,Y
MSTK,Tuttle Capital MSTR 0DTE Covered Call ETF,Z,Y
MSTP,GraniteShares 2x Long MSTR Daily ETF,NASDAQ,Y
MSTQ,LHA Market State Tactical Q ETF,Z,Y
MSTR,Strategy Inc - Class A Common Stock,NASDAQ,N
MSTU,T-Rex 2X Long MSTR Daily Target ETF,Z,Y
MSTW,Roundhill MSTR WeeklyPay ETF,Z,Y
MSTX,Defiance Daily Target 2x Long MSTR ETF,NASDAQ,Y
MSTY,YieldMax MSTR Option Income Strategy ETF,P,Y
MSTZ,T-Rex 2X Inverse MSTR Daily Target ETF,Z,Y
MSW,Ming Shing Group Holdings Limited - Ordinary Shares,NASDAQ,N
MT,Arcelor Mittal NY Registry Shares NEW,N,N
MTA,Metalla Royalty & Streaming Ltd. Common Shares,A,N
MTB,M&T Bank Corporation Common Stock,N,N
MTB$H,"M&T Bank Corporation Perpetual Fixed-to-Floating Rate Non-Cumulative Preferred Stock, Series H",N,N
MTB$J,"M&T Bank Corporation Depositary Shares each representing a 1/400th ownership interest in a share of Perpetual 7.500% Non-Cumulative Preferred Stock, Series J",N,N
MTB$K,"M&T Bank Corporation Depositary Shares each representing a 1/400th interest in a share of Perpetual 6.350% Non-Cumulative Preferred Stock, Series K",N,N
MTBA,Simplify MBS ETF,P,Y
MTC,"MMTec, Inc. - Common Shares",NASDAQ,N
MTCH,"Match Group, Inc. - Common Stock",NASDAQ,N
MTD,"Mettler-Toledo International, Inc. Common Stock",N,N
MTDR,Matador Resources Company Common Stock,N,N
MTEK,Maris-Tech Ltd. - ordinary shares,NASDAQ,N
MTEKW,Maris-Tech Ltd. - Warrants,NASDAQ,N
MTEN,Mingteng International Corporation Inc. - Class A Ordinary Shares,NASDAQ,N
MTEX,"Mannatech, Incorporated - Common Stock",NASDAQ,N
MTG,MGIC Investment Corporation Common Stock,N,N
MTGP,WisdomTree Mortgage Plus Bond Fund,P,Y
MTH,Meritage Homes Corporation Common Stock,N,N
MTLS,Materialise NV - American Depositary Shares,NASDAQ,N
MTN,"Vail Resorts, Inc. Common Stock",N,N
MTNB,"Matinas Biopharma Holdings, Inc. Common Stock",A,N
MTR,Mesa Royalty Trust Common Stock,N,N
MTRA,Invesco International Growth Focus ETF,Z,Y
MTRN,Materion Corporation,N,N
MTRX,Matrix Service Company - Common Stock,NASDAQ,N
MTSI,"MACOM Technology Solutions Holdings, Inc. - Common Stock",NASDAQ,N
MTUL,ETRACS 2x Leveraged MSCI US Momentum Factor TR ETN,P,Y
MTUM,iShares MSCI USA Momentum Factor ETF,Z,Y
MTUS,Metallus Inc. Common Shares,N,N
MTVA,MetaVia Inc.  - Common Stock,NASDAQ,N
MTW,"Manitowoc Company, Inc. (The) Common Stock",N,N
MTX,Minerals Technologies Inc. Common Stock,N,N
MTYY,GraniteShares YieldBOOST MSTR ETF,NASDAQ,Y
MTZ,"MasTec, Inc. Common Stock",N,N
MU,"Micron Technology, Inc. - Common Stock",NASDAQ,N
MUA,"Blackrock MuniAssets Fund, Inc Common Stock",N,N
MUB,iShares National Muni Bond ETF,P,Y
MUC,"Blackrock MuniHoldings California Quality Fund, Inc.  Common Stock",N,N
MUD,Direxion Daily MU Bear 1X Shares,NASDAQ,Y
MUE,"Blackrock MuniHoldings Quality Fund II, Inc. Common Stock",N,N
MUFG,"Mitsubishi UFJ Financial Group, Inc. Common Stock",N,N
MUJ,"Blackrock MuniHoldings New Jersey Quality Fund, Inc. Common Stock",N,N
MULL,GraniteShares 2x Long MU Daily ETF,NASDAQ,Y
MULT,Franklin Multisector Income ETF,NASDAQ,Y
MUNA,Northern Trust 2030 Tax-Exempt Distributing Ladder ETF,P,Y
MUNB,Northern Trust 2035 Tax-Exempt Distributing Ladder ETF,P,Y
MUNC,Northern Trust 2045 Tax-Exempt Distributing Ladder ETF,P,Y
MUND,Northern Trust 2055 Tax-Exempt Distributing Ladder ETF,P,Y
MUNI,PIMCO Intermediate Municipal Bond Active Exchange-Traded Fund,P,Y
MUNX,AMG GW&K Muni Income ETF,P,Y
MUNY,Vanguard New York Tax-Exempt Bond ETF,Z,Y
MUR,Murphy Oil Corporation Common Stock,N,N
MUSA,Murphy USA Inc. Common Stock,N,N
MUSE,TCW Multisector Credit Income ETF,N,Y
MUSI,American Century Multisector Income ETF,P,Y
MUSQ,MUSQ Global Music Industry Index ETF,P,Y
MUST,Columbia Multi-Sector Municipal Income ETF,P,Y
MUU,Direxion Daily MU Bull 2X Shares,NASDAQ,Y
MUX,McEwen Inc. Common Stock,N,N
MVAL,VanEck Morningstar Wide Moat Value ETF,Z,Y
MVBF,MVB Financial Corp. - Common Stock,NASDAQ,N
MVF,"Blackrock MuniVest Fund, Inc. Common Stock",N,N
MVFD,Monarch Volume Factor Dividend Tree Index ETF,Z,Y
MVFG,Monarch Volume Factor Global Unconstrained Index ETF,Z,Y
MVIS,"MicroVision, Inc. - Common Stock",NASDAQ,N
MVLL,GraniteShares 2x Long MRVL Daily ETF,NASDAQ,Y
MVO,MV Oil Trust Units of Beneficial Interests,N,N
MVPA,Miller Value Partners Appreciation ETF,P,Y
MVPL,Miller Value Partners Leverage ETF,P,Y
MVRL,ETRACS Monthly Pay 1.5X Leveraged Mortgage REIT ETN,P,Y
MVST,"Microvast Holdings, Inc. - Common Stock",NASDAQ,N
MVSTW,"Microvast Holdings, Inc. - Warrant",NASDAQ,N
MVT,"Blackrock MuniVest Fund II, Inc.  Common Stock",N,N
MVV,ProShares Ultra MidCap400,P,Y
MWA,MUELLER WATER PRODUCTS Common Stock,N,N
MWG,Multi Ways Holdings Limited Class A Ordinary Shares,A,N
MWYN,"Marwynn Holdings, Inc. - Common stock",NASDAQ,N
MX,Magnachip Semiconductor Corporation Common Stock,N,N
MXC,Mexco Energy Corporation Common Stock,A,N
MXCT,"MaxCyte, Inc. - Common Stock",NASDAQ,N
MXE,"Mexico Equity and Income Fund, Inc. (The) Common Stock",N,N
MXF,"Mexico Fund, Inc. (The) Common Stock",N,N
MXI,iShares Global Materials ETF,P,Y
MXL,"MaxLinear, Inc - Common Stock",NASDAQ,N
MYCF,State Street My2026 Corporate Bond ETF,NASDAQ,Y
MYCG,State Street My2027 Corporate Bond ETF,NASDAQ,Y
MYCH,State Street My2028 Corporate Bond ETF,NASDAQ,Y
MYCI,State Street My2029 Corporate Bond ETF,NASDAQ,Y
MYCJ,State Street My2030 Corporate Bond ETF,NASDAQ,Y
MYCK,State Street My2031 Corporate Bond ETF,NASDAQ,Y
MYCL,State Street My2032 Corporate Bond ETF,NASDAQ,Y
MYCM,State Street My2033 Corporate Bond ETF,NASDAQ,Y
MYCN,State Street My2034 Corporate Bond ETF,NASDAQ,Y
MYCO,State Street My2035 Corporate Bond ETF,NASDAQ,Y
MYD,"Blackrock MuniYield Fund, Inc.  Common Stock",N,N
MYE,"Myers Industries, Inc. Common Stock",N,N
MYFW,"First Western Financial, Inc. - Common Stock",NASDAQ,N
MYGN,"Myriad Genetics, Inc. - Common Stock",NASDAQ,N
MYI,"Blackrock MuniYield Quality Fund III, Inc Common Stock",N,N
MYLD,Cambria Micro and SmallCap Shareholder Yield ETF,Z,Y
MYMF,State Street My2026 Municipal Bond ETF,NASDAQ,Y
MYMG,State Street My2027 Municipal Bond ETF,NASDAQ,Y
MYMH,State Street My2028 Municipal Bond ETF,NASDAQ,Y
MYMI,State Street My2029 Municipal Bond ETF,NASDAQ,Y
MYMJ,State Street My2030 Municipal Bond ETF,NASDAQ,Y
MYMK,State Street My2031 Municipal Bond ETF,NASDAQ,Y
MYN,"Blackrock MuniYield New York Quality Fund, Inc.Common Stock",N,N
MYND,"Mynd.ai, Inc. American Depositary Shares",A,N
MYNZ,Mainz Biomed N.V. - Ordinary Shares,NASDAQ,N
MYO,Myomo Inc. Common Stock,A,N
MYPS,"PLAYSTUDIOS, Inc.  - Class A Common Stock",NASDAQ,N
MYPSW,"PLAYSTUDIOS, Inc.  - Warrant",NASDAQ,N
MYRG,"MYR Group, Inc. - Common Stock",NASDAQ,N
MYSE,"Myseum, Inc. - Common Stock",NASDAQ,N
MYSEW,"Myseum, Inc. - Series A Warrant",NASDAQ,N
MYSZ,"My Size, Inc. - Common Stock",NASDAQ,N
MYY,ProShares Short MidCap400,P,Y
MZTI,The Marzetti Company - Common Stock,NASDAQ,N
MZZ,ProShares UltraShort MidCap400,P,Y
NAAS,NaaS Technology Inc. - American Depositary Shares,NASDAQ,N
NABL,"N-able, Inc. Common Stock",N,N
NAC,Nuveen California Quality Municipal Income Fund,N,N
NACP,Impact Shares NAACP Minority Empowerment ETF,P,Y
NAD,Nuveen Quality Municipal Income Fund Common Stock,N,N
NAGE,"Niagen Bioscience, Inc. - Common Stock",NASDAQ,N
NAII,"Natural Alternatives International, Inc. - Common Stock",NASDAQ,N
NAIL,Direxion Daily Homebuilders & Supplies Bull 3X Shares,P,Y
NAK,"Northern Dynasty Minerals, Ltd. Common Stock",A,N
NAKA,"Kindly MD, Inc. - Common Stock",NASDAQ,N
NAMI,Jinxin Technology Holding Company - American Depositary Shares,NASDAQ,N
NAMM,Namib Minerals - Ordinary Shares,NASDAQ,N
NAMMW,Namib Minerals - Warrants,NASDAQ,N
NAMS,NewAmsterdam Pharma Company N.V. - Ordinary Shares,NASDAQ,N
NAMSW,NewAmsterdam Pharma Company N.V. - Warrant,NASDAQ,N
NAN,Nuveen New York Quality Municipal Income Fund Common Stock,N,N
NANC,Unusual Whales Subversive Democratic Trading ETF,Z,Y
NANR,SPDR S&P North American Natural Resources ETF,P,Y
NAPR,Innovator Growth-100 Power Buffer ETF - April,Z,Y
NAT,Nordic American Tankers Limited Common Stock,N,N
NATH,"Nathan's Famous, Inc. - Common Stock",NASDAQ,N
NATL,NCR Atleos Corporation Common Stock,N,N
NATO,Themes Transatlantic Defense ETF,NASDAQ,Y
NATR,"Nature's Sunshine Products, Inc. - Common Stock",NASDAQ,N
NAUG,Innovator Growth-100 Power Buffer ETF - August,Z,Y
NAUT,"Nautilus Biotechnology, Inc. - Common Stock",NASDAQ,N
NAVI,Navient Corporation - Common Stock,NASDAQ,N
NAVN,"Navan, Inc. - Class A Common Stock",NASDAQ,N
NAZ,Nuveen Arizona Quality Municipal Income Fund Common Stock,N,N
NB,NioCorp Developments Ltd. - Common Stock,NASDAQ,N
NBB,Nuveen Taxable Municipal Income Fund Common Shares of Beneficial Interest,N,N
NBBK,"NB Bancorp, Inc. - Common Stock",NASDAQ,N
NBCE,Neuberger China Equity ETF,P,Y
NBCM,Neuberger Commodity Strategy ETF,P,Y
NBCR,Neuberger Core Equity ETF,P,Y
NBDS,Neuberger Disrupters ETF,P,Y
NBET,Neuberger Berman Energy Transition & Infrastructure ETF,P,Y
NBFC,Neuberger Berman Flexible Credit Income ETF,P,Y
NBGX,Neuberger Growth ETF,P,Y
NBH,Neuberger Municipal Fund Inc. Common Stock,A,N
NBHC,National Bank Holdings Corporation Common Stock,N,N
NBIG,Leverage Shares 2X Long NBIS Daily ETF,NASDAQ,Y
NBIL,GraniteShares 2x Long NBIS Daily ETF,NASDAQ,Y
NBIS,Nebius Group N.V. - Class A Ordinary Shares,NASDAQ,N
NBIX,"Neurocrine Biosciences, Inc. - Common Stock",NASDAQ,N
NBJP,Neuberger Japan Equity ETF,P,Y
NBN,Northeast Bank - Common Stock,NASDAQ,N
NBOS,Neuberger Option Strategy ETF,P,Y
NBP,NovaBridge Biosciences - American Depositary Shares,NASDAQ,N
NBR,Nabors Industries Ltd.,N,N
NBSD,Neuberger Berman Short Duration Income ETF,P,Y
NBSM,Neuberger Small-Mid Cap ETF,P,Y
NBTB,NBT Bancorp Inc. - Common Stock,NASDAQ,N
NBTR,Neuberger Berman Total Return Bond ETF,P,Y
NBTX,Nanobiotix S.A. - ADSs,NASDAQ,N
NBXG,Neuberger Next Generation Connectivity Fund Inc. Common Stock,N,N
NBY,"NovaBay Pharmaceuticals, Inc. Common Stock",A,N
NC,"NACCO Industries, Inc. Common Stock",N,N
NCA,Nuveen California Municipal Value Fund,N,N
NCDL,Nuveen Churchill Direct Lending Corp. Common Stock,N,N
NCEL,NewcelX Ltd. - Ordinary Shares,NASDAQ,N
NCEW,New Century Logistics Limited - Ordinary Shares,NASDAQ,N
NCI,Neo-Concept International Group Holdings Limited - Class A Ordinary Shares,NASDAQ,N
NCIQ,Hashdex Nasdaq Crypto Index US ETF,NASDAQ,Y
NCL,Northann Corp. Common Stock,A,N
NCLH,Norwegian Cruise Line Holdings Ltd. Ordinary Shares,N,N
NCLO,Nuveen AA-BBB CLO ETF,P,Y
NCMI,"National CineMedia, Inc. - Common Stock",NASDAQ,N
NCNA,NuCana plc - American Depositary Shares,NASDAQ,N
NCNO,"nCino, Inc. - Common Stock",NASDAQ,N
NCPB,Nuveen Core Plus Bond ETF,NASDAQ,Y
NCPL,Netcapital Inc. - Common Stock,NASDAQ,N
NCPLW,Netcapital Inc. - warrants,NASDAQ,N
NCRA,"Nocera, Inc. - common stock",NASDAQ,N
NCSM,"NCS Multistage Holdings, Inc. - Common Stock",NASDAQ,N
NCT,Intercont (Cayman) Limited - Ordinary shares,NASDAQ,N
NCTY,The9 Limited - American Depository Shares,NASDAQ,N
NCV,Virtus Convertible & Income Fund Common Shares of Beneficial Interest,N,N
NCV$A,Virtus Convertible & Income Fund 5.625% Series A Cumulative Preferred Shares,N,N
NCZ,Virtus Convertible & Income Fund II Common Shares of Beneficial Interest,N,N
NCZ$A,Virtus Convertible & Income Fund II 5.50% Series A Cumulative Preferred Shares,N,N
NDAA,Ned Davis Research 360 Dynamic Allocation ETF,NASDAQ,Y
NDAQ,"Nasdaq, Inc. - Common Stock",NASDAQ,N
NDEC,Innovator Growth-100 Power Buffer ETF - December,Z,Y
NDIA,Global X India Active ETF,P,Y
NDIV,Amplify Natural Resources Dividend Income ETF,P,Y
NDLS,Noodles & Company - Common Stock,NASDAQ,N
NDMO,Nuveen Dynamic Municipal Opportunities Fund Common Shares of Beneficial Interest,N,N
NDOW,Anydrus Advantage ETF,Z,Y
NDRA,ENDRA Life Sciences Inc. - Common Stock,NASDAQ,N
NDSN,Nordson Corporation - Common Stock,NASDAQ,N
NDVG,Nuveen Dividend Growth ETF,P,Y
NE,Noble Corporation plc A Ordinary Shares,N,N
NE.A,Noble Corporation plc Tranche 2 Warrants,N,N
NE.W,Noble Corporation plc Tranche 1 Warrants,N,N
NEA,Nuveen AMT-Free Quality Municipal Income Fund Common Shares of Beneficial Interest Par Value $.01,N,N
NEAR,iShares Short Duration Bond Active ETF,Z,Y
NEBX,Tradr 2X Long NBIS Daily ETF,Z,Y
NECB,"NorthEast Community Bancorp, Inc. - Common Stock",NASDAQ,N
NEE,"NextEra Energy, Inc. Common Stock",N,N
NEE$N,"NextEra Energy, Inc. Series N Junior Subordinated Debentures due March 1, 2079",N,N
NEE$S,"NextEra Energy, Inc. 7.299% Corporate Units",N,N
NEE$T,"NextEra Energy, Inc. 7.234% Corporate Units",N,N
NEE$U,"NextEra Energy, Inc. Series U Junior Subordinated Debentures due June 1, 2085",N,N
NEGG,"Newegg Commerce, Inc. - Common Shares",NASDAQ,N
NEHI,NEOS Ethereum High Income ETF,Z,Y
NELS,Nelson Select ETF,Z,Y
NEM,Newmont Corporation,N,N
NEMD,Neuberger Berman Emerging Markets Debt Hard Currency ETF,P,Y
NEMG,Leverage Shares 2x Long NEM Daily ETF,NASDAQ,Y
NEN,New England Realty Associates Limited Partnership Class A Depositary Receipts Evidencing Units of Limited Partnership,A,N
NEO,"NeoGenomics, Inc. - Common Stock",NASDAQ,N
NEOG,Neogen Corporation - Common Stock,NASDAQ,N
NEON,Neonode Inc. - Common Stock,NASDAQ,N
NEOV,NeoVolta Inc. - Common Stock,NASDAQ,N
NEOVW,NeoVolta Inc. - Warrant,NASDAQ,N
NEPH,"Nephros, Inc. - Common Stock",NASDAQ,N
NERD,Roundhill Video Games ETF,Z,Y
NERV,"Minerva Neurosciences, Inc - Common Stock",NASDAQ,N
NESR,National Energy Services Reunited Corp - Ordinary Shares,NASDAQ,N
NET,"Cloudflare, Inc. Class A Common Stock",N,N
NETG,Leverage Shares 2X Long NET Daily ETF,NASDAQ,Y
NETL,Colterpoint Net Lease Real Estate ETF,P,Y
NETX,Tradr 2X Long NET Daily ETF,Z,Y
NEU,NewMarket Corp Common Stock,N,N
NEUP,Neuphoria Therapeutics Inc. - Common Stock,NASDAQ,N
NEWP,New Pacific Metals Corp. Common Shares,A,N
NEWT,"NewtekOne, Inc. - Common Stock",NASDAQ,N
NEWTG,"NewtekOne, Inc. - 8.50% Fixed Rate Senior Notes due 2029",NASDAQ,N
NEWTH,"NewtekOne, Inc. - 8.625% Fixed Rate Senior Notes due 2029",NASDAQ,N
NEWTI,"NewtekOne, Inc. - 8.00% Fixed Rate Senior Notes due 2028",NASDAQ,N
NEWTP,"NewtekOne, Inc. - Depositary Shares, Each Representing a 1/40th Interest in a Share of 8.500% Fixed Rate Reset Non-Cumulative Perpetual Preferred Stock, Series B",NASDAQ,N
NEWTZ,"NewtekOne, Inc. - 5.50% Notes Due 2026",NASDAQ,N
NEWZ,StockSnips AI-Powered Sentiment US All Cap ETF,NASDAQ,Y
NEXA,Nexa Resources S.A. Common Shares,N,N
NEXM,NexMetals Mining Corp. - Common Stock,NASDAQ,N
NEXN,Nexxen International Ltd. - Ordinary Shares,NASDAQ,N
NEXT,NextDecade Corporation - Common Stock,NASDAQ,N
NFBK,"Northfield Bancorp, Inc. - Common Stock",NASDAQ,N
NFE,New Fortress Energy Inc. - Class A Common Stock,NASDAQ,N
NFEB,Innovator Growth-100 Power Buffer ETF - February,Z,Y
NFG,National Fuel Gas Company Common Stock,N,N
NFGC,New Found Gold Corp Common Shares,A,N
NFJ,"Virtus Dividend, Interest & Premium Strategy Fund Common Shares of Beneficial Interest",N,N
NFLP,Kurv Yield Premium Strategy Netflix (NFLX) ETF,Z,Y
NFLT,Virtus Newfleet Multi-Sector Bond ETF,P,Y
NFLU,T-Rex 2X Long NFLX Daily Target ETF,Z,Y
NFLW,Roundhill NFLX WeeklyPay ETF,Z,Y
NFLX,"Netflix, Inc. - Common Stock",NASDAQ,N
NFLY,YieldMax NFLX Option Income Strategy ETF,P,Y
NFRA,FlexShares STOXX Global Broad Infrastructure Index Fund,P,Y
NFTY,First Trust India Nifty 50 Equal Weight ETF,NASDAQ,Y
NFXL,Direxion Daily NFLX Bull 2X Shares,NASDAQ,Y
NFXS,Direxion Daily NFLX Bear 1X Shares,NASDAQ,Y
NG,Novagold Resources Inc.,A,N
NGD,New Gold Inc.,A,N
NGEN,NervGen Pharma Corp. - Common stock,NASDAQ,N
NGG,"National Grid Transco, PLC National Grid PLC (NEW) American Depositary Shares",N,N
NGL,NGL ENERGY PARTNERS LP Common Units representing Limited Partner Interests,N,N
NGL$B,NGL ENERGY PARTNERS LP 9.00% Class B Fixed-to-Floating Rate Cumulative Redeemable Perpetual Preferred Units representing limited partnership interests,N,N
NGL$C,NGL ENERGY PARTNERS LP 9.625% Class C Fixed-to-Floating Rate Cumulative  Redeemable Perpetual Preferred Units representing  limited partner interests,N,N
NGNE,Neurogene Inc. - Common Stock,NASDAQ,N
NGS,"Natural Gas Services Group, Inc. Common Stock",N,N
NGVC,"Natural Grocers by Vitamin Cottage, Inc. Common Stock",N,N
NGVT,Ingevity Corporation Common Stock,N,N
NHC,National HealthCare Corporation Common Stock,A,N
NHI,"National Health Investors, Inc. Common Stock",N,N
NHIC,NewHold Investment Corp III - Class A Ordinary shares,NASDAQ,N
NHICU,NewHold Investment Corp III - Units,NASDAQ,N
NHICW,NewHold Investment Corp III - Warrants,NASDAQ,N
NHPAP,"National Healthcare Properties, Inc. - 7.375% Series A Cumulative Redeemable Perpetual Preferred Stock",NASDAQ,N
NHPBP,"National Healthcare Properties, Inc. - 7.125% Series B Cumulative Redeemable Perpetual Preferred Stock",NASDAQ,N
NHS,Neuberger High Yield Strategies Fund Inc. Common Stock,A,N
NHTC,Natural Health Trends Corp. - Commn Stock,NASDAQ,N
NHYB,Nuveen High Yield Corporate Bond ETF,P,Y
NHYM,Nuveen High Yield Municipal Income ETF,P,Y
NI,NiSource Inc Common Stock,N,N
NIC,Nicolet Bankshares Inc. Common Stock,N,N
NICE,NICE Ltd - American Depositary Shares each representing one Ordinary Share,NASDAQ,N
NIE,Virtus Equity & Convertible Income Fund Common Shares of Beneficial Interest,N,N
NIHI,NEOS MSCI EAFE High Income ETF,Z,Y
NIKL,Sprott Nickel Miners ETF,NASDAQ,Y
NIM,Nuveen Select Maturities Municipal Fund Common Stock,N,N
NINE,"Nine Energy Service, Inc. Common Stock",N,N
NIO,"NIO Inc. American depositary shares, each  representing one Class A ordinary share",N,N
NIOBW,NioCorp Developments Ltd. - Warrant,NASDAQ,N
NIOG,Leverage Shares 2X Long NIO Daily ETF,NASDAQ,Y
NIPG,NIP Group Inc. - American Depositary Shares,NASDAQ,N
NIQ,NIQ Global Intelligence plc Ordinary Shares,N,N
NISN,"NiSun Intl Enterprise Development Group Co, Ltd - Class A Common Shares",NASDAQ,N
NITE,The Nightview Fund NITE,P,Y
NITO,"N2OFF, Inc. - Common Stock",NASDAQ,N
NIU,Niu Technologies - American Depositary Shares,NASDAQ,N
NIVF,NewGenIvf Group Limited - Class A Ordinary Shares,NASDAQ,N
NIVFW,NewGenIvf Group Limited - Warrants,NASDAQ,N
NIXT,Research Affiliates Deletions ETF,NASDAQ,Y
NIXX,"Nixxy, Inc. - Common Stock",NASDAQ,N
NIXXW,"Nixxy, Inc. - Warrant",NASDAQ,N
NJAN,Innovator Growth-100 Power Buffer ETF - January,Z,Y
NJNK,Columbia U.S. High Yield ETF,P,Y
NJR,NewJersey Resources Corporation Common Stock,N,N
NJUL,Innovator Growth-100 Power Buffer ETF - July,Z,Y
NJUN,Innovator Growth-100 Power Buffer ETF - June,Z,Y
NKE,"Nike, Inc. Common Stock",N,N
NKLR,Terra Innovatum Global N.V. - Ordinary shares,NASDAQ,N
NKSH,"National Bankshares, Inc. - Common Stock",NASDAQ,N
NKTR,Nektar Therapeutics - Common Stock,NASDAQ,N
NKTX,"Nkarta, Inc. - Common Stock",NASDAQ,N
NKX,Nuveen California AMT-Free Quality Municipal Income Fund,N,N
NL,"NL Industries, Inc. Common Stock",N,N
NLOP,Net Lease Office Properties Common Shares of Beneficial Interest,N,N
NLR,VanEck Uranium and Nuclear ETF,P,Y
NLSI,NEOS Long/Short Equity Income ETF,Z,Y
NLY,Annaly Capital Management Inc. Common Stock,N,N
NLY$F,Annaly Capital Management Inc 6.95% Series F,N,N
NLY$G,Annaly Capital Management Inc 6.50% Series G Fixed-to-Floating Rate Cumulative Redeemable Preferred Stock,N,N
NLY$I,Annaly Capital Management Inc 6.750% Series I Fixed-to-Floating Rate Cumulative Redeemable Preferred Stock,N,N
NLY$J,Annaly Capital Management Inc. 8.875% Series J Fixed-Rate Cumulative Redeemable Preferred Stock,N,N
NMAI,Nuveen Multi-Asset Income Fund Common Shares of Beneficial Interest,N,N
NMAR,Innovator Growth-100 Power Buffer ETF - March,Z,Y
NMAX,"Newsmax, Inc. Class B Common Stock",N,N
NMAY,Innovator Growth-100 Power Buffer ETF - May,Z,Y
NMB,Simplify National Muni Bond ETF,P,Y
NMBL,NovaTide Flexible Allocation ETF,P,Y
NMCO,Nuveen Municipal Credit Opportunities Fund Common Shares,N,N
NMFC,New Mountain Finance Corporation - Common Stock,NASDAQ,N
NMFCZ,New Mountain Finance Corporation - 8.250% Notes due 2028,NASDAQ,N
NMG,Nouveau Monde Graphite Inc. Common Shares,N,N
NMI,"Nuveen Municipal Income Fund, Inc. Common Stock",N,N
NMIH,NMI Holdings Inc - Common Stock,NASDAQ,N
NML,Neuberger Energy Infrastructure and Income Fund Inc. Common Stock,A,N
NMM,Navios Maritime Partners LP Common Units Representing Limited Partner Interests,N,N
NMP,NMP Acquisition Corp. - Class A Ordinary Shares,NASDAQ,N
NMPAR,NMP Acquisition Corp. - Right,NASDAQ,N
NMPAU,NMP Acquisition Corp. - Units,NASDAQ,N
NMR,Nomura Holdings Inc ADR American Depositary Shares,N,N
NMRA,"Neumora Therapeutics, Inc. - Common Stock",NASDAQ,N
NMRK,"Newmark Group, Inc. - Class A Common Stock",NASDAQ,N
NMS,Nuveen Minnesota Quality Municipal Income Fund,N,N
NMT,Nuveen Massachusetts Quality Municipal Income Fund Common Stock,N,N
NMTC,NeuroOne Medical Technologies Corporation - Common Stock,NASDAQ,N
NMZ,"Nuveen Municipal High Income Opportunity Fund Common Stock, $0.01 par value, per share",N,N
NN,NextNav Inc. - Common stock,NASDAQ,N
NNAVW,NextNav Inc. - Warrant,NASDAQ,N
NNBR,"NN, Inc. - Common Stock",NASDAQ,N
NNDM,Nano Dimension Ltd. - American Depositary Shares,NASDAQ,N
NNE,Nano Nuclear Energy Inc. - common stock,NASDAQ,N
NNEX,Tradr 2X Long NNE Daily ETF,Z,Y
NNI,"Nelnet, Inc. Common Stock",N,N
NNN,"NNN REIT, Inc. Common Stock",N,N
NNNN,Anbio Biotechnology - Class A Ordinary Shares,NASDAQ,N
NNOV,Innovator Growth-100 Power Buffer ETF - November,Z,Y
NNOX,NANO-X IMAGING LTD - Ordinary Shares,NASDAQ,N
NNVC,"NanoViricides, Inc. Common Stock",A,N
NNY,Nuveen New York Municipal Value Fund Common Stock,N,N
NOA,North American Construction Group Ltd. Common Shares (no par),N,N
NOAH,Noah Holdings Limited American Depositary Shares,N,N
NOBL,ProShares S&P 500 Dividend Aristocrats ETF,Z,Y
NOC,Northrop Grumman Corporation Common Stock,N,N
NOCT,Innovator Growth-100 Power Buffer ETF- October,Z,Y
NODE,VanEck Onchain Economy ETF,Z,Y
NODK,"NI Holdings, Inc. - Common Stock",NASDAQ,N
NOEM,CO2 Energy Transition Corp. - Common Stock,NASDAQ,N
NOEMR,CO2 Energy Transition Corp. - Right,NASDAQ,N
NOEMU,CO2 Energy Transition Corp. - Unit,NASDAQ,N
NOEMW,CO2 Energy Transition Corp. - Warrant,NASDAQ,N
NOG,"Northern Oil and Gas, Inc. Common Stock",N,N
NOK,Nokia Corporation Sponsored American Depositary Shares,N,N
NOM,Nuveen Missouri Quality Municipal Income Fund,N,N
NOMA,NOMADAR Corp. - Class A Common Stock,NASDAQ,N
NOMD,Nomad Foods Limited Ordinary Shares,N,N
NORW,Global X MSCI Norway ETF,P,Y
NOTE,"FiscalNote Holdings, Inc. Class A common stock",N,N
NOTE.W,"FiscalNote Holdings, Inc. Warrants to purchase one share of Class A common stock, each at an exercise price of $11.50 per share",N,N
NOTV,"Inotiv, Inc. - Common Stock",NASDAQ,N
NOV,NOV Inc. Common Stock,N,N
NOVM,FT Vest U.S. Equity Max Buffer ETF - November,Z,Y
NOVP,PGIM S&P 500 Buffer 12 ETF - November,Z,Y
NOVT,Novanta Inc. - Common Shares,NASDAQ,N
NOVTU,Novanta Inc. - Tangible Equity Units,NASDAQ,N
NOVZ,TrueShares Structured Outcome (November) ETF,Z,Y
NOW,"ServiceNow, Inc. Common Stock",N,N
NOWL,GraniteShares 2x Long NOW Daily ETF,NASDAQ,Y
NP,Neptune Insurance Holdings Inc. Class A Common Stock,N,N
NPAC,New Providence Acquisition Corp. III - Ordinary Shares,NASDAQ,N
NPACU,New Providence Acquisition Corp. III - Units,NASDAQ,N
NPACW,New Providence Acquisition Corp. III - Warrants,NASDAQ,N
NPB,"Northpointe Bancshares, Inc. Common Stock",N,N
NPCE,"Neuropace, Inc. - Common Stock",NASDAQ,N
NPCT,Nuveen Core Plus Impact Fund Common Shares of Beneficial Interest,N,N
NPFD,Nuveen Variable Rate Preferred & Income Fund Common Shares,N,N
NPFI,Nuveen Preferred and Income ETF,NASDAQ,Y
NPK,"National Presto Industries, Inc. Common Stock",N,N
NPKI,NPK International Inc. Common Stock,N,N
NPO,Enpro Inc. Common Stock,N,N
NPT,Texxon Holding Limited - Ordinary shares,NASDAQ,N
NPV,Nuveen Virginia Quality Municipal Income Fund Common Stock,N,N
NPWR,NET Power Inc. Class A Common Stock,N,N
NPWR.W,"NET Power Inc. Redeemable warrants, each whole warrant exercisable for one share of Class A Common Stock at an exercise price of $11.50",N,N
NQP,Nuveen Pennsylvania Quality Municipal Income Fund Common Stock,N,N
NRC,National Research Corporation - Common Stock,NASDAQ,N
NRDS,"NerdWallet, Inc. - Class A Common Stock",NASDAQ,N
NRDY,Nerdy Inc. Class A Common Stock,N,N
NREF,"NexPoint Real Estate Finance, Inc. Common Stock",N,N
NREF$A,"NexPoint Real Estate Finance, Inc. 8.50% Series A Cumulative Redeemable Preferred Stock",N,N
NRES,Xtrackers RREEF Global Natural Resources ETF,NASDAQ,Y
NRG,"NRG Energy, Inc. Common Stock",N,N
NRGD,"MicroSectors U.S. Big Oil -3 Inverse Leveraged ETNs due February 17, 2045",P,Y
NRGU,"MicroSectors U.S. Big Oil 3 Leveraged ETNs due February 17, 2045",P,Y
NRGV,"Energy Vault Holdings, Inc. Common Stock",N,N
NRIM,Northrim BanCorp Inc - Common Stock,NASDAQ,N
NRIX,"Nurix Therapeutics, Inc. - Common stock",NASDAQ,N
NRK,Nuveen New York AMT-Free Quality Municipal Income Fund,N,N
NRO,Neuberger Real Estate Securities Income Fund Inc. Common Stock,A,N
NRP,Natural Resource Partners LP Limited Partnership,N,N
NRSH,Aztlan North America Nearshoring Stock Selection ETF,P,Y
NRSN,NeuroSense Therapeutics Ltd. - Ordinary Shares,NASDAQ,N
NRSNW,NeuroSense Therapeutics Ltd. - Warrant,NASDAQ,N
NRT,North European Oil Royality Trust Common Stock,N,N
NRUC,National Rural Utilities Cooperative Finance Corporation 5.500% Subordinated Notes due 2064 (Subordinated Deferrable Interest Notes),N,N
NRXP,"NRX Pharmaceuticals, Inc. - Common Stock",NASDAQ,N
NRXPW,"NRX Pharmaceuticals, Inc. - Warrant",NASDAQ,N
NRXS,"Neuraxis, Inc. Common Stock",A,N
NSA,National Storage Affiliates Trust Common Shares of Beneficial Interest,N,N
NSA$A,National Storage Affiliates Trust 6.000% Series A Cumulative Redeemable Preferred Shares of Beneficial Interest (Liquidation Preference $25.00 per share),N,N
NSA$B,National Storage Affiliates Trust 6.000% Series B Cumulative Redeemable Preferred Shares of Beneficial Interest,N,N
NSC,Norfolk Southern Corporation Common Stock,N,N
NSCI,Nuveen Securitized Income ETF,P,Y
NSCR,Nuveen Sustainable Core ETF,NASDAQ,Y
NSEP,Innovator Growth-100 Power Buffer ETF - September,Z,Y
NSI,National Security Emerging Markets Index ETF,NASDAQ,Y
NSIT,"Insight Enterprises, Inc. - Common Stock",NASDAQ,N
NSP,"Insperity, Inc. Common Stock",N,N
NSPR,InspireMD Inc. - Common Stock,NASDAQ,N
NSRX,Nasus Pharma Ltd. Ordinary Shares,A,N
NSSC,"NAPCO Security Technologies, Inc. - Common Stock",NASDAQ,N
NSTS,"NSTS Bancorp, Inc. - Common Stock",NASDAQ,N
NSYS,Nortech Systems Incorporated - Common Stock,NASDAQ,N
NTAP,"NetApp, Inc. - Common Stock",NASDAQ,N
NTB,Bank of N.T. Butterfield & Son Limited (The) Voting Ordinary Shares,N,N
NTCL,NETCLASS TECHNOLOGY INC - Class A Ordinary Shares,NASDAQ,N
NTCT,"NetScout Systems, Inc. - Common Stock",NASDAQ,N
NTES,"NetEase, Inc. - American Depositary Shares, each representing 5 ordinary shares",NASDAQ,N
NTGR,"NETGEAR, Inc. - Common Stock",NASDAQ,N
NTHI,"NeOnc Technologies Holdings, Inc. - Common Stock",NASDAQ,N
NTIC,Northern Technologies International Corporation - Common Stock,NASDAQ,N
NTIP,"Network-1 Technologies, Inc. Common Stock",A,N
NTLA,"Intellia Therapeutics, Inc. - Common Stock",NASDAQ,N
NTNX,"Nutanix, Inc. - Class A Common Stock",NASDAQ,N
NTR,Nutrien Ltd. Common Shares,N,N
NTRA,"Natera, Inc. - Common Stock",NASDAQ,N
NTRB,Nutriband Inc. - Common Stock,NASDAQ,N
NTRBW,Nutriband Inc. - Warrant,NASDAQ,N
NTRP,"NextTrip, Inc. - Common Stock",NASDAQ,N
NTRS,Northern Trust Corporation - Common Stock,NASDAQ,N
NTRSO,"Northern Trust Corporation - Depositary Shares Each Representing a 1/1,000th Interest in a Share of Series E Non-Cumulative Perpetual Preferred Stock",NASDAQ,N
NTSE,WisdomTree Emerging Markets Efficient Core Fund,P,Y
NTSI,WisdomTree International Efficient Core Fund,P,Y
NTSK,"Netskope, Inc. - Class A Common Stock",NASDAQ,N
NTST,NetSTREIT Corp. Common Stock,N,N
NTSX,WisdomTree U.S. Efficient Core Fund,P,Y
NTWK,NETSOL Technologies Inc. - Common Stock,NASDAQ,N
NTWO,Newbury Street II Acquisition Corp - Class A Ordinary Shares,NASDAQ,N
NTWOU,Newbury Street II Acquisition Corp - Unit,NASDAQ,N
NTWOW,Newbury Street II Acquisition Corp - Warrant,NASDAQ,N
NTZ,"Natuzzi, S.p.A.",N,N
NU,Nu Holdings Ltd. Class A Ordinary Shares,N,N
NUAG,Nuveen Enhanced Yield U.S. Aggregate Bond ETF,P,Y
NUAI,"New Era Energy & Digital, Inc. - Common Stock",NASDAQ,N
NUAIW,"New Era Energy & Digital, Inc. - Warrants",NASDAQ,N
NUBD,Nuveen ESG U.S. Aggregate Bond ETF,P,Y
NUDM,Nuveen ESG International Developed Markets Equity ETF,Z,Y
NUDV,Nuveen ESG Dividend ETF,Z,Y
NUE,Nucor Corporation Common Stock,N,N
NUEM,Nuveen ESG Emerging Markets Equity ETF,Z,Y
NUG,Leverage Shares 2X Long NU Daily ETF,NASDAQ,Y
NUGO,Nuveen Growth Opportunities ETF,P,Y
NUGT,Direxion Daily Gold Miners Index Bull 2XShares,P,Y
NUGY,GraniteShares YieldBOOST Gold Miners ETF,NASDAQ,Y
NUHY,Nuveen ESG High Yield Corporate Bond ETF,P,Y
NUKK,Nukkleus Inc. - Ordinary Shares,NASDAQ,N
NUKKW,Nukkleus Inc. - Warrants,NASDAQ,N
NUKZ,Range Nuclear Renaissance Index ETF,P,Y
NULC,Nuveen ESG Large-Cap ETF,Z,Y
NULG,Nuveen ESG Large-Cap Growth ETF,Z,Y
NULV,Nuveen ESG Large-Cap Value ETF,Z,Y
NUMG,Nuveen ESG Mid-Cap Growth ETF,Z,Y
NUMI,Nuveen Municipal Income ETF,P,Y
NUMV,Nuveen ESG Mid-Cap Value ETF,Z,Y
NURE,Nuveen Short-Term REIT ETF,Z,Y
NUS,"Nu Skin Enterprises, Inc. Common Stock",N,N
NUSA,Nuveen ESG 1-5 Year U.S. Aggregate Bond ETF,P,Y
NUSB,Nuveen Ultra Short Income ETF,NASDAQ,Y
NUSC,Nuveen ESG Small-Cap ETF,Z,Y
NUTR,Nusatrip Incorporated - Common Stock,NASDAQ,N
NUTX,Nutex Health Inc. - Common Stock,NASDAQ,N
NUV,"Nuveen Municipal Value Fund, Inc. Common Stock",N,N
NUVB,Nuvation Bio Inc. Class A Common Stock,N,N
NUVB.W,Nuvation Bio Inc. Warrants,N,N
NUVL,"Nuvalent, Inc. - Class A Common Stock",NASDAQ,N
NUW,Nuveen AMT-Free Municipal Value Fund,N,N
NUWE,"Nuwellis, Inc. - Common Stock",NASDAQ,N
NVA,Nova Minerals Limited - American Depositary Shares,NASDAQ,N
NVAWW,Nova Minerals Limited - Warrant,NASDAQ,N
NVAX,"Novavax, Inc. - Common Stock",NASDAQ,N
NVBT,AllianzIM U.S. Large Cap Buffer10 Nov ETF,Z,Y
NVBU,AllianzIM U.S. Equity Buffer15 Uncapped Nov ETF,Z,Y
NVBW,AllianzIM U.S. Large Cap Buffer20 Nov ETF,Z,Y
NVCR,NovoCure Limited - Ordinary Shares,NASDAQ,N
NVCT,"Nuvectis Pharma, Inc. - Common Stock",NASDAQ,N
NVD,GraniteShares 2x Short NVDA Daily ETF,NASDAQ,Y
NVDA,NVIDIA Corporation - Common Stock,NASDAQ,N
NVDB,ProShares Ultra NVDA,P,Y
NVDD,Direxion Daily NVDA Bear 1X Shares,NASDAQ,Y
NVDG,Leverage Shares 2X Long NVDA Daily ETF,NASDAQ,Y
NVDL,GraniteShares 2x Long NVDA Daily ETF,NASDAQ,Y
NVDO,Leverage Shares 2x Capped Accelerated NVDA Monthly ETF,Z,Y
NVDQ,T-Rex 2X Inverse NVIDIA Daily Target ETF,Z,Y
NVDS,Tradr 1.5X Short NVDA Daily ETF,NASDAQ,Y
NVDU,Direxion Daily NVDA Bull 2X Shares,NASDAQ,Y
NVDW,Roundhill NVDA WeeklyPay ETF,Z,Y
NVDX,T-Rex 2X Long NVIDIA Daily Target ETF,Z,Y
NVDY,YieldMax NVDA Option Income Strategy ETF,P,Y
NVEC,NVE Corporation - Common Stock,NASDAQ,N
NVG,Nuveen AMT-Free Municipal Credit Income Fund,N,N
NVGS,Navigator Holdings Ltd. Ordinary Shares (Marshall Islands),N,N
NVII,REX NVDA Growth & Income ETF,Z,Y
NVIR,Horizon Kinetics Energy and Remediation ETF,P,Y
NVIT,YieldMax NVDA Performance & Distribution Target 25 ETF,Z,Y
NVMI,Nova Ltd. - Ordinary Shares,NASDAQ,N
NVNI,Nvni Group Limited - Ordinary Shares,NASDAQ,N
NVNIW,Nvni Group Limited - Warrants,NASDAQ,N
NVNO,enVVeno Medical Corporation - Common Stock,NASDAQ,N
NVO,Novo Nordisk A/S Common Stock,N,N
NVOH,Novo Nordisk A/S B Shares ADRhedged,P,Y
NVOX,Defiance Daily Target 2X Long NVO ETF,P,Y
NVR,"NVR, Inc. Common Stock",N,N
NVRI,Enviri Corporation Common Stock,N,N
NVS,Novartis AG Common Stock,N,N
NVST,Envista Holdings Corporation Common Stock,N,N
NVT,nVent Electric plc Ordinary Shares,N,N
NVTS,Navitas Semiconductor Corporation - Common Stock,NASDAQ,N
NVTX,Tradr 2X Long NVTS Daily ETF,Z,Y
NVVE,Nuvve Holding Corp. - Common Stock,NASDAQ,N
NVVEW,Nuvve Holding Corp. - Warrant,NASDAQ,N
NVX,NOVONIX Limited - American Depository Shares,NASDAQ,N
NVYY,GraniteShares YieldBOOST NVDA ETF,NASDAQ,Y
NWAX.U,"New America Acquisition I Corp. Units, each consisting of one share of Class A Common Stock and one-half of one redeemable warrant",N,N
NWBI,"Northwest Bancshares, Inc. - Common Stock",NASDAQ,N
NWE,"NorthWestern Energy Group, Inc.  - Common Stock",NASDAQ,N
NWFL,Norwood Financial Corp. - Common Stock,NASDAQ,N
NWG,"NatWest Group plc American Depositary Shares, (each representing two (2) Ordinary Shares)",N,N
NWGL,CL Workshop Group Limited - American Depositary Shares,NASDAQ,N
NWL,Newell Brands Inc. - Common Stock,NASDAQ,N
NWLG,Nuveen Winslow Large-Cap Growth ESG ETF,P,Y
NWMX,Tradr 2X Long NEM Daily ETF,Z,Y
NWN,Northwest Natural Holding Company Common Stock,N,N
NWPX,"NWPX Infrastructure, Inc. - Common Stock",NASDAQ,N
NWS,News Corporation - Class B Common Stock,NASDAQ,N
NWSA,News Corporation - Class A Common Stock,NASDAQ,N
NWTG,"Newton Golf Company, Inc. - Common Stock",NASDAQ,N
NX,Quanex Building Products Corporation Common Stock,N,N
NXC,Nuveen California Select Tax-Free Income Portfolio Common Stock,N,N
NXDR,"Nextdoor Holdings, Inc. Class A Common Stock",N,N
NXDT,NexPoint Diversified Real Estate Trust Common Stock,N,N
NXDT$A,NexPoint Diversified Real Estate Trust 5.50% Series A Cumulative Preferred Shares ($25.00 liquidation preference per share),N,N
NXE,Nexgen Energy Ltd. Common Shares,N,N
NXG,NXG NextGen Infrastructure Income Fund Common Shares of Beneficial Interest,N,N
NXGL,"NexGel, Inc - Common Stock",NASDAQ,N
NXGLW,"NexGel, Inc - Warrant",NASDAQ,N
NXJ,Nuveen New Jersey Qualified Municipal Fund,N,N
NXL,"Nexalin Technology, Inc. - Common Stock",NASDAQ,N
NXN,Nuveen New York Select Tax-Free Income Portfolio Common Stock,N,N
NXP,Nuveen Select Tax Free Income Portfolio Common Stock,N,N
NXPI,NXP Semiconductors N.V. - Common Stock,NASDAQ,N
NXPL,NextPlat Corp - Common Stock,NASDAQ,N
NXPLW,NextPlat Corp - Warrants,NASDAQ,N
NXRT,"NexPoint Residential Trust, Inc. Common Stock",N,N
NXST,"Nexstar Media Group, Inc. - Common Stock",NASDAQ,N
NXT,Nextpower Inc. - Class A Common Stock,NASDAQ,N
NXTC,"NextCure, Inc. - Common Stock",NASDAQ,N
NXTE,AXS Green Alpha ETF,P,Y
NXTG,First Trust Indxx NextG ETF,NASDAQ,Y
NXTI,Simplify Next Intangible Core Index ETF,Z,Y
NXTT,Next Technology Holding Inc. - Ordinary Shares,NASDAQ,N
NXUS,Nuveen International Aggregate Bond ETF,P,Y
NXXT,"NextNRG, Inc. - Common Stock",NASDAQ,N
NYAX,Nayax Ltd. - Ordinary Shares,NASDAQ,N
NYC,American Strategic Investment Co. Class A Common Stock,N,N
NYF,iShares New York Muni Bond ETF,P,Y
NYM,AB New York Intermediate Municipal ETF,P,Y
NYT,New York Times Company (The) Common Stock,N,N
NYXH,Nyxoah SA - Ordinary Shares,NASDAQ,N
NZAC,SPDR MSCI ACWI Climate Paris Aligned ETF,NASDAQ,Y
NZF,Nuveen Municipal Credit Income Fund,N,N
NZUS,State Street SPDR MSCI USA Climate Paris Aligned ETF,NASDAQ,Y
O,Realty Income Corporation Common Stock,N,N
OABI,"OmniAb, Inc. - Common Stock",NASDAQ,N
OABIW,"OmniAb, Inc. - Warrant",NASDAQ,N
OACC,Oaktree Acquisition Corp. III Life Sciences - Class A Ordinary Share,NASDAQ,N
OACCU,Oaktree Acquisition Corp. III Life Sciences - Unit,NASDAQ,N
OACCW,Oaktree Acquisition Corp. III Life Sciences - Warrant,NASDAQ,N
OACP,OneAscent Core Plus Bond ETF,P,Y
OAEM,OneAscent Emerging Markets ETF,P,Y
OAIM,OneAscent International Equity ETF,P,Y
OAK$A,"Brookfield Oaktree Holdings, LLC 6.625% Series A Preferred Units",N,N
OAK$B,"Brookfield Oaktree Holdings, LLC 6.550% Series B Preferred Units",N,N
OAKG,Oakmark Global Large Cap ETF,P,Y
OAKI,Oakmark International Large Cap ETF,P,Y
OAKM,Oakmark U.S. Large Cap ETF,P,Y
OAKU,Oak Woods Acquisition Corporation - Class A Ordinary Shares,NASDAQ,N
OAKUR,Oak Woods Acquisition Corporation - Right,NASDAQ,N
OAKUU,Oak Woods Acquisition Corporation - Unit,NASDAQ,N
OAKUW,Oak Woods Acquisition Corporation - Warrant,NASDAQ,N
OALC,OneAscent Large Cap Core ETF,P,Y
OARK,YieldMax Innovation Option Income Strategy ETF,P,Y
OASC,OneAscent Enhanced Small and Mid Cap ETF,P,Y
OBA,Oxley Bridge Acquisition Limited - Class A Ordinary Shares,NASDAQ,N
OBAWU,Oxley Bridge Acquisition Limited - Unit,NASDAQ,N
OBAWW,Oxley Bridge Acquisition Limited - Warrants,NASDAQ,N
OBDC,Blue Owl Capital Corporation Common Stock,N,N
OBE,Obsidian Energy Ltd. Common Shares,A,N
OBIL,US Treasury 12 Month Bill ETF,NASDAQ,Y
OBIO,"Orchestra BioMed Holdings, Inc. - Ordinary Shares",NASDAQ,N
OBK,"Origin Bancorp, Inc. Common Stock",N,N
OBND,State Street Loomis Sayles Opportunistic Bond ETF,Z,Y
OBOR,KraneShares MSCI One Belt One Road Index ETF,P,Y
OBT,"Orange County Bancorp, Inc. - Common Stock",NASDAQ,N
OBTC,Osprey Bitcoin Trust,NASDAQ,Y
OC,Owens Corning Inc Common Stock New,N,N
OCC,Optical Cable Corporation - Common Stock,NASDAQ,N
OCCI,"OFS Credit Company, Inc. - Closed End Fund",NASDAQ,N
OCCIM,"OFS Credit Company, Inc. - 7.875% Series F Term Preferred Stock",NASDAQ,N
OCCIN,"OFS Credit Company, Inc. - 5.25% Series E Term Preferred Stock Due 2026",NASDAQ,N
OCCIO,"OFS Credit Company, Inc. - 6.125% Series C Term Preferred Stock",NASDAQ,N
OCFC,OceanFirst Financial Corp. - Common Stock,NASDAQ,N
OCG,Oriental Culture Holding LTD - Ordinary Shares,NASDAQ,N
OCGN,"Ocugen, Inc. - Common Stock",NASDAQ,N
OCIO,ClearShares OCIO ETF,P,Y
OCS,Oculis Holding AG - Ordinary shares,NASDAQ,N
OCSAW,Oculis Holding AG - Warrants,NASDAQ,N
OCSL,Oaktree Specialty Lending Corporation - Closed End Fund,NASDAQ,N
OCTB,Aptus October Buffer ETF,Z,Y
OCTH,Innovator Premium Income 20 Barrier ETF - October,Z,Y
OCTJ,Innovator Premium Income 30 Barrier ETF - October,Z,Y
OCTM,FT Vest U.S. Equity Max Buffer ETF - October,Z,Y
OCTP,PGIM S&P 500 Buffer 12 ETF - October,Z,Y
OCTT,AllianzIM U.S. Large Cap Buffer10 Oct ETF,Z,Y
OCTU,AllianzIM U.S. Equity Buffer15 Uncapped Oct ETF,Z,Y
OCTW,AllianzIM U.S. Large Cap Buffer20 Oct ETF,Z,Y
OCTZ,TrueShares Structured Outcome (October) ETF,Z,Y
OCUL,"Ocular Therapeutix, Inc. - Common Stock",NASDAQ,N
ODC,Oil-Dri Corporation Of America Common Stock,N,N
ODD,ODDITY Tech Ltd. - Class A Ordinary Shares,NASDAQ,N
ODDS,Pacer BlueStar Digital Entertainment ETF,NASDAQ,Y
ODFL,"Old Dominion Freight Line, Inc. - Common Stock",NASDAQ,N
ODHY,Obra Defensive High Yield ETF,P,Y
ODV,Osisko Development Corp. Common Shares,N,N
ODVWZ,Osisko Development Corp. - Warrant,NASDAQ,N
ODYS,Odysight.ai Inc. - Common Stock,NASDAQ,N
OEC,Orion S.A. Common Shares,N,N
OEF,iShares S&P 100 Fund,P,Y
OEFA,ALPS O'Shares International Developed Quality Dividend ETF,P,Y
OEI,Optimized Equity Income ETF,P,Y
OESX,"Orion Energy Systems, Inc. - Common Stock",NASDAQ,N
OFAL,OFA Group - Class A Ordinary Shares,NASDAQ,N
OFG,OFG Bancorp Common Stock,N,N
OFIX,Orthofix Medical Inc.  - Common Stock,NASDAQ,N
OFLX,"Omega Flex, Inc. - Common Stock",NASDAQ,N
OFS,OFS Capital Corporation - Closed End Fund,NASDAQ,N
OFSSH,OFS Capital Corporation - 4.95% Notes due 2028,NASDAQ,N
OFSSO,OFS Capital Corporation - 7.50% Notes due 2028,NASDAQ,N
OGCP,"Empire State Realty OP, L.P. Series 60 Operating Partnership Units Representing Limited Partnership Interests",P,N
OGE,OGE Energy Corp Common Stock,N,N
OGEN,Oragenics Inc. Common Stock,A,N
OGI,Organigram Global Inc. - Common Shares,NASDAQ,N
OGIG,ALPS O'Shares Global Internet Giants ETF,P,Y
OGN,Organon & Co. Common Stock,N,N
OGS,"ONE Gas, Inc. Common Stock",N,N
OGSP,Obra High Grade Structured Products ETF,P,Y
OHI,"Omega Healthcare Investors, Inc. Common Stock",N,N
OI,"O-I Glass, Inc. Common Stock",N,N
OIA,Invesco Municipal Income Opportunities Trust Common Stock,N,N
OIH,VanEck Oil Services ETF,P,Y
OII,"Oceaneering International, Inc. Common Stock",N,N
OILD,MicroSectors Oil & Gas Exp. & Prod. -3x Inverse Leveraged ETN,P,Y
OILK,ProShares K-1 Free Crude Oil ETF,Z,Y
OILT,Texas Capital Texas Oil Index ETF,P,Y
OILU,MicroSectors Oil & Gas Exp. & Prod. 3x Leveraged ETN,P,Y
OIS,"Oil States International, Inc. Common Stock",N,N
OKE,"ONEOK, Inc. Common Stock",N,N
OKLL,Defiance Daily Target 2x Long OKLO ETF,NASDAQ,Y
OKLO,Oklo Inc. Class A common stock,N,N
OKLS,Defiance Daily Target 2X Short OKLO ETF,P,Y
OKTA,"Okta, Inc. - Class A Common Stock",NASDAQ,N
OKTG,Leverage Shares 2X Long OKTA Daily ETF,NASDAQ,Y
OKTX,Tradr 2X Long OKTA Daily ETF,Z,Y
OKUR,"OnKure Therapeutics, Inc. - Class A Common Stock",NASDAQ,N
OKYO,OKYO Pharma Limited - Ordinary Shares,NASDAQ,N
OLB,"The OLB Group, Inc. - Common Stock",NASDAQ,N
OLED,Universal Display Corporation - Common Stock,NASDAQ,N
OLLI,"Ollie's Bargain Outlet Holdings, Inc. - Common Stock",NASDAQ,N
OLMA,"Olema Pharmaceuticals, Inc. - Common Stock",NASDAQ,N
OLN,Olin Corporation Common Stock,N,N
OLP,"One Liberty Properties, Inc. Common Stock",N,N
OLPX,"Olaplex Holdings, Inc. - Common Stock",NASDAQ,N
OM,"Outset Medical, Inc. - Common Stock",NASDAQ,N
OMAB,Grupo Aeroportuario del Centro Norte S.A.B. de C.V. - American Depositary Shares each representing 8 Series B shares,NASDAQ,N
OMAH,VistaShares Target 15 Berkshire Select Income ETF,P,Y
OMC,Omnicom Group Inc. Common Stock,N,N
OMCL,"Omnicell, Inc. - Common Stock",NASDAQ,N
OMDA,"Omada Health, Inc. - Common Stock",NASDAQ,N
OMER,Omeros Corporation - Common Stock,NASDAQ,N
OMEX,"Odyssey Marine Exploration, Inc. - Common Stock",NASDAQ,N
OMF,"OneMain Holdings, Inc. Common Stock",N,N
OMFL,Invesco Russell 1000 Dynamic Multifactor ETF,Z,Y
OMFS,Invesco Russell 2000 Dynamic Multifactor ETF,Z,Y
OMH,Ohmyhome Limited - Class A Ordinary Shares,NASDAQ,N
OMSE,OMS Energy Technologies Inc. - Ordinary Shares,NASDAQ,N
ON,ON Semiconductor Corporation - Common Stock,NASDAQ,N
ONB,Old National Bancorp - Common Stock,NASDAQ,N
ONBPO,"Old National Bancorp - Depositary Shares, Each Representing a 1/40th Interest in a Share of Series C Preferred Stock",NASDAQ,N
ONBPP,"Old National Bancorp - Depositary Shares, Each Representing a 1/40th Interest in a Share of Series A Preferred Stock",NASDAQ,N
ONC,BeOne Medicines Ltd. - American Depositary Shares,NASDAQ,N
ONCH,1RT Acquisition Corp. - Class A Ordinary Share,NASDAQ,N
ONCHU,1RT Acquisition Corp. - Units,NASDAQ,N
ONCHW,1RT Acquisition Corp. - Warrant,NASDAQ,N
ONCO,"Onconetix, Inc.  - Common Stock",NASDAQ,N
ONCY,Oncolytics Biotech Inc. - Common Shares,NASDAQ,N
OND,ProShares On-Demand ETF,P,Y
ONDL,Defiance Daily Target 2X Long ONDS ETF,Z,Y
ONDS,Ondas Holdings Inc. - Common Stock,NASDAQ,N
ONEG,OneConstruction Group Limited - Ordinary Shares,NASDAQ,N
ONEO,State Street SPDR Russell 1000 Momentum Focus ETF,P,Y
ONEQ,Fidelity Nasdaq Composite Index ETF,NASDAQ,Y
ONEV,State Street SPDR Russell 1000 Low Volatility Focus ETF,P,Y
ONEW,OneWater Marine Inc. - Class A Common Stock,NASDAQ,N
ONEY,State Street SPDR Russell 1000 Yield Focus ETF,P,Y
ONEZ,TrueShares Seasonality Laddered Buffered ETF,Z,Y
ONFO,Onfolio Holdings Inc. - Common Stock,NASDAQ,N
ONFOW,Onfolio Holdings Inc. - Warrant,NASDAQ,N
ONIT,Onity Group Inc. Common Stock,N,N
ONL,Orion Properties Inc. Common Stock,N,N
ONLN,ProShares Online Retail ETF,P,Y
ONMD,OneMedNet Corp - Class A Common Stock,NASDAQ,N
ONMDW,OneMedNet Corp - Warrant,NASDAQ,N
ONOF,Global X Adaptive U.S. Risk Management ETF,P,Y
ONON,On Holding AG Class A Ordinary Shares,N,N
ONTF,"ON24, Inc. Common Stock",N,N
ONTO,Onto Innovation Inc. Common Stock,N,N
OOMA,"Ooma, Inc. Common Stock",N,N
OOQB,One One Nasdaq-100 and Bitcoin ETF,NASDAQ,Y
OOSB,One One S&P 500 and Bitcoin ETF,NASDAQ,Y
OOSP,Obra Opportunistic Structured Products ETF,P,Y
OPAD,Offerpad Solutions Inc. Class A Common Stock,N,N
OPAL,OPAL Fuels Inc. - Class A Common Stock,NASDAQ,N
OPBK,OP Bancorp - Common Stock,NASDAQ,N
OPCH,"Option Care Health, Inc. - Common Stock",NASDAQ,N
OPEG,Leverage Shares 2X Long OPEN Daily ETF,NASDAQ,Y
OPEN,Opendoor Technologies Inc  - Common Stock,NASDAQ,N
OPENL,"Opendoor Technologies Inc  - Series A Warrants, each whole warrant exercisable to purchase one share of Common Stock at an exercise price of $13.00 per warrant",NASDAQ,N
OPENW,"Opendoor Technologies Inc  - Series K Warrants, each whole warrant exercisable to purchase one share of Common Stock at an exercise price of $9.00 per warrant",NASDAQ,N
OPENZ,"Opendoor Technologies Inc  - Series Z Warrants, each whole warrant exercisable to purchase one share of Common Stock at an exercise price of $17.00 per warrant",NASDAQ,N
OPER,ETF ClearShares Ultra-Short Maturity ETF,P,Y
OPEX,Tradr 2X Long OPEN Daily ETF,Z,Y
OPFI,OppFi Inc. Class A Common Stock,N,N
OPFI.W,OppFi Inc. Warrants,N,N
OPHC,"OptimumBank Holdings, Inc. Common Stock",A,N
OPK,"Opko Health, Inc. - Common Stock",NASDAQ,N
OPLN,"OPENLANE, Inc. Common Stock",N,N
OPP,"RiverNorth/DoubleLine Strategic Opportunity Fund, Inc. Common Stock",N,N
OPP$A,"RiverNorth/DoubleLine Strategic Opportunity Fund, Inc. 4.375% Series A Cumulative Preferred Stock",N,N
OPP$B,"RiverNorth/DoubleLine Strategic Opportunity Fund, Inc. 4.75% Series B Cumulative Preferred Stock",N,N
OPP$C,"RiverNorth/DoubleLine Strategic Opportunity Fund, Inc. 6.00% Series C Term Preferred Stock (Liquidation Preference $10.00 per share)",A,N
OPPE,WisdomTree European Opportunities Fund,P,Y
OPPJ,WisdomTree Japan Opportunities Fund,NASDAQ,Y
OPRA,Opera Limited - American Depositary Shares,NASDAQ,N
OPRT,Oportun Financial Corporation - common stock,NASDAQ,N
OPRX,OptimizeRx Corporation - Common Stock,NASDAQ,N
OPTT,"Ocean Power Technologies, Inc. Common Stock",A,N
OPTU,"Optimum Communications, Inc. Class A common stock",N,N
OPTX,"Syntec Optics Holdings, Inc. - Class A Common Stock",NASDAQ,N
OPTXW,"Syntec Optics Holdings, Inc. - Warrant",NASDAQ,N
OPTZ,Optimize Strategy Index ETF,NASDAQ,Y
OPXS,"Optex Systems Holdings, Inc. - Common Stock",NASDAQ,N
OPY,"Oppenheimer Holdings, Inc. Class A Common Stock (DE)",N,N
OR,OR Royalties Inc. Common Shares,N,N
ORA,"Ormat Technologies, Inc. Common Stock",N,N
ORBS,Eightco Holdings Inc. - Common Stock,NASDAQ,N
ORC,"Orchid Island Capital, Inc. Common Stock",N,N
ORCL,Oracle Corporation Common Stock,N,N
ORCS,Direxion Daily ORCL Bear 1X ETF,NASDAQ,Y
ORCU,Direxion Daily ORCL Bull 2X ETF,NASDAQ,Y
ORCX,Defiance Daily Target 2X Long ORCL ETF,NASDAQ,Y
ORGN,"Origin Materials, Inc. - Class A Common Stock",NASDAQ,N
ORGNW,"Origin Materials, Inc. - Warrant",NASDAQ,N
ORGO,Organogenesis Holdings Inc.  - Class A,NASDAQ,N
ORI,Old Republic International Corporation Common Stock,N,N
ORIC,"Oric Pharmaceuticals, Inc. - Common Stock",NASDAQ,N
ORIO,Orion Digital Corp. - Common Shares,NASDAQ,N
ORIQ,Origin Investment Corp I - Ordinary Shares,NASDAQ,N
ORIQU,Origin Investment Corp I - Units,NASDAQ,N
ORIQW,Origin Investment Corp I - Redeemable Warrant,NASDAQ,N
ORIS,Oriental Rise Holdings Limited - Ordinary Shares,NASDAQ,N
ORKA,"Oruka Therapeutics, Inc. - Common Stock",NASDAQ,N
ORKT,Orangekloud Technology Inc. - Class A Ordinary Shares,NASDAQ,N
ORLA,Orla Mining Ltd. Common Shares,A,N
ORLY,"O'Reilly Automotive, Inc. - Common Stock",NASDAQ,N
ORMP,Oramed Pharmaceuticals Inc. - Common Stock,NASDAQ,N
ORN,"Orion Group Holdings, Inc. Common",N,N
ORO,Arrow Valtoro ETF,Z,Y
ORR,Militia Long/Short Equity ETF,NASDAQ,Y
ORRF,"Orrstown Financial Services, Inc. - Common Stock",NASDAQ,N
OS,"OneStream, Inc. - Class A Common Stock",NASDAQ,N
OSBC,"Old Second Bancorp, Inc. - Common Stock",NASDAQ,N
OSCG,Leverage Shares 2X Long OSCR Daily ETF,NASDAQ,Y
OSCR,"Oscar Health, Inc. Class A Common Stock",N,N
OSCV,Opus Small Cap Value ETF,Z,Y
OSCX,Defiance Daily Target 2x Long OSCR ETF,NASDAQ,Y
OSEA,Harbor International Compounders ETF,P,Y
OSG,"Octave Specialty Group, Inc. Common Stock",N,N
OSIS,"OSI Systems, Inc. - Common Stock",NASDAQ,N
OSK,Oshkosh Corporation (Holding Company)Common Stock,N,N
OSPN,OneSpan Inc. - Common Stock,NASDAQ,N
OSRH,"OSR Holdings, Inc. - Common Stock",NASDAQ,N
OSRHW,"OSR Holdings, Inc. - Warrant",NASDAQ,N
OSS,"One Stop Systems, Inc. - Common Stock",NASDAQ,N
OST,"Ostin Technology Group Co., Ltd. - Class A Ordinary Shares",NASDAQ,N
OSTX,OS Therapies Incorporated Common Stock,A,N
OSUR,"OraSure Technologies, Inc. - Common Stock",NASDAQ,N
OSW,OneSpaWorld Holdings Limited - Common Shares,NASDAQ,N
OTEX,Open Text Corporation - Common Shares,NASDAQ,N
OTF,Blue Owl Technology Finance Corp. Common Stock,N,N
OTGA,OTG Acquisition Corp. I - Class A Ordinary Share,NASDAQ,N
OTGAU,OTG Acquisition Corp. I - Unit,NASDAQ,N
OTGAW,OTG Acquisition Corp. I - Warrants,NASDAQ,N
OTGL,OTG Latin America ETF,NASDAQ,Y
OTH,Off The Hook YS Inc. Common Stock,A,N
OTIS,Otis Worldwide Corporation Common Stock,N,N
OTLK,"Outlook Therapeutics, Inc. - Common Stock",NASDAQ,N
OTLY,Oatly Group AB - American Depositary Shares,NASDAQ,N
OTTR,Otter Tail Corporation - Common Stock,NASDAQ,N
OUNZ,VanEck Merk Gold ETF,P,Y
OUSA,ALPS O'Shares U.S. Quality Dividend ETF,P,Y
OUSM,ALPS O'Shares U.S. Small-Cap Quality Dividend ETF,P,Y
OUST,"Ouster, Inc. - Common Stock",NASDAQ,N
OUSTZ,"Ouster, Inc. - Warrants",NASDAQ,N
OUT,OUTFRONT Media Inc. Common Stock,N,N
OVB,Overlay Shares Core Bond ETF,Z,Y
OVBC,Ohio Valley Banc Corp. - Common Stock,NASDAQ,N
OVF,Overlay Shares Foreign Equity ETF,Z,Y
OVID,Ovid Therapeutics Inc. - Common Stock,NASDAQ,N
OVL,Overlay Shares Large Cap Equity ETF,Z,Y
OVLH,Overlay Shares Hedged Large Cap Equity ETF,Z,Y
OVLY,Oak Valley Bancorp (CA) - Common Stock,NASDAQ,N
OVM,Overlay Shares Municipal Bond ETF,Z,Y
OVS,Overlay Shares Small Cap Equity ETF,Z,Y
OVT,Overlay Shares Short Term Bond ETF,Z,Y
OVV,Ovintiv Inc. (DE),N,N
OWL,Blue Owl Capital Inc. Class A Common Stock,N,N
OWLS,OBOOK Holdings Inc. - Class A Common Shares,NASDAQ,N
OWLT,"Owlet, Inc. Class A Common Stock",N,N
OWNB,Bitwise Bitcoin Standard Corporations ETF,P,Y
OWNS,Quaker Investment Trust CCM Affordable Housing MBS ETF,P,Y
OXBR,Oxbridge Re Holdings Limited - Ordinary Shares,NASDAQ,N
OXBRW,Oxbridge Re Holdings Limited - Warrant,NASDAQ,N
OXLC,Oxford Lane Capital Corp. - Closed End Fund,NASDAQ,N
OXLCG,Oxford Lane Capital Corp. - 7.95% Notes due 2032,NASDAQ,N
OXLCI,Oxford Lane Capital Corp. - 8.75% Notes due 2030,NASDAQ,N
OXLCL,Oxford Lane Capital Corp. - 6.75% Notes due 2031,NASDAQ,N
OXLCN,Oxford Lane Capital Corp. - 7.125% Series 2029 Term Preferred Stock,NASDAQ,N
OXLCO,"Oxford Lane Capital Corp. - Preferred Stock Shares, 6.00% Series 2029",NASDAQ,N
OXLCP,Oxford Lane Capital Corp. - 6.25% Series 2027 Term Preferred Shares,NASDAQ,N
OXLCZ,Oxford Lane Capital Corp. - 5.00% Notes due 2027,NASDAQ,N
OXM,"Oxford Industries, Inc. Common Stock",N,N
OXSQ,Oxford Square Capital Corp. - Closed End Fund,NASDAQ,N
OXSQG,Oxford Square Capital Corp. - 5.50% Notes due 2028,NASDAQ,N
OXSQH,Oxford Square Capital Corp. - 7.75% Notes due 2030,NASDAQ,N
OXY,Occidental Petroleum Corporation Common Stock,N,N
OXY.W,Occidental Petroleum Corporation Warrants,N,N
OYSE,Oyster Enterprises II Acquisition Corp - Class A Ordinary Shares,NASDAQ,N
OYSER,Oyster Enterprises II Acquisition Corp - Rights,NASDAQ,N
OYSEU,Oyster Enterprises II Acquisition Corp - Units,NASDAQ,N
OZ,"Belpointe PREP, LLC Class A Units",A,N
OZEM,Roundhill GLP-1 & Weight Loss ETF,NASDAQ,Y
OZK,Bank OZK - Common Stock,NASDAQ,N
OZKAP,Bank OZK - 4.625% Series A Non-Cumulative Perpetual Preferred Stock,NASDAQ,N
PAA,"Plains All American Pipeline, L.P. - Common Units representing Limited Partner Interests",NASDAQ,N
PAAA,PGIM AAA CLO ETF,P,Y
PAAS,Pan American Silver Corp. Common Stock,N,N
PAB,PGIM Active Aggregate Bond ETF,P,Y
PABD,iShares Paris-Aligned Climate Optimized MSCI World ex USA ETF,NASDAQ,Y
PABU,iShares Paris-Aligned Climate Optimized MSCI USA ETF,NASDAQ,Y
PAC,"Grupo Aeroportuario Del Pacifico, S.A. B. de C.V. Grupo Aeroportuario Del Pacifico, S.A. de C.V. (each representing 10 Series B shares)",N,N
PACB,"Pacific Biosciences of California, Inc. - Common Stock",NASDAQ,N
PACH,Pioneer Acquisition I Corp - Class A Ordinary Shares,NASDAQ,N
PACHU,Pioneer Acquisition I Corp - Units,NASDAQ,N
PACHW,Pioneer Acquisition I Corp - Warrants,NASDAQ,N
PACK,Ranpak Holdings Corp Class A Common Stock,N,N
PACS,"PACS Group, Inc. Common Stock",N,N
PAG,"Penske Automotive Group, Inc. Common Stock",N,N
PAGP,"Plains GP Holdings, L.P. - Class A Shares representing limited partner interests",NASDAQ,N
PAGS,PagSeguro Digital Ltd. Class A Common Shares,N,N
PAHC,Phibro Animal Health Corporation - Class A Common Stock,NASDAQ,N
PAI,Western Asset Investment Grade Income Fund Inc.,N,N
PAII,Pyrophyte Acquisition Corp. II Class A Ordinary Shares,N,N
PAII.U,"Pyrophyte Acquisition Corp. II Units, each consisting of one Class A ordinary share and one-half of one redeemable warrant",N,N
PAII.W,"Pyrophyte Acquisition Corp. II Warrants, each whole warrant exercisable for one Class A Ordinary Share at an exercise price of $11.50 per share",N,N
PAL,"Proficient Auto Logistics, Inc. - Common Stock",NASDAQ,N
PALC,Pacer Lunt Large Cap Multi-Factor Alternator ETF,P,Y
PALD,Direxion Daily PANW Bear 1X Shares,NASDAQ,Y
PALI,"Palisade Bio, Inc. - Common Stock",NASDAQ,N
PALL,abrdn Physical Palladium Shares ETF,P,Y
PALU,Direxion Daily PANW Bull 2X Shares,NASDAQ,Y
PAM,Pampa Energia S.A.,N,N
PAMC,Pacer Lunt MidCap Multi-Factor Alternator ETF,P,Y
PAMT,PAMT CORP - Common Stock,NASDAQ,N
PANG,Leverage Shares 2X Long PANW Daily ETF,NASDAQ,Y
PANL,Pangaea Logistics Solutions Ltd. - Common Stock,NASDAQ,N
PANW,"Palo Alto Networks, Inc. - Common Stock",NASDAQ,N
PAPI,Parametric Equity Premium Income ETF,P,Y
PAPL,Pineapple Financial Inc. Common Stock,A,N
PAPR,Innovator U.S. Equity Power Buffer ETF - April,Z,Y
PAR,PAR Technology Corporation Common Stock,N,N
PARK,"Park Dental Partners, Inc. - Common Stock",NASDAQ,N
PARR,"Par Pacific Holdings, Inc.  Common Stock",N,N
PASG,"Passage Bio, Inc. - Common Stock",NASDAQ,N
PASW,"Ping An Biomedical Co., Ltd. - Ordinary Shares",NASDAQ,N
PATH,"UiPath, Inc. Class A Common Stock",N,N
PATK,"Patrick Industries, Inc. - Common Stock",NASDAQ,N
PATN,Pacer Nasdaq International Patent Leaders ETF,NASDAQ,Y
PAUG,Innovator U.S. Equity Power Buffer ETF - August,Z,Y
PAVE,Global X U.S. Infrastructure Development ETF,Z,Y
PAVM,PAVmed Inc. - Common Stock,NASDAQ,N
PAVS,Paranovus Entertainment Technology Ltd. - Class A Ordinary Shares,NASDAQ,N
PAWZ,ProShares Pet Care ETF,Z,Y
PAX,Patria Investments Limited - Class A Common Shares,NASDAQ,N
PAXS,PIMCO Access Income Fund Common Shares of Beneficial Interest,N,N
PAY,"Paymentus Holdings, Inc. Class A Common Stock",N,N
PAYC,"Paycom Software, Inc. Common Stock",N,N
PAYH,TrueShares S&P Autocallable High Income ETF,Z,Y
PAYM,TrueShares S&P Autocallable Defensive Income ETF,Z,Y
PAYO,Payoneer Global Inc. - Common Stock,NASDAQ,N
PAYR,Federated Hermes Enhanced Income ETF,Z,Y
PAYS,"Paysign, Inc. - Common Stock",NASDAQ,N
PAYX,"Paychex, Inc. - Common Stock",NASDAQ,N
PB,"Prosperity Bancshares, Inc. Common Stock",N,N
PBA,Pembina Pipeline Corp. Ordinary Shares (Canada),N,N
PBAP,PGIM S&P 500 Buffer 20 ETF - April,Z,Y
PBAU,PGIM S&P 500 Buffer 20 ETF - August,Z,Y
PBD,Invesco Global Clean Energy ETF,P,Y
PBDC,Putnam BDC Income ETF,P,Y
PBDE,PGIM S&P 500 Buffer 20 ETF - December,Z,Y
PBE,Invesco Biotechnology & Genome ETF,P,Y
PBEU,Portfolio Building Block European Banks Index ETF,NASDAQ,Y
PBF,PBF Energy Inc. Class A Common Stock,N,N
PBFB,PGIM S&P 500 Buffer 20 ETF - February,Z,Y
PBFR,PGIM Laddered S&P 500 Buffer 20 ETF,Z,Y
PBFS,"Pioneer Bancorp, Inc. - Common Stock",NASDAQ,N
PBH,Prestige Consumer Healthcare Inc. Common Stock,N,N
PBHC,"Pathfinder Bancorp, Inc. - Common Stock",NASDAQ,N
PBI,Pitney Bowes Inc. Common Stock,N,N
PBI$B,Pitney Bowes Inc 6.70% Notes Due 2043,N,N
PBJ,Invesco Food & Beverage ETF,P,Y
PBJA,PGIM S&P 500 Buffer 20 ETF - January,Z,Y
PBJL,PGIM S&P 500 Buffer 20 ETF - July,Z,Y
PBJN,PGIM S&P 500 Buffer 20 ETF - June,Z,Y
PBL,PGIM Portfolio Ballast ETF,Z,Y
PBM,Psyence Biomedical Ltd. - Ordinary Shares,NASDAQ,N
PBMR,PGIM S&P 500 Buffer 20 ETF - March,Z,Y
PBMWW,Psyence Biomedical Ltd. - Warrant,NASDAQ,N
PBMY,PGIM S&P 500 Buffer 20 ETF - May,Z,Y
PBNV,PGIM S&P 500 Buffer 20 ETF - November,Z,Y
PBOC,PGIM S&P 500 Buffer 20 ETF - October,Z,Y
PBOG,Portfolio Building Block Integrated Oil and Gas and Exploration and Production Index ETF,NASDAQ,Y
PBOT,Pictet AI & Automation ETF,P,Y
PBP,Invesco S&P 500 BuyWrite ETF,Z,Y
PBPH,Portfolio Building Block World Pharma and Biotech Index ETF,NASDAQ,Y
PBQQ,PGIM Laddered Nasdaq-100 Buffer 12 ETF,NASDAQ,Y
PBR,Petroleo Brasileiro S.A. Petrobras ADS,N,N
PBR.A,Petroleo Brasileiro S.A. Petrobras American Depositary Shares representing Preferred Shares,N,N
PBRG,Leverage Shares 2X Long PBR Daily ETF,NASDAQ,Y
PBSE,PGIM S&P 500 Buffer 20 ETF - September,Z,Y
PBT,Permian Basin Royalty Trust Common Stock,N,N
PBTP,Invesco 0-5 Yr US TIPS ETF,Z,Y
PBUS,Invesco MSCI USA ETF,Z,Y
PBW,Invesco WilderHill Clean Energy ETF,P,Y
PBYI,Puma Biotechnology Inc - Common Stock,NASDAQ,N
PC,Premium Catering (Holdings) Limited - Ordinary Shares,NASDAQ,N
PCAP,ProCap Acquisition Corp - Class A Ordinary Shares,NASDAQ,N
PCAPU,ProCap Acquisition Corp - Unit,NASDAQ,N
PCAPW,ProCap Acquisition Corp - Warrant,NASDAQ,N
PCAR,PACCAR Inc. - Common Stock,NASDAQ,N
PCB,PCB Bancorp - Common Stock,NASDAQ,N
PCCE,Polen Capital China Growth ETF,P,Y
PCEF,Invesco CEF Income Composite ETF,P,Y
PCEM,Polen Capital Emerging Markets ex China Growth ETF,P,Y
PCF,High Income Securities Fund Common Stock,N,N
PCFI,Polen Floating Rate Income ETF,P,Y
PCG,Pacific Gas & Electric Co. Common Stock,N,N
PCG$A,Pacific Gas & Electric Co. 6% Preferred Stock,A,N
PCG$B,Pacific Gas & Electric Co. 5 1/2% Preferred Stock,A,N
PCG$C,Pacific Gas & Electric Co. 5% 1st Preferred Stock,A,N
PCG$D,Pacific Gas & Electric Co. 5% 1st  Red. Preferred Stock,A,N
PCG$E,Pacific Gas & Electric Co. 5% 1st A Preferred Stock,A,N
PCG$G,Pacific Gas & Electric Co. 4.80% 1st Preferred Stock,A,N
PCG$H,Pacific Gas & Electric Co. 4.50% 1st Preferred Stock,A,N
PCG$I,Pacific Gas & Electric Co. 4.36% 1st Preferred Stock,A,N
PCG$X,PG&E Corp 6.000% Series A Mandatory Convertible Preferred Stock,N,N
PCGG,Polen Capital Global Growth ETF,P,Y
PCH,PotlatchDeltic Corporation - Common Stock,NASDAQ,N
PCHI,Polen High Income ETF,P,Y
PCI,PGIM Corporate Bond 5-10 Year ETF,Z,Y
PCIG,Polen Capital International Growth ETF,P,Y
PCL,PGIM Corporate Bond 10+ Year ETF,Z,Y
PCLA,PicoCELA Inc. - American Depositary Shares,NASDAQ,N
PCLG,Polen Focus Growth ETF,P,Y
PCLN,Pictet Cleaner Planet ETF,P,Y
PCLO,VIRTUS SEIX AAA Private Credit CLO ETF,P,Y
PCM,"PCM Fund, Inc. Common Stock",N,N
PCMM,BondBloxx Private Credit CLO ETF,NASDAQ,Y
PCN,Pimco Corporate & Income Strategy Fund Common Stock,N,N
PCOR,"Procore Technologies, Inc. Common Stock",N,N
PCQ,PIMCO California Municipal Income Fund Common Stock,N,N
PCR,Simplify VettaFi Private Credit Strategy ETF,P,Y
PCRB,Putnam ESG Core Bond ETF,P,Y
PCRX,"Pacira BioSciences, Inc. - Common Stock",NASDAQ,N
PCS,PGIM Corporate Bond 0-5 Year ETF,Z,Y
PCSA,"Processa Pharmaceuticals, Inc. - Common Stock",NASDAQ,N
PCSC,Perceptive Capital Solutions Corp - Class A Ordinary Shares,NASDAQ,N
PCT,"PureCycle Technologies, Inc. - Common stock",NASDAQ,N
PCTTU,"PureCycle Technologies, Inc. - Unit",NASDAQ,N
PCTTW,"PureCycle Technologies, Inc. - Warrant",NASDAQ,N
PCTY,Paylocity Holding Corporation - Common Stock,NASDAQ,N
PCVX,"Vaxcyte, Inc. - Common Stock",NASDAQ,N
PCY,Invesco Emerging Markets Sovereign Debt ETF,P,Y
PCYO,Pure Cycle Corporation - Common Stock,NASDAQ,N
PD,"PagerDuty, Inc. Common Stock",N,N
PDBA,Invesco Agriculture Commodity Strategy No K-1 ETF,NASDAQ,Y
PDBC,Invesco Optimum Yield Diversified Commodity Strategy No K-1 ETF,NASDAQ,Y
PDCC,Pearl Diver Credit Company Inc. Common Stock,N,N
PDD,PDD Holdings Inc. - American Depositary Shares,NASDAQ,N
PDDL,GraniteShares 2x Long PDD Daily ETF,NASDAQ,Y
PDEC,Innovator U.S. Equity Power Buffer ETF - December,Z,Y
PDEX,"Pro-Dex, Inc. - Common Stock",NASDAQ,N
PDFS,"PDF Solutions, Inc. - Common Stock",NASDAQ,N
PDI,PIMCO Dynamic Income Fund Common Stock,N,N
PDLB,"Ponce Financial Group, Inc. - Common Stock",NASDAQ,N
PDM,"Piedmont Realty Trust, Inc. Class A Common Stock",N,N
PDN,Invesco RAFI Developed Markets ex-U.S. Small-Mid ETF,P,Y
PDO,PIMCO Dynamic Income Opportunities Fund Common Shares of Beneficial Interest,N,N
PDP,Invesco Dorsey Wright Momentum ETF,NASDAQ,Y
PDPA,Pearl Diver Credit Company Inc. 8.00% Series A Preferred Stock Due 2029,N,N
PDS,Precision Drilling Corporation Common Stock,N,N
PDSB,PDS Biotechnology Corporation - Common Stock,NASDAQ,N
PDT,John Hancock Premium Dividend Fund,N,N
PDX,PIMCO Dynamic Income Strategy Fund Common Shares of Beneficial Interest,N,N
PDYN,Palladyne AI Corp. - Common stock,NASDAQ,N
PDYNW,Palladyne AI Corp. - Warrant,NASDAQ,N
PEB,Pebblebrook Hotel Trust Common Shares of Beneficial Interest,N,N
PEB$E,Pebblebrook Hotel Trust 6.375% Series E Cumulative Redeemable Preferred Shares of Beneficial Interest,N,N
PEB$F,Pebblebrook Hotel Trust 6.3% Series F Cumulative Redeemable Preferred Shares of Beneficial Interest,N,N
PEB$G,Pebblebrook Hotel Trust 6.375% Series G Cumulative Redeemable Preferred Shares of Beneficial Interest,N,N
PEB$H,Pebblebrook Hotel Trust 5.700% Series H Cumulative Redeemable Preferred Shares of Beneficial Interest,N,N
PEBK,"Peoples Bancorp of North Carolina, Inc. - Common Stock",NASDAQ,N
PEBO,Peoples Bancorp Inc. - Common Stock,NASDAQ,N
PECO,"Phillips Edison & Company, Inc. - Common Stock",NASDAQ,N
PED,Pedevco Corp. Common Stock,A,N
PEG,Public Service Enterprise Group Incorporated Common Stock,N,N
PEGA,Pegasystems Inc. - Common Stock,NASDAQ,N
PEJ,Invesco Leisure and Entertainment ETF,P,Y
PELI,Pelican Acquisition Corporation - Ordinary Shares,NASDAQ,N
PELIR,Pelican Acquisition Corporation - Right,NASDAQ,N
PELIU,Pelican Acquisition Corporation - Unit,NASDAQ,N
PEMX,Putnam Emerging Markets ex-China ETF,P,Y
PEN,"Penumbra, Inc. Common Stock",N,N
PENG,"Penguin Solutions, Inc. - Common Stock",NASDAQ,N
PENN,"PENN Entertainment, Inc. - Common Stock",NASDAQ,N
PEO,"Adams Natural Resources Fund, Inc. Common Stock",N,N
PEP,"PepsiCo, Inc. - Common Stock",NASDAQ,N
PEPG,PepGen Inc. - Common Stock,NASDAQ,N
PEPS,Parametric Equity Plus ETF,NASDAQ,Y
PERF,Perfect Corp. Class A Ordinary Share,N,N
PERF.W,"Perfect Corp. Warrants, each exercisable for one Class A Ordinary Share at a price of $11.50 per share",N,N
PERI,Perion Network Ltd - Ordinary Shares,NASDAQ,N
PESI,"Perma-Fix Environmental Services, Inc. - Common Stock",NASDAQ,N
PETS,"PetMed Express, Inc. - Common Stock",NASDAQ,N
PETZ,"TDH Holdings, Inc. - Common Shares",NASDAQ,N
PEVC,Pacer PE/VC ETF,P,Y
PEW,GrabAGun Digital Holdings Inc. Common Stock,N,N
PEW.W,"GrabAGun Digital Holdings Inc. Warrants, each whole warrant exercisable to purchase one share of Common Stock at an exercise price of $11.50 per share",N,N
PEX,ProShares Global Listed Private Equity ETF,Z,Y
PEXL,Pacer US Export Leaders ETF,P,Y
PEY,Invesco High Yield Equity Dividend Achievers ETF,NASDAQ,Y
PEZ,Invesco Dorsey Wright Consumer Cyclicals Momentum ETF,NASDAQ,Y
PFAI,Pinnacle Food Group Limited - Class A Common Shares,NASDAQ,N
PFBC,Preferred Bank - Common Stock,NASDAQ,N
PFD,Flaherty & Crumrine Preferred and Income Fund Incorporated,N,N
PFDE,Pathfinder Disciplined US Equity ETF,NASDAQ,Y
PFE,"Pfizer, Inc. Common Stock",N,N
PFEB,Innovator U.S. Equity Power Buffer ETF - February,Z,Y
PFF,iShares Preferred and Income Securities ETF,NASDAQ,Y
PFFA,Virtus InfraCap U.S. Preferred Stock ETF,P,Y
PFFD,Global X U.S. Preferred ETF,P,Y
PFFL,"ETRACS 2xMonthly Pay Leveraged Preferred Stock Index ETN due September 25, 2048",P,N
PFFR,InfraCap REIT Preferred ETF,P,Y
PFFV,Global X Variable Rate Preferred ETF,P,Y
PFG,Principal Financial Group Inc - Common Stock,NASDAQ,N
PFGC,Performance Food Group Company Common Stock,N,N
PFH,"Prudential Financial, Inc. 4.125% Junior Subordinated Notes due 2060",N,N
PFI,Invesco Dorsey Wright Financial Momentum ETF,NASDAQ,Y
PFIG,Invesco Fundamental Investment Grade Corporate Bond  ETF,P,Y
PFIS,Peoples Financial Services Corp.  - Common Stock,NASDAQ,N
PFIX,Simplify Interest Rate Hedge ETF,P,Y
PFL,PIMCO Income Strategy Fund Shares of Beneficial Interest,N,N
PFLD,AAM Low Duration Preferred and Income Securities ETF,P,Y
PFLT,PennantPark Floating Rate Capital Ltd. Common Stock,N,N
PFM,Invesco Dividend Achievers ETF,NASDAQ,Y
PFN,PIMCO Income Strategy Fund II,N,N
PFO,Flaherty & Crumrine Preferred and Income Opportunity Fund Incorporated,N,N
PFOE,Pathfinder Focused Opportunities ETF,NASDAQ,Y
PFRL,PGIM Floating Rate Income ETF,P,Y
PFS,"Provident Financial Services, Inc Common Stock",N,N
PFSA,"Profusa, Inc. - Common Stock",NASDAQ,N
PFSI,"PennyMac Financial Services, Inc. Common Stock",N,N
PFUT,Putnam Sustainable Future ETF,P,Y
PFX,PhenixFIN Corporation  - Common Stock,NASDAQ,N
PFXF,VanEck Preferred Securities ex Financials ETF,P,Y
PFXNZ,PhenixFIN Corporation  - 5.25% Notes due 2028,NASDAQ,N
PG,Procter & Gamble Company (The) Common Stock,N,N
PGAC,Pantages Capital Acquisition Corporation - Class A Ordinary Shares,NASDAQ,N
PGACR,Pantages Capital Acquisition Corporation - Right,NASDAQ,N
PGACU,Pantages Capital Acquisition Corporation - Unit,NASDAQ,N
PGC,Peapack-Gladstone Financial Corporation - Common Stock,NASDAQ,N
PGEN,"Precigen, Inc. - Common Stock",NASDAQ,N
PGF,Invesco Financial Preferred ETF,P,Y
PGHY,Invesco Global ex-US High Yield Corporate Bond ETF,P,Y
PGJ,Invesco Golden Dragon China ETF,NASDAQ,Y
PGNY,"Progyny, Inc. - Common Stock",NASDAQ,N
PGP,Pimco Global StocksPlus & Income Fund Common Shares of Beneficial Interest,N,N
PGR,Progressive Corporation (The) Common Stock,N,N
PGRI,Putnam International Stock ETF,P,Y
PGRO,Putnam Focused Large Cap Growth ETF,P,Y
PGX,Invesco Preferred ETF,P,Y
PGY,Pagaya Technologies Ltd. - Class A Ordinary Shares,NASDAQ,N
PGYWW,Pagaya Technologies Ltd. - Warrants,NASDAQ,N
PGZ,Principal Real Estate Income Fund Common Shares of Beneficial Interest,N,N
PH,Parker-Hannifin Corporation Common Stock,N,N
PHAR,"Pharming Group N.V. - ADS, each representing 10 ordinary shares",NASDAQ,N
PHAT,"Phathom Pharmaceuticals, Inc. - Common Stock",NASDAQ,N
PHB,Invesco Fundamental High Yield Corporate Bond ETF,P,Y
PHDG,Invesco S&P 500 Downside Hedged ETF,P,Y
PHEQ,Parametric Hedged Equity ETF,P,Y
PHG,Koninklijke Philips N.V. NY Registry Shares,N,N
PHGE,BiomX Inc. COmmon Stock,A,N
PHI,PLDT Inc. Sponsored ADR,N,N
PHIN,PHINIA Inc. Common Stock,N,N
PHIO,Phio Pharmaceuticals Corp. - Common Stock,NASDAQ,N
PHK,Pimco High Income Fund,N,N
PHM,"PulteGroup, Inc. Common Stock",N,N
PHO,Invesco Water Resources ETF,NASDAQ,Y
PHOE,Phoenix Asia Holdings Limited - Ordinary Shares,NASDAQ,N
PHR,"Phreesia, Inc. Common Stock",N,N
PHUN,"Phunware, Inc. - Common Stock",NASDAQ,N
PHVS,Pharvaris N.V. - Ordinary Shares,NASDAQ,N
PHXE$,"Phoenix Energy One, LLC Series A Cumulative Redeemable Preferred Shares",A,N
PHYD,Putnam ESG High Yield ETF,P,Y
PHYL,PGIM Active High Yield Bond ETF,P,Y
PHYS,Sprott Physical Gold Trust ETV,P,Y
PI,"Impinj, Inc. - Common Stock",NASDAQ,N
PICB,Invesco International Corporate Bond ETF,P,Y
PICK,iShares MSCI Global Select Metals & Mining Producers Fund,Z,Y
PID,Invesco International Dividend Achievers ETF,NASDAQ,Y
PIE,Invesco Dorsey Wright Emerging Markets Momentum ETF,NASDAQ,Y
PIEL,Pacer International Export Leaders ETF,Z,Y
PIEQ,Principal International Equity ETF,Z,Y
PIFI,ClearShares Piton Intermediate Fixed Income ETF,P,Y
PII,Polaris Inc. Common Stock,N,N
PIII,P3 Health Partners Inc. - Class A Common Stock,NASDAQ,N
PIIIW,P3 Health Partners Inc. - Warrant,NASDAQ,N
PILL,Direxion Daily Pharmaceutical & Medical Bull 3X Shares,P,Y
PIM,Putnam Master Intermediate Income Trust Common Stock,N,N
PIN,Invesco India ETF,P,Y
PINE,"Alpine Income Property Trust, Inc. Common Stock",N,N
PINE$A,"Alpine Income Property Trust, Inc. 8.00% Series A Cumulative Redeemable Preferred Stock",N,N
PINK,Simplify Health Care ETF,P,Y
PINS,"Pinterest, Inc. Class A Common Stock",N,N
PIO,Invesco Global Water ETF,NASDAQ,Y
PIPE,Invesco SteelPath MLP & Energy Infrastructure ETF,Z,Y
PIPR,Piper Sandler Companies Common Stock,N,N
PIT,VanEck Commodity Strategy ETF,Z,Y
PIZ,Invesco Dorsey Wright Developed Markets Momentum ETF,NASDAQ,Y
PJAN,Innovator U.S. Equity Power Buffer ETF - January,Z,Y
PJBF,PGIM Jennison Better Future ETF,Z,Y
PJFG,PGIM Jennison Focused Growth ETF,P,Y
PJFM,PGIM Jennison Focused Mid-Cap ETF,Z,Y
PJFV,PGIM Jennison Focused Value ETF,P,Y
PJIO,PGIM Jennison International Opportunities ETF,P,Y
PJP,Invesco Pharmaceuticals ETF,P,Y
PJT,PJT Partners Inc. Class A Common Stock,N,N
PJUL,Innovator U.S. Equity Power Buffer ETF - July,Z,Y
PJUN,Innovator U.S. Equity Power Buffer ETF - June,Z,Y
PK,Park Hotels & Resorts Inc. Common Stock,N,N
PKB,Invesco Building & Construction ETF,P,Y
PKBK,"Parke Bancorp, Inc. - Common Stock",NASDAQ,N
PKE,Park Aerospace Corp. Common Stock,N,N
PKG,Packaging Corporation of America Common Stock,N,N
PKOH,Park-Ohio Holdings Corp. - Common Stock,NASDAQ,N
PKST,Peakstone Realty Trust Common Shares,N,N
PKW,Invesco BuyBack Achievers ETF,NASDAQ,Y
PKX,POSCO HOLDINGS INC. American Depositary Shares (Each representing 1/4th of a share of Common Stock),N,N
PL,Planet Labs PBC Class A Common Stock,N,N
PL.W,"Planet Labs PBC Redeemable warrants, each whole warrant exercisable for one share of Class A common stock, each at an exercise price of $11.50 per share",N,N
PLAB,"Photronics, Inc. - Common Stock",NASDAQ,N
PLAG,Planet Green Holdings Corp. Common Stock,A,N
PLAY,"Dave & Buster's Entertainment, Inc. - Common Stock",NASDAQ,N
PLBC,Plumas Bancorp - Common Stock,NASDAQ,N
PLBL,Polibeli Group Ltd - Class A Ordinary Shares,NASDAQ,N
PLBY,"Playboy, Inc. - Common Stock",NASDAQ,N
PLCE,"Children's Place, Inc. (The) - Common Stock",NASDAQ,N
PLD,"Prologis, Inc. Common Stock",N,N
PLDR,Putnam Sustainable Leaders ETF,P,Y
PLG,Platinum Group Metals Ltd. Ordinary Shares (Canada),A,N
PLGI,PL Growth and Income ETF,Z,Y
PLMK,Plum Acquisition Corp. IV - Class A Ordinary Shares,NASDAQ,N
PLMKU,Plum Acquisition Corp. IV - Unit,NASDAQ,N
PLMKW,Plum Acquisition Corp. IV - Warrants,NASDAQ,N
PLMR,"Palomar Holdings, Inc. - Common stock",NASDAQ,N
PLNT,"Planet Fitness, Inc. Common Stock",N,N
PLOO,Leverage Shares 2x Capped Accelerated PLTR Monthly ETF,Z,Y
PLOW,"Douglas Dynamics, Inc. Common Stock",N,N
PLPC,Preformed Line Products Company - Common Stock,NASDAQ,N
PLRX,"Pliant Therapeutics, Inc. - Common Stock",NASDAQ,N
PLRZ,Polyrizon Ltd. - Ordinary Shares,NASDAQ,N
PLSE,"Pulse Biosciences, Inc - Common Stock",NASDAQ,N
PLT,Defiance Leveraged Long Income PLTR ETF,NASDAQ,Y
PLTA,ProShares Ultra PLTR,P,Y
PLTD,Direxion Daily PLTR Bear 1X Shares,NASDAQ,Y
PLTG,Leverage Shares 2X Long PLTR Daily ETF,NASDAQ,Y
PLTI,REX PLTR Growth & Income ETF,Z,Y
PLTK,Playtika Holding Corp. - Common Stock,NASDAQ,N
PLTM,GraniteShares Platinum Shares ETF,P,Y
PLTR,Palantir Technologies Inc. - Class A Common Stock,NASDAQ,N
PLTS,Platinum Analytics Cayman Limited - Class A Ordinary Shares,NASDAQ,N
PLTU,Direxion Daily PLTR Bull 2X Shares,NASDAQ,Y
PLTW,Roundhill PLTR WeeklyPay ETF,Z,Y
PLTY,YieldMax PLTR Option Income Strategy ETF,P,Y
PLTZ,Defiance Daily Target 2x Short PLTR ETF,NASDAQ,Y
PLU,Defiance Daily Target 2x Long PL ETF,Z,Y
PLUG,"Plug Power, Inc. - Common Stock",NASDAQ,N
PLUR,Pluri Inc. - Common Stock,NASDAQ,N
PLUS,ePlus inc. - Common Stock,NASDAQ,N
PLUT,Plutus Financial Group Limited - Ordinary Shares,NASDAQ,N
PLX,"Protalix BioTherapeutics, Inc. (DE) Common Stock",A,N
PLXS,Plexus Corp. - Common Stock,NASDAQ,N
PLYM,"Plymouth Industrial REIT, Inc. Common Stock",N,N
PLYY,GraniteShares YieldBOOST PLTR ETF,NASDAQ,Y
PM,Philip Morris International Inc Common Stock,N,N
PMAP,PGIM S&P 500 Max Buffer ETF - April,Z,Y
PMAR,Innovator U.S. Equity Power Buffer ETF - March,Z,Y
PMAU,PGIM S&P 500 Max Buffer ETF - August,Z,Y
PMAX,Powell Max Limited - Class A Ordinary Shares,NASDAQ,N
PMAY,Innovator U.S. Equity Power Buffer ETF - May,Z,Y
PMBS,PIMCO Mortgage-Backed Securities Active Exchange-Traded Fund,NASDAQ,Y
PMCB,"PharmaCyte  Biotech, Inc. - Common Stock",NASDAQ,N
PMDE,PGIM S&P 500 Max Buffer ETF - December,Z,Y
PMEC,Primech Holdings Ltd. - Ordinary Shares,NASDAQ,N
PMFB,PGIM S&P 500 Max Buffer ETF - February,Z,Y
PMI,"Picard Medical, Inc. Common Stock",A,N
PMIO,PGIM Municipal Income Opportunities ETF,P,Y
PMJA,PGIM S&P 500 Max Buffer ETF - January,Z,Y
PMJL,PGIM S&P 500 Max Buffer ETF - July,Z,Y
PMJN,PGIM S&P 500 Max Buffer ETF - June,Z,Y
PML,Pimco Municipal Income Fund II Common Shares of Beneficial Interest,N,N
PMM,Putnam Managed Municipal Income Trust Common Stock,N,N
PMMF,iShares Prime Money Market ETF,P,Y
PMMR,PGIM S&P 500 Max Buffer ETF - March,Z,Y
PMMY,PGIM S&P 500 Max Buffer ETF - May,Z,Y
PMN,ProMIS Neurosciences Inc. - Common Shares,NASDAQ,N
PMNT,Perfect Moment Ltd. Common Stock,A,N
PMNV,PGIM S&P 500 Max Buffer ETF - November,Z,Y
PMO,Putnam Municipal Opportunities Trust Common Stock,N,N
PMOC,PGIM S&P 500 Max Buffer ETF - October,Z,Y
PMSE,PGIM S&P 500 Max Buffer ETF - September,Z,Y
PMT,PennyMac Mortgage Investment Trust Common Shares of Beneficial Interest,N,N
PMT$A,PennyMac Mortgage Investment Trust 8.125% Series A Fixed-to-Floating Rate Cumulative Redeemable Preferred Shares of Beneficial Interest,N,N
PMT$B,PennyMac Mortgage Investment Trust 8.00% Series B Fixed-to-Floating Rate Cumulative Redeemable Preferred Shares of Beneficial Interest,N,N
PMT$C,PennyMac Mortgage Investment Trust 6.75% Series C Cumulative Redeemable Preferred Shares of Beneficial Interest,N,N
PMTR,Perimeter Acquisition Corp. I - Class A Ordinary Shares,NASDAQ,N
PMTRU,Perimeter Acquisition Corp. I - Unit,NASDAQ,N
PMTRW,Perimeter Acquisition Corp. I - Warrant,NASDAQ,N
PMTS,CPI Card Group Inc. - Common Stock,NASDAQ,N
PMTU,PennyMac Mortgage Investment Trust 8.50% Senior Notes due 2028,N,N
PMTV,PennyMac Mortgage Investment Trust 9.00% Senior Notes due 2030,N,N
PMTW,PennyMac Mortgage Investment Trust 9.00% Senior Notes due 2030,N,N
PMVP,"PMV Pharmaceuticals, Inc. - Common Stock",NASDAQ,N
PN,Skycorp Solar Group Limited - Ordinary Shares,NASDAQ,N
PNBK,Patriot National Bancorp Inc. - Common Stock,NASDAQ,N
PNC,"PNC Financial Services Group, Inc. (The) Common Stock",N,N
PNFP,"Pinnacle Financial Partners, Inc. Common stock",N,N
PNFP$A,"Pinnacle Financial Partners, Inc. Fixed-to-Floating Rate Non-Cumulative Perpetual Preferred Stock, Series A",N,N
PNFP$B,"Pinnacle Financial Partners, Inc. Fixed-to-Floating Rate Non-Cumulative Perpetual Preferred Stock, Series B",N,N
PNFP$C,"Pinnacle Financial Partners, Inc. Fixed-to-Floating Rate Non-Cumulative Perpetual Preferred Stock, Series C",N,N
PNI,Pimco New York Municipal Income Fund II Common Shares of Beneficial Interest,N,N
PNNT,PennantPark Investment Corporation Common Stock,N,N
PNOV,Innovator U.S. Equity Power Buffer ETF - November,Z,Y
PNQI,Invesco Nasdaq Internet ETF,NASDAQ,Y
PNR,Pentair plc. Ordinary Share,N,N
PNRG,PrimeEnergy Resources Corporation - Common Stock,NASDAQ,N
PNTG,"The Pennant Group, Inc. - Common Stock",NASDAQ,N
PNW,Pinnacle West Capital Corporation Common Stock,N,N
POAS,Phaos Technology Holdings (Cayman) Limited Class A Ordinary Shares,A,N
POCI,"Precision Optics Corporation, Inc. - Common stock",NASDAQ,N
POCT,Innovator U.S. Equity Power Buffer ETF - October,Z,Y
PODC,"PodcastOne, Inc. - Common Stock",NASDAQ,N
PODD,Insulet Corporation - Common Stock,NASDAQ,N
POET,POET Technologies Inc. - Common Shares,NASDAQ,N
POLA,"Polar Power, Inc. - Common Stock",NASDAQ,N
POLE,Andretti Acquisition Corp. II - Class A Ordinary Shares,NASDAQ,N
POLEU,Andretti Acquisition Corp. II - Unit,NASDAQ,N
POLEW,Andretti Acquisition Corp. II - Warrant,NASDAQ,N
POM,POMDOCTOR LIMITED - American Depositary Shares,NASDAQ,N
PONX,Tradr 2X Long PONY Daily ETF,Z,Y
PONY,Pony AI Inc. - American Depositary Shares,NASDAQ,N
POOL,Pool Corporation - Common Stock,NASDAQ,N
POR,Portland General Electric Co Common Stock,N,N
POST,"Post Holdings, Inc. Common Stock",N,N
POW,VistaShares Electrification Supercycle ETF,P,Y
POWA,Invesco Bloomberg Pricing Power ETF,P,Y
POWI,"Power Integrations, Inc. - Common Stock",NASDAQ,N
POWL,"Powell Industries, Inc. - Common Stock",NASDAQ,N
POWR,iShares U.S. Power Infrastructure ETF,P,Y
POWW,Outdoor Holding Company - Common Stock,NASDAQ,N
POWWP,Outdoor Holding Company - 8.75% Series A Cumulative Redeemable Perpetual Preferred Stock,NASDAQ,N
PPA,Invesco Aerospace & Defense ETF,P,Y
PPBT,Purple Biotech Ltd. - American Depositary Shares,NASDAQ,N
PPC,Pilgrim's Pride Corporation - Common Stock,NASDAQ,N
PPCB,"Propanc Biopharma, Inc. - Common Stock",NASDAQ,N
PPEM,Putnam PanAgora ESG Emerging Markets Equity ETF,P,Y
PPG,"PPG Industries, Inc. Common Stock",N,N
PPH,VanEck Pharmaceutical ETF,NASDAQ,Y
PPI,Astoria Real Assets ETF,NASDAQ,Y
PPIE,Putnam PanAgora ESG International Equity ETF,P,Y
PPIH,"Perma-Pipe International Holdings, Inc. - Common Stock",NASDAQ,N
PPL,PPL Corporation Common Stock,N,N
PPLT,abrdn Physical Platinum Shares ETF,P,Y
PPSI,"Pioneer Power Solutions, Inc. - Common Stock",NASDAQ,N
PPT,Putnam Premier Income Trust Common Stock,N,N
PPTA,Perpetua Resources Corp. - Common Shares,NASDAQ,N
PPTY,U.S. Diversified Real Estate ETF,P,Y
PQAP,PGIM Nasdaq-100 Buffer 12 ETF - April,NASDAQ,Y
PQDI,Principal Spectrum Preferred and Income ETF,P,Y
PQJA,PGIM Nasdaq-100 Buffer 12 ETF - January,NASDAQ,Y
PQJL,PGIM Nasdaq-100 Buffer 12 ETF - July,NASDAQ,Y
PQNT,Pictet AI Enhanced International Equity ETF,P,Y
PQOC,PGIM Nasdaq-100 Buffer 12 ETF - October,NASDAQ,Y
PR,Permian Resources Corporation Class A Common Stock,N,N
PRA,ProAssurance Corporation Common Stock,N,N
PRAA,"PRA Group, Inc. - Common Stock",NASDAQ,N
PRAE,PlanRock Alternative Growth ETF,P,Y
PRAX,"Praxis Precision Medicines, Inc. - Common Stock",NASDAQ,N
PRAY,FIS Christian Stock Fund,P,Y
PRCH,"Porch Group, Inc. - Common Stock",NASDAQ,N
PRCS,Parnassus Core Select ETF,N,Y
PRCT,PROCEPT BioRobotics Corporation - Common Stock,NASDAQ,N
PRDO,Perdoceo Education Corporation - Common Stock,NASDAQ,N
PRE,Prenetics Global Limited - Class A Ordinary Share,NASDAQ,N
PREF,Principal Spectrum Preferred Securities Active ETF,P,Y
PRENW,Prenetics Global Limited - Warrant,NASDAQ,N
PRF,Invesco RAFI US 1000 ETF,P,Y
PRFD,PIMCO Preferred and Capital Securities Active Exchange-Traded Fund,P,Y
PRFX,PainReform Ltd. - Ordinary Shares,NASDAQ,N
PRFZ,Invesco RAFI US 1500 Small-Mid ETF,NASDAQ,Y
PRG,"PROG Holdings, Inc. Common Stock",N,N
PRGO,Perrigo Company plc Ordinary Shares,N,N
PRGS,Progress Software Corporation - Common Stock,NASDAQ,N
PRH,"Prudential Financial, Inc. 5.950% Junior Subordinated Notes due 2062",N,N
PRHI,"Presurance Holdings, Inc. - Common Stock",NASDAQ,N
PRHIZ,"Presurance Holdings, Inc. - 9.75% Senior Unsecured Notes due 2028",NASDAQ,N
PRI,"Primerica, Inc. Common Stock",N,N
PRIF$D,"Priority Income Fund, Inc. 7.00% Series D Term Preferred Stock due 2029",N,N
PRIF$J,"Priority Income Fund, Inc. 6.000% Series J Term Preferred Stock due 2028",N,N
PRIF$K,"Priority Income Fund, Inc. 7.000% Series K Cumulative Preferred Stock",N,N
PRIF$L,"Priority Income Fund, Inc. 6.375% Series L Term Preferred Stock Due 2029",N,N
PRIM,Primoris Services Corporation Common Stock,N,N
PRIV,SPDR SSGA IG Public & Private Credit ETF,P,Y
PRK,Park National Corporation Common Stock,A,N
PRKS,United Parks & Resorts Inc. Common Stock,N,N
PRLB,"Proto Labs, Inc. Common stock",N,N
PRLD,Prelude Therapeutics Incorporated - Common Stock,NASDAQ,N
PRM,"Perimeter Solutions, SA Common Stock",N,N
PRMB,Primo Brands Corporation Class A Common Stock,N,N
PRME,"Prime Medicine, Inc. - Common Stock",NASDAQ,N
PRMR,PeakShares RMR Prime Equity ETF,NASDAQ,Y
PRN,Invesco Dorsey Wright Industrials Momentum ETF,NASDAQ,Y
PRNT,3D Printing (The) ETF,Z,Y
PROF,Profound Medical Corp. - common stock,NASDAQ,N
PROK,ProKidney Corp. - Class A Ordinary Shares,NASDAQ,N
PROP,Prairie Operating Co. - Common Stock,NASDAQ,N
PROV,"Provident Financial Holdings, Inc. - Common Stock",NASDAQ,N
PRPL,"Purple Innovation, Inc. - Common Stock",NASDAQ,N
PRPO,"Precipio, Inc. - Common Stock",NASDAQ,N
PRQR,ProQR Therapeutics N.V. - Ordinary Shares,NASDAQ,N
PRS,"Prudential Financial, Inc. 5.625% Junior Subordinated Notes due 2058",N,N
PRSD,State Street Short Duration IG Public & Private Credit ETF,P,Y
PRSO,Peraso Inc. - Common Stock,NASDAQ,N
PRSU,"Pursuit Attractions and Hospitality, Inc. Common Stock",N,N
PRT,PermRock Royalty Trust Units of Beneficial Interest,N,N
PRTA,Prothena Corporation plc - Ordinary Shares,NASDAQ,N
PRTC,PureTech Health plc - American Depositary Shares,NASDAQ,N
PRTH,"Priority Technology Holdings, Inc. - Common Stock",NASDAQ,N
PRTS,"CarParts.com, Inc. - Common Stock",NASDAQ,N
PRU,"Prudential Financial, Inc. Common Stock",N,N
PRVA,"Privia Health Group, Inc. - Common Stock",NASDAQ,N
PRVS,Parnassus Value Select ETF,N,Y
PRXG,Praxis Impact Large Cap Growth ETF,P,Y
PRXV,Praxis Impact Large Cap Value ETF,P,Y
PRZO,ParaZero Technologies Ltd. - Ordinary Shares,NASDAQ,N
PSA,Public Storage Common Stock,N,N
PSA$F,"Public Storage Depositary Shares Each Representing 1/1,000 of a 5.15% Cumulative Preferred Share of Beneficial Interest, Series F, par value $0.01 per share",N,N
PSA$G,"Public Storage Depositary Shares, Each Representing 1/1,000 of a 5.05% Cumulative Preferred Share of Beneficial Interest, Series G",N,N
PSA$H,"Public Storage Depositary Shares Each Representing 1/1,000 of a  5.60% Cumulative Preferred  Share of Beneficial Interest, Series H",N,N
PSA$I,"Public Storage Depositary Shares Each Representing 1/1,000 of a 4.875% Cumulative Preferred Share of Beneficial Interest, Series I, par value $0.01 per share",N,N
PSA$J,"Public Storage Depositary Shares Each Representing 1/1,000 of a 4.700% Cumulative Preferred Share of Beneficial Interest, Series J, par value $0.01 per share",N,N
PSA$K,"Public Storage Depositary Shares Each Representing 1/1,000 of a 4.75% Cumulative Preferred Share of Beneficial Interest, Series K",N,N
PSA$L,"Public Storage Depositary Shares Each Representing 1/1,000 of a 4.625% Cumulative Preferred Share of Beneficial Interest, Series L, par value $0.01 per share",N,N
PSA$M,"Public Storage Depositary Shares Each Representing 1/1,000 of a 4.125% Cumulative Preferred Share of Beneficial Interest, Series M",N,N
PSA$N,"Public Storage Depositary Shares Each Representing 1/1,000 of a 3.875% Cumulative Preferred Share of Beneficial Interest, Series N",N,N
PSA$O,"Public Storage Depositary Shares Each Representing 1/1,000 of a 3.900% Cumulative Preferred Share of Beneficial Interest, Series O",N,N
PSA$P,"Public Storage Depositary Shares Each Representing 1/1,000 of a 4.000% Cumulative Preferred Share of Bene cial Interest, Series P",N,N
PSA$Q,"Public Storage Depositary Shares Each Representing 1/1,000 of a 3.950% Cumulative Preferred Share of Beneficial Interest, Series Q, par value $0.01 per share",N,N
PSA$R,"Public Storage Depositary Shares Each Representing 1/1,000 of a 4.00% Cumulative Preferred Share of Bene cial Interest, Series R",N,N
PSA$S,"Public Storage Depositary Shares Each Representing 1/1,000 of a 4.100% Cumulative Preferred Share of Beneficial Interest, Series S",N,N
PSBD,Palmer Square Capital BDC Inc. Common Stock,N,N
PSC,Principal U.S. Small-Cap ETF,NASDAQ,Y
PSCC,Invesco S&P SmallCap Consumer Staples ETF,NASDAQ,Y
PSCD,Invesco S&P SmallCap Consumer Discretionary ETF,NASDAQ,Y
PSCE,Invesco S&P SmallCap Energy ETF,NASDAQ,Y
PSCF,Invesco S&P SmallCap Financials ETF,NASDAQ,Y
PSCH,Invesco S&P SmallCap Health Care ETF,NASDAQ,Y
PSCI,Invesco S&P SmallCap Industrials ETF,NASDAQ,Y
PSCJ,Pacer Swan SOS Conservative (July) ETF,Z,Y
PSCM,Invesco S&P SmallCap Materials ETF,NASDAQ,Y
PSCQ,Pacer Swan SOS Conservative (October) ETF,Z,Y
PSCT,Invesco S&P SmallCap Information Technology ETF,NASDAQ,Y
PSCU,Invesco S&P SmallCap Utilities & Communication Services ETF,NASDAQ,Y
PSCW,Pacer Swan SOS Conservative (April) ETF,Z,Y
PSCX,Pacer Swan SOS Conservative (January) ETF,Z,Y
PSDM,PGIM Short Duration Multi-Sector Bond ETF,Z,Y
PSEC,Prospect Capital Corporation - Closed End Fund,NASDAQ,N
PSEC$A,Prospect Capital Corporation 5.35% Series A Fixed Rate Cumulative Perpetual Preferred Stock,N,N
PSEP,Innovator U.S. Equity Power Buffer ETF - September,Z,Y
PSET,Principal Quality ETF,NASDAQ,Y
PSF,"Cohen & Steers Select Preferred and Income Fund, Inc. Common Stock",N,N
PSFD,Pacer Swan SOS Flex (January) ETF,Z,Y
PSFE,Paysafe Limited Common Shares,N,N
PSFF,Pacer Swan SOS Fund of Funds ETF,Z,Y
PSFJ,Pacer Swan SOS Flex (July) ETF,Z,Y
PSFM,Pacer Swan SOS Flex (April) ETF,Z,Y
PSFO,Pacer Swan SOS Flex (October) ETF,Z,Y
PSH,PGIM Short Duration High Yield ETF,Z,Y
PSHG,Performance Shipping Inc. - Common Shares,NASDAQ,N
PSI,Invesco Semiconductors ETF,P,Y
PSIG,PS International Group Ltd. - Ordinary Shares,NASDAQ,N
PSIL,AdvisorShares Psychedelics ETF,P,Y
PSIX,"Power Solutions International, Inc. - Common Stock",NASDAQ,N
PSK,State Street SPDR ICE Preferred Securities ETF,P,Y
PSKY,Paramount Skydance Corporation - Class B Common Stock,NASDAQ,N
PSL,Invesco Dorsey Wright Consumer Staples Momentum ETF,NASDAQ,Y
PSLV,Sprott Physical Silver Trust ETV,P,Y
PSMD,Pacer Swan SOS Moderate (January) ETF,Z,Y
PSMJ,Pacer Swan SOS Moderate (July) ETF,Z,Y
PSMO,Pacer Swan SOS Moderate (October) ETF,Z,Y
PSMR,Pacer Swan SOS Moderate (April) ETF,Z,Y
PSMT,"PriceSmart, Inc. - Common Stock",NASDAQ,N
PSN,Parsons Corporation Common Stock,N,N
PSNL,"Personalis, Inc. - Common Stock",NASDAQ,N
PSNY,Polestar Automotive Holding UK Limited - Class A ADS,NASDAQ,N
PSNYW,Polestar Automotive Holding UK Limited - Class C-1 ADS (ADW),NASDAQ,N
PSO,"Pearson, Plc Common Stock",N,N
PSP,Invesco Global Listed Private Equity ETF,P,Y
PSQ,ProShares Short QQQ,P,Y
PSQA,Palmer Square CLO Senior Debt ETF,P,Y
PSQH,"PSQ Holdings, Inc. Class A Common Stock",N,N
PSQH.W,"PSQ Holdings, Inc. Warrants, each exercisable for one share of Class A common stock at an exercise price of $11.50 per share",N,N
PSQO,Palmer Square Credit Opportunities ETF,P,Y
PSR,Invesco Active U.S. Real Estate Fund,P,Y
PST,ProShares UltraShort Lehman 7-10 Year Treasury,P,Y
PSTG,"Pure Storage, Inc. Class A Common Stock",N,N
PSTL,"Postal Realty Trust, Inc. Class A Common Stock",N,N
PSTP,Innovator Power Buffer Step-Up Strategy ETF,P,Y
PSTR,PeakShares Sector Rotation ETF,NASDAQ,Y
PSTV,"PLUS THERAPEUTICS, Inc. - Common Stock",NASDAQ,N
PSWD,Xtrackers Cybersecurity Select Equity ETF,NASDAQ,Y
PSX,Phillips 66 Common Stock,N,N
PT,Pintec Technology Holdings Limited - American Depositary Shares,NASDAQ,N
PTA,Cohen & Steers Tax-Advantaged Preferred Securities and Income Fund Common Shares of Beneficial Interest,N,N
PTBD,Pacer Trendpilot US Bond ETF,P,Y
PTC,PTC Inc. - Common Stock,NASDAQ,N
PTCT,"PTC Therapeutics, Inc. - Common Stock",NASDAQ,N
PTEN,"Patterson-UTI Energy, Inc. - Common Stock",NASDAQ,N
PTEU,Pacer TrendpilotTM European Index ETF,Z,Y
PTF,Invesco Dorsey Wright Technology Momentum ETF,NASDAQ,Y
PTGX,"Protagonist Therapeutics, Inc. - Common Stock",NASDAQ,N
PTH,Invesco Dorsey Wright Healthcare Momentum ETF,NASDAQ,Y
PTHL,Pheton Holdings Ltd - Class A Ordinary Shares,NASDAQ,N
PTHS,Pelthos Therapeutics Inc. Common Stock,A,N
PTIN,Pacer Trendpilot International ETF,P,Y
PTIR,GraniteShares 2x Long PLTR Daily ETF,NASDAQ,Y
PTL,Inspire 500 ETF,P,Y
PTLC,Pacer Trendpilot US Large Cap ETF,Z,Y
PTLE,PTL LTD - Class A Ordinary Shares,NASDAQ,N
PTLO,Portillo's Inc. - Class A Common Stock,NASDAQ,N
PTMC,Pacer Trendpilot US Mid Cap ETF,Z,Y
PTN,"Palatin Technologies, Inc. Common Stock",A,N
PTNM,Pitanium Limited - Class A Ordinary Shares,NASDAQ,N
PTNQ,Pacer Trendpilot 100 ETF,NASDAQ,Y
PTON,"Peloton Interactive, Inc. - Common Stock",NASDAQ,N
PTRB,PGIM Total Return Bond ETF,P,Y
PTRN,Pattern Group Inc. - Series A Common Stock,NASDAQ,N
PTY,Pimco Corporate & Income Opportunity Fund,N,N
PUBM,"PubMatic, Inc. - Class A Common Stock",NASDAQ,N
PUI,Invesco Dorsey Wright Utilities Momentum ETF,NASDAQ,Y
PUK,Prudential Public Limited Company Common Stock,N,N
PULM,"Pulmatrix, Inc. - Common Stock",NASDAQ,N
PULS,PGIM Ultra Short Bond ETF,P,Y
PULT,Putnam ESG Ultra Short ETF,P,Y
PUMP,ProPetro Holding Corp. Common Stock,N,N
PURR,Hyperliquid Strategies Inc - Common Stock,NASDAQ,N
PUSH,PGIM Ultra Short Municipal Bond ETF,P,Y
PVAL,Putnam Focused Large Cap Value ETF,P,Y
PVEX,TrueShares ConVex Protect ETF,Z,Y
PVH,PVH Corp. Common Stock,N,N
PVI,Invesco Floating Rate Municipal Income ETF,P,Y
PVL,Permianville Royalty Trust Units of Beneficial Interest,N,N
PVLA,"Palvella Therapeutics, Inc. - Common Stock",NASDAQ,N
PW,Power REIT (MD) Common Stock,A,N
PW$A,Power REIT 7.75% Series A Cumulative Perpetual Preferred Stock,A,N
PWB,Invesco Large Cap Growth ETF,P,Y
PWER,Nomura Energy Transition ETF,P,Y
PWP,Perella Weinberg Partners - Class A Common Stock,NASDAQ,N
PWR,"Quanta Services, Inc. Common Stock",N,N
PWRD,TCW Transform Systems ETF,NASDAQ,Y
PWS,Pacer WealthShield ETF,Z,Y
PWV,Invesco Large Cap Value ETF,P,Y
PWZ,Invesco California AMT-Free Municipal Bond Portfolio,P,Y
PX,"P10, Inc. Class A Common Stock",N,N
PXE,Invesco Energy Exploration & Production ETF,P,Y
PXED,"Phoenix Education Partners, Inc. Common Stock",N,N
PXF,Invesco RAFI Developed Markets ex-U.S. ETF,P,Y
PXH,Invesco RAFI Emerging Markets ETF,P,Y
PXI,Invesco Dorsey Wright Energy Momentum ETF,NASDAQ,Y
PXIU,T-REX 2X Long UPXI Daily Target ETF,Z,Y
PXJ,Invesco Oil & Gas Services ETF,P,Y
PXLW,"Pixelworks, Inc. - Common Stock",NASDAQ,N
PXS,Pyxis Tankers Inc. - Common Stock,NASDAQ,N
PY,Principal Value ETF,NASDAQ,Y
PYLD,PIMCO Multisector Bond Active Exchange-Traded Fund,P,Y
PYPD,PolyPid Ltd. - Ordinary Shares,NASDAQ,N
PYPG,Leverage Shares 2X Long PYPL Daily ETF,NASDAQ,Y
PYPL,"PayPal Holdings, Inc. - Common Stock",NASDAQ,N
PYPY,YieldMax PYPL Option Income Strategy ETF,P,Y
PYT,PPlus Tr GSC-2 Tr Ctf Fltg Rate,N,N
PYXS,"Pyxis Oncology, Inc. - Common Stock",NASDAQ,N
PYZ,Invesco Dorsey Wright Basic Materials Momentum ETF,NASDAQ,Y
PZA,Invesco National AMT-Free Municipal Bond ETFo,P,Y
PZG,Paramount Gold Nevada Corp. Common Stock,A,N
PZT,Invesco New York AMT-Free Municipal Bond ETF,P,Y
PZZA,"Papa John's International, Inc. - Common Stock",NASDAQ,N
Q,"Qnity Electronics, Inc. Common Stock",N,N
QABA,First Trust NASDAQ ABA Community Bank Index Fund,NASDAQ,Y
QAI,NYLI Hedge Multi-Strategy Tracker ETF,P,Y
QALT,SEI DBi Multi-Strategy Alternative ETF,NASDAQ,Y
QARP,Xtrackers Russell 1000 US Quality at a Reasonable Price ETF ETF,P,Y
QAT,iShares MSCI Qatar ETF,NASDAQ,Y
QB,ProShares Nasdaq-100 Dynamic Buffer ETF,NASDAQ,Y
QBER,TrueShares Quarterly Bear Hedge ETF,Z,Y
QBF,Innovator Uncapped Bitcoin 20 Floor ETF - Quarterly,Z,Y
QBIG,Invesco Top QQQ ETF,NASDAQ,Y
QBSF,AllianzIM U.S. Equity Buffer15 ETF,Z,Y
QBTS,D-Wave Quantum Inc. Common Shares,N,N
QBTX,Tradr 2X Long QBTS Daily ETF,Z,Y
QBTZ,Defiance Daily Target 2x Short QBTS ETF,NASDAQ,Y
QBUF,Innovator Nasdaq-100 10 Buffer ETF Quarterly,NASDAQ,Y
QBUL,TrueShares Quarterly Bull Hedge ETF,Z,Y
QBY,GraniteShares YieldBoost QBTS ETF,NASDAQ,Y
QCAP,FT Vest Nasdaq-100 Conservative Buffer ETF - April,Z,Y
QCJA,FT Vest Nasdaq-100 Conservative Buffer ETF - January,Z,Y
QCJL,FT Vest Nasdaq-100 Conservative Buffer ETF - July,Z,Y
QCLN,First Trust NASDAQ Clean Edge Green Energy Index Fund,NASDAQ,Y
QCLR,Global X NASDAQ 100 Collar 95-110 ETF,NASDAQ,Y
QCLS,"Q/C Technologies, Inc. - Common Stock",NASDAQ,N
QCMD,Direxion Daily QCOM Bear 1X ETF,NASDAQ,Y
QCML,GraniteShares 2x Long QCOM Daily ETF,NASDAQ,Y
QCMU,Direxion Daily QCOM Bull 2X ETF,NASDAQ,Y
QCOC,FT Vest Nasdaq-100 Conservative Buffer ETF - October,Z,Y
QCOM,QUALCOMM Incorporated - Common Stock,NASDAQ,N
QCRH,"QCR Holdings, Inc. - Common Stock",NASDAQ,N
QDEC,FT Vest Nasdaq-100 Buffer ETF - December,Z,Y
QDEF,FlexShares Quality Dividend Defensive Index Fund,P,Y
QDEL,QuidelOrtho Corporation - Common Stock,NASDAQ,N
QDF,FlexShares Quality Dividend Index Fund,P,Y
QDIV,Global X S&P 500 Quality Dividend ETF,P,Y
QDPL,Pacer Metaurus US Large Cap Dividend Multiplier 400 ETF,P,Y
QDTE,Roundhill Innovation-100 0DTE Covered Call Strategy ETF,Z,Y
QDTY,YieldMax Nasdaq 100 0DTE Covered Call Strategy ETF,NASDAQ,Y
QDVO,Amplify CWP Growth & Income ETF,P,Y
QEFA,SPDR MSCI EAFE StrategicFactors ETF,P,Y
QEMM,SPDR MSCI Emerging Markets StrategicFactors ETF,P,Y
QETA,Quetta Acquisition Corporation - Common Stock,NASDAQ,N
QETAR,Quetta Acquisition Corporation - Right,NASDAQ,N
QETAU,Quetta Acquisition Corporation - Unit,NASDAQ,N
QETH,Invesco Galaxy Ethereum ETF,Z,Y
QFIN,"Qfin Holdings, Inc.  - American Depositary Shares",NASDAQ,N
QFLR,Innovator Nasdaq-100 Managed Floor ETF,P,Y
QGEN,Qiagen N.V. Common Shares,N,N
QGRD,Horizon Nasdaq-100 Defined Risk ETF,NASDAQ,Y
QGRO,American Century U.S. Quality Growth ETF,P,Y
QGRW,WisdomTree U.S. Quality Growth Fund,P,Y
QH,Quhuo Limited - American Depository Shares,NASDAQ,N
QHDG,Innovator Hedged Nasdaq-100 ETF,NASDAQ,Y
QHY,WisdomTree U.S. High Yield Corporate Bond Fund,Z,Y
QID,ProShares UltraShort QQQ,P,Y
QIDX,Indexperts Quality Earnings Focused ETF,P,Y
QIG,WisdomTree U.S. Corporate Bond Fund,Z,Y
QINT,American Century Quality Diversified International ETF,P,Y
QIPT,Quipt Home Medical Corp. - Common Shares,NASDAQ,N
QIS,Simplify Multi-QIS Alternative ETF,P,Y
QJUN,FT Vest Nasdaq-100 Buffer ETF - June,Z,Y
QLC,FlexShares US Quality Large Cap Index Fund,Z,Y
QLD,ProShares Ultra QQQ,P,Y
QLDY,Defiance Nasdaq 100 LightningSpread Income ETF,NASDAQ,Y
QLTA,iShares Aaa A Rated Corporate Bond ETF,P,Y
QLTI,GMO International Quality ETF,P,Y
QLTY,GMO U.S. Quality ETF,P,Y
QLV,FlexShares US Quality Low Volatility Index Fund,P,Y
QLVD,FlexShares Developed Markets ex-US Quality Low Volatility Index Fund,P,Y
QLVE,FlexShares Emerging Markets  Quality Low Volatility Index Fund,P,Y
QLYS,"Qualys, Inc. - Common Stock",NASDAQ,N
QMAG,FT Vest Nasdaq-100 Moderate Buffer ETF - August,Z,Y
QMAR,FT Vest Nasdaq-100 Buffer ETF - March,Z,Y
QMCO,Quantum Corporation - Common Stock,NASDAQ,N
QMFE,FT Vest Nasdaq-100 Moderate Buffer ETF - February,Z,Y
QMID,WisdomTree U.S. MidCap Quality Growth Fund,NASDAQ,Y
QMMM,QMMM Holdings Limited - Class A Ordinary Shares,NASDAQ,N
QMMY,FT Vest Nasdaq-100 Moderate Buffer ETF - May,Z,Y
QMNV,FT Vest Nasdaq-100 Moderate Buffer ETF - November,Z,Y
QMOM,Alpha Architect U.S. Quantitative Momentum ETF,NASDAQ,Y
QNCX,"Quince Therapeutics, Inc. - Common Stock",NASDAQ,N
QNRX,"Quoin Pharmaceuticals, Ltd. - American Depositary Shares",NASDAQ,N
QNST,"QuinStreet, Inc. - Common Stock",NASDAQ,N
QNTM,Quantum Biopharma Ltd. - Class B Subordinate Voting Shares,NASDAQ,N
QNXT,iShares Nasdaq-100 ex Top 30 ETF,NASDAQ,Y
QOWZ,Invesco Nasdaq Free Cash Flow Achievers ETF,NASDAQ,Y
QPUX,Defiance 2X Daily Long Pure Quantum ETF,NASDAQ,Y
QPX,AdvisorShares Q Dynamic Growth ETF,P,Y
QQA,Invesco QQQ Income Advantage ETF,NASDAQ,Y
QQDN,ProShares UltraShort QQQ Mega,NASDAQ,Y
QQEW,First Trust Nasdaq-100 Select Equal Weight ETF,NASDAQ,Y
QQH,HCM Defender 100 Index ETF,P,Y
QQHG,Invesco QQQ Hedged Advantage ETF,NASDAQ,Y
QQJG,Invesco ESG NASDAQ Next Gen 100 ETF,NASDAQ,Y
QQLV,Invesco QQQ Low Volatility ETF,NASDAQ,Y
QQMG,Invesco ESG NASDAQ 100 ETF,NASDAQ,Y
QQQ,"Invesco QQQ Trust, Series 1",NASDAQ,Y
QQQA,ProShares Nasdaq-100 Dorsey Wright Momentum ETF,NASDAQ,Y
QQQD,Direxion Daily Magnificent 7 Bear 1X Shares,P,Y
QQQE,Direxion NASDAQ-100 Equal Weighted Index Shares,NASDAQ,Y
QQQG,Pacer Nasdaq 100 Top 50 Cash Cows Growth Leaders ETF,NASDAQ,Y
QQQH,NEOS Nasdaq-100 Hedged Equity Income ETF,NASDAQ,Y
QQQI,NEOS Nasdaq 100 High Income ETF,NASDAQ,Y
QQQJ,Invesco NASDAQ Next Gen 100 ETF,NASDAQ,Y
QQQM,Invesco NASDAQ 100 ETF,NASDAQ,Y
QQQP,Tradr 2X Long Innovation 100 Quarterly ETF,NASDAQ,Y
QQQS,Invesco NASDAQ Future Gen 200 ETF,NASDAQ,Y
QQQT,Defiance Nasdaq 100 Income Target ETF,NASDAQ,Y
QQQU,Direxion Daily Magnificent 7 Bull 2X Shares,P,Y
QQQX,Nuveen NASDAQ 100 Dynamic Overwrite Fund - Closed End Fund,NASDAQ,N
QQQY,Defiance Nasdaq 100 Weekly Distribution ETF,NASDAQ,Y
QQUP,ProShares Ultra QQQ Mega,NASDAQ,Y
QQWZ,Pacer Cash COWZ 100-Nasdaq 100 Rotator ETF,NASDAQ,Y
QQXL,ProShares Ultra QQQ Top 30,NASDAQ,Y
QQXT,First Trust NASDAQ-100 Ex-Technology Sector Index Fund,NASDAQ,Y
QRFT,QRAFT AI-Enhanced U.S. Large Cap ETF,P,Y
QRHC,Quest Resource Holding Corporation - Common Stock,NASDAQ,N
QRMI,Global X NASDAQ 100 Risk Managed Income ETF,NASDAQ,Y
QRVO,"Qorvo, Inc. - Common Stock",NASDAQ,N
QS,QuantumScape Corporation - Common Stock,NASDAQ,N
QSEA,Quartzsea Acquisition Corporation - Ordinary Shares,NASDAQ,N
QSEAR,Quartzsea Acquisition Corporation - Rights,NASDAQ,N
QSEAU,Quartzsea Acquisition Corporation - Units,NASDAQ,N
QSI,Quantum-Si Incorporated - Class A Common Stock,NASDAQ,N
QSIAW,Quantum-Si Incorporated - Warrant,NASDAQ,N
QSIG,WisdomTree U.S. Short Term Corporate Bond Fund,Z,Y
QSIX,Pacer Metaurus Nasdaq 100 Dividend Multiplier 600 ETF,NASDAQ,Y
QSML,WisdomTree U.S. SmallCap Quality Growth Fund,NASDAQ,Y
QSOL,Invesco Galaxy Solana ETF,Z,Y
QSPT,FT Vest Nasdaq-100 Buffer ETF - September,Z,Y
QSR,Restaurant Brands International Inc. Common Shares,N,N
QSU,Defiance Daily Target 2X Long QS ETF,P,Y
QSX,Tradr 2X Long QS Daily ETF,Z,Y
QTAC,Q3 All-Season Tactical Advantage ETF,Z,Y
QTAP,Innovator Growth Accelerated Plus ETF - April,Z,Y
QTEC,First Trust NASDAQ-100-Technology Sector Index Fund,NASDAQ,Y
QTJA,Innovator Growth Accelerated Plus ETF - January,Z,Y
QTJL,Innovator Growth Accelerated Plus ETF - July,Z,Y
QTOC,Innovator Growth Accelerated Plus ETF - October,Z,Y
QTOP,iShares Nasdaq Top 30 Stocks ETF,NASDAQ,Y
QTPI,North Square RCIM Tax-Advantaged Preferred and Income Securities ETF,P,Y
QTR,Global X NASDAQ 100 Tail Risk ETF,NASDAQ,Y
QTRX,Quanterix Corporation - Common Stock,NASDAQ,N
QTTB,Q32 Bio Inc. - Common Stock,NASDAQ,N
QTUM,Defiance Quantum ETF,NASDAQ,Y
QTWO,"Q2 Holdings, Inc. Common Stock",N,N
QUAD,"Quad Graphics, Inc Class A Common Stock",N,N
QUAL,iShares MSCI USA Quality Factor ETF,Z,Y
QUBT,Quantum Computing Inc. - Common Stock,NASDAQ,N
QUBX,Tradr 2X Long QUBT Daily ETF,Z,Y
QUIK,QuickLogic Corporation - Common Stock,NASDAQ,N
QUIZ,Zacks Quality International ETF,P,Y
QULL,ETRACS 2x Leveraged MSCI US Quality Factor TR ETN,P,Y
QUMS,Quantumsphere Acquisition Corp. - Ordinary Shares,NASDAQ,N
QUMSR,Quantumsphere Acquisition Corp. - Rights,NASDAQ,N
QUMSU,Quantumsphere Acquisition Corp. - Units,NASDAQ,N
QURE,uniQure N.V. - Ordinary Shares,NASDAQ,N
QUS,State Street SPDR MSCI USA StrategicFactors ETF,P,Y
QUSA,VistaShares Target 15 USA Quality Income ETF,P,Y
QUVU,Hartford Quality Value ETF,Z,Y
QVAL,Alpha Architect U.S. Quantitative Value ETF,NASDAQ,Y
QVCC,"QVC, Inc. 6.250% Senior Secured Notes due 2068",N,N
QVCD,"QVC, Inc. 6.375% Senior Secured Notes due 2067",N,N
QVCGA,"QVC Group, Inc. - Series A Common Stock",NASDAQ,N
QVCGP,"QVC Group, Inc. - 8.0% Fixed Rate Cumulative Redeemable Preferred Stock",NASDAQ,N
QVML,Invesco S&P 500 QVM Multi-factor ETF,P,Y
QVMM,Invesco S&P MidCap 400 QVM Multi-factor ETF,P,Y
QVMS,Invesco S&P SmallCap 600 QVM Multi-factor ETF,P,Y
QVOY,Q3 All-Season Active Rotation ETF Q3 All-Season Active Rotation ETF,Z,Y
QWLD,SPDR MSCI World StrategicFactors ETF,P,Y
QXO,"QXO, Inc. Common Stock",N,N
QXO$B,"QXO, Inc.  Depositary Shares, each representing a 1/20th interest in a share of 5.50% Series B Mandatory Convertible Preferred Stock",N,N
QXQ,SGI Enhanced Nasdaq-100 ETF,NASDAQ,Y
QYLD,Global X NASDAQ 100 Covered Call ETF,NASDAQ,Y
QYLG,Global X Nasdaq 100 Covered Call & Growth ETF,NASDAQ,Y
R,"Ryder System, Inc. Common Stock",N,N
RA,Brookfield Real Assets Income Fund Inc. Common Stock,N,N
RAA,SMI 3Fourteen REAL Asset Allocation ETF,NASDAQ,Y
RAAA,Reckoner Yield Enhanced AAA CLO ETF,P,Y
RAAQ,Real Asset Acquisition Corp. - Class A Ordinary Share,NASDAQ,N
RAAQU,Real Asset Acquisition Corp. - Unit,NASDAQ,N
RAAQW,Real Asset Acquisition Corp. - Warrants,NASDAQ,N
RAAX,VanEck Real Assets ETF,P,Y
RAC,Rithm Acquisition Corp. Class A Ordinary Shares,N,N
RAC.U,Rithm Acquisition Corp. Units (each consists of one Class A Ordinary Share and one-third of one redeemable Warrant),N,N
RAC.W,"Rithm Acquisition Corp. Redeemable warrants, each whole warrant exercisable for one Class A ordinary share at an exercise price of $11.50",N,N
RACE,Ferrari N.V. Common Shares,N,N
RADX,Radiopharm Theranostics Limited - American Depositary Shares,NASDAQ,N
RAFE,PIMCO RAFI ESG U.S. ETF,P,Y
RAIL,"Freightcar America, Inc. - Common Stock",NASDAQ,N
RAIN,"Rain Enhancement Technologies Holdco, Inc. - Class A Common Stock",NASDAQ,N
RAINW,"Rain Enhancement Technologies Holdco, Inc. - Warrants",NASDAQ,N
RAL,Ralliant Corporation Common Stock,N,N
RAMP,"LiveRamp Holdings, Inc. Common Stock",N,N
RAND,Rand Capital Corporation - Closed End Fund,NASDAQ,N
RANG,Range Capital Acquisition Corp. - Ordinary Shares,NASDAQ,N
RANGR,Range Capital Acquisition Corp. - Rights,NASDAQ,N
RANGU,Range Capital Acquisition Corp. - Units,NASDAQ,N
RANI,"Rani Therapeutics Holdings, Inc. - Class A Common Stock",NASDAQ,N
RAPP,"Rapport Therapeutics, Inc. - Common Stock",NASDAQ,N
RAPT,"RAPT Therapeutics, Inc. - Common Stock",NASDAQ,N
RARE,Ultragenyx Pharmaceutical Inc. - Common Stock,NASDAQ,N
RAUS,RACWI US ETF,NASDAQ,Y
RAVE,"Rave Restaurant Group, Inc. - Common Stock",NASDAQ,N
RAVI,FlexShares Ultra-Short Income Fund,P,Y
RAY,Raytech Holding Limited - Ordinary Shares,NASDAQ,N
RAYA,Erayak Power Solution Group Inc. - Class A Ordinary Shares,NASDAQ,N
RAYJ,Rayliant SMDAM Japan Equity ETF,P,Y
RB,ProShares Russell 2000 Dynamic Buffer ETF,Z,Y
RBA,"RB Global, Inc. Common Stock",N,N
RBB,RBB Bancorp - Common Stock,NASDAQ,N
RBBN,Ribbon Communications Inc.  - Common Stock,NASDAQ,N
RBC,RBC Bearings Incorporated Common Stock,N,N
RBCAA,"Republic Bancorp, Inc. - Class A Common Stock",NASDAQ,N
RBIL,F/m Ultrashort Treasury Inflation-Protected Security (TIPS) ETF,NASDAQ,Y
RBKB,"Rhinebeck Bancorp, Inc. - Common Stock",NASDAQ,N
RBLD,First Trust Alerian US NextGen Infrastructure ETF,P,Y
RBLU,T-REX 2X Long RBLX Daily Target ETF,Z,Y
RBLX,Roblox Corporation Class A Common Stock,N,N
RBLY,YieldMax RBLX Option Income Strategy ETF,P,Y
RBNE,Robin Energy Ltd. - Common Stock,NASDAQ,N
RBOT,Vicarious Surgical Inc. Class A Common Stock,N,N
RBRK,"Rubrik, Inc. Class A Common Stock",N,N
RBUF,Innovator U.S. Small Cap 10 Buffer ETF - Quarterly,Z,Y
RC,Ready Capital Corporation Common Stock,N,N
RC$C,Ready Capital Corporation 6.25% Series C Cumulative Convertible Preferred Stock,N,N
RC$E,Ready Capital Corporation 6.50% Series E Cumulative Redeemable Preferred Stock,N,N
RCAT,"Red Cat Holdings, Inc. - Common Stock",NASDAQ,N
RCB,Ready Capital Corporation 6.20% Senior Notes due 2026,N,N
RCC,Ready Capital Corporation 5.75% Senior Notes due 2026,N,N
RCD,Ready Capital Corporation 9.00% Senior Notes due 2029,N,N
RCEL,"Avita Medical, Inc. - Common Stock",NASDAQ,N
RCG,"RENN Fund, Inc Common Stock",A,N
RCGE,RockCreek Global Equality ETF,NASDAQ,Y
RCI,"Rogers Communication, Inc. Common Stock",N,N
RCKT,"Rocket Pharmaceuticals, Inc. - Common Stock",NASDAQ,N
RCKTW,"Rocket Pharmaceuticals, Inc. - Warrant",NASDAQ,N
RCKY,"Rocky Brands, Inc. - Common Stock",NASDAQ,N
RCL,Royal Caribbean Cruises Ltd. Common Stock,N,N
RCLO,Reckoner BBB-B CLO ETF,P,Y
RCMT,"RCM Technologies, Inc. - Common Stock",NASDAQ,N
RCON,"Recon Technology, Ltd. - Class A Ordinary Shares",NASDAQ,N
RCS,"PIMCO Strategic Income Fund, Inc.",N,N
RCT,RedCloud Holdings plc - Ordinary Shares,NASDAQ,N
RCTR,First Trust Bloomberg Nuclear Power ETF,P,Y
RCUS,"Arcus Biosciences, Inc. Common Stock",N,N
RDAC,Rising Dragon Acquisition Corp. - Ordinary Shares,NASDAQ,N
RDACR,Rising Dragon Acquisition Corp. - Rights,NASDAQ,N
RDACU,Rising Dragon Acquisition Corp. - Unit,NASDAQ,N
RDAG,Republic Digital Acquisition Company - Class A Ordinary Shares,NASDAQ,N
RDAGU,Republic Digital Acquisition Company - Unit,NASDAQ,N
RDAGW,Republic Digital Acquisition Company - Warrants,NASDAQ,N
RDCM,Radcom Ltd. - Ordinary Shares,NASDAQ,N
RDDT,"Reddit, Inc. Class A Common Stock",N,N
RDFI,Rareview Dynamic Fixed Income ETF,Z,Y
RDGT,"Ridgetech, Inc. - Ordinary Shares",NASDAQ,N
RDHL,Redhill Biopharma Ltd. - American Depositary Shares,NASDAQ,N
RDI,Reading International Inc - Class A Non-voting Common Stock,NASDAQ,N
RDIB,Reading International Inc - Class B Voting Common Stock,NASDAQ,N
RDIV,Invesco S&P Ultra Dividend Revenue ETF,P,Y
RDN,Radian Group Inc. Common Stock,N,N
RDNT,"RadNet, Inc. - Common Stock",NASDAQ,N
RDNW,"RideNow Group, Inc. - Class B Common Stock",NASDAQ,N
RDOG,ALPS REIT Dividend Dogs ETF,P,Y
RDTE,Roundhill Russell 2000 0DTE Covered Call Strategy ETF,Z,Y
RDTL,GraniteShares 2x Long RDDT Daily ETF,NASDAQ,Y
RDTY,YieldMax R2000 0DTE Covered Strategy ETF,NASDAQ,Y
RDVI,FT Vest Rising Dividend Achievers Target Income ETF,Z,Y
RDVT,"Red Violet, Inc. - Common Stock",NASDAQ,N
RDVY,First Trust Rising Dividend Achievers ETF,NASDAQ,Y
RDW,Redwire Corporation Common Stock,N,N
RDWR,Radware Ltd. - Ordinary Shares,NASDAQ,N
RDY,Dr. Reddy's Laboratories Ltd Common Stock,N,N
RDYY,YieldMax RDDT Option Income Strategy ETF,P,Y
RDZN,"Roadzen, Inc. - Ordinary Shares",NASDAQ,N
RDZNW,"Roadzen, Inc. - Warrants",NASDAQ,N
REAI,Intelligent Real Estate ETF,NASDAQ,Y
REAL,"The RealReal, Inc. - Common Stock",NASDAQ,N
REAX,"The Real Brokerage, Inc. - Common Shares",NASDAQ,N
REBN,"Reborn Coffee, Inc. - Common Stock",NASDAQ,N
RECS,Columbia Research Enhanced Core ETF,P,Y
RECT,Rectitude Holdings Ltd - Ordinary Shares,NASDAQ,N
REE,REE Automotive Ltd. - Class A Ordinary Shares,NASDAQ,N
REED,"Reed's, Inc. Common Stock",A,N
REET,iShares Global REIT ETF,P,Y
REFA,Columbia Research Enhanced International Equity ETF,P,Y
REFI,"Chicago Atlantic Real Estate Finance, Inc. - Common Stock",NASDAQ,N
REFR,Research Frontiers Incorporated - Common Stock,NASDAQ,N
REG,Regency Centers Corporation - Common Stock,NASDAQ,N
REGCO,Regency Centers Corporation - 5.875% Series B Cumulative Redeemable Preferred Stock,NASDAQ,N
REGCP,Regency Centers Corporation - 6.25% Series A Cumulative Redeemable Preferred Stock,NASDAQ,N
REGL,ProShares S&P MidCap 400 Dividend Aristocrats ETF,Z,Y
REGN,"Regeneron Pharmaceuticals, Inc. - Common Stock",NASDAQ,N
REI,"Ring Energy, Inc. Common Stock",A,N
REIT,ALPS Active REIT ETF,NASDAQ,Y
REK,ProShares Short Real Estate,P,Y
REKR,"Rekor Systems, Inc. - Common Stock",NASDAQ,N
REKT,Direxion Daily Crypto Industry Bear 1X Shares,P,Y
RELI,"Reliance Global Group, Inc. - Common Stock",NASDAQ,N
RELIW,"Reliance Global Group, Inc. - Series A Warrants",NASDAQ,N
RELL,"Richardson Electronics, Ltd. - Common Stock",NASDAQ,N
RELX,RELX PLC PLC American Depositary Shares (Each representing One Ordinary Share),N,N
RELY,"Remitly Global, Inc. - Common stock",NASDAQ,N
REM,iShares Mortgage Real Estate ETF,Z,Y
REMC,Columbia Research Enhanced Mid Cap ETF,P,Y
REMG,Russell Investments Emerging Markets Equity ETF,NASDAQ,Y
REMX,VanEck Rare Earth and Strategic Metals ETF,P,Y
RENT,"Rent the Runway, Inc. - Class A Common Stock",NASDAQ,N
RENX,RenX Enterprises Corp. - Common Stock,NASDAQ,N
REPL,"Replimune Group, Inc. - Common Stock",NASDAQ,N
REPX,"Riley Exploration Permian, Inc. Common Stock",A,N
RERE,ATRenew Inc. American Depositary Shares (every three of which representing two Class A ordinary shares),N,N
RES,"RPC, Inc. Common Stock",N,N
RESM,Columbia Research Enhanced Small Cap ETF,P,Y
RETL,Direxion Daily Retail Bull 3X Shares ETF,P,Y
RETO,"ReTo Eco-Solutions, Inc. - Class A Shares",NASDAQ,N
REVB,"Revelation Biosciences, Inc. - Common Stock",NASDAQ,N
REVBW,"Revelation Biosciences, Inc. - Warrant",NASDAQ,N
REVG,"REV Group, Inc. Common Stock",N,N
REVS,Columbia Research Enhanced Value ETF,P,Y
REW,ProShares UltraShort Technology,P,Y
REX,REX American Resources Corporation,N,N
REXR,"Rexford Industrial Realty, Inc. Common Stock",N,N
REXR$B,"Rexford Industrial Realty, Inc. 5.875% Series B Cumulative Redeemable Preferred Stock",N,N
REXR$C,"Rexford Industrial Realty, Inc. 5.625% Series C Cumulative Redeemable Preferred Stock, par value $0.01 per share",N,N
REYN,Reynolds Consumer Products Inc. - Common Stock,NASDAQ,N
REZ,iShares Residential and Multisector Real Estate ETF,P,Y
REZI,"Resideo Technologies, Inc. Common Stock",N,N
RF,Regions Financial Corporation Common Stock,N,N
RF$C,"Regions Financial Corporation Depositary Shares, each Representing a 1/40th Interest in a  Share of 5.700% Fixed-to-Floating Rate Non-Cumulative  Perpetual Preferred Stock, Series C",N,N
RF$E,"Regions Financial Corporation Depositary Shares, Each Representing a 1/40th Interest in a Share of 4.45% Non-Cumulative Perpetual Preferred Stock, Series E",N,N
RF$F,"Regions Financial Corporation Depositary Shares Each Representing a 1/40th Interest in a Share of Non-Cumulative Perpetual Preferred Stock, Series F",N,N
RFAI,RF Acquisition Corp II - Ordinary Shares,NASDAQ,N
RFAIR,RF Acquisition Corp II - Right,NASDAQ,N
RFAIU,RF Acquisition Corp II - Unit,NASDAQ,N
RFCI,RiverFront Dynamic Core Income ETF,P,Y
RFDA,RiverFront Dynamic US Dividend Advantage ETF,P,Y
RFDI,First Trust RiverFront Dynamic Developed International ETF,NASDAQ,Y
RFEM,First Trust RiverFront Dynamic Emerging Markets ETF,NASDAQ,Y
RFEU,First Trust RiverFront Dynamic Europe ETF,NASDAQ,Y
RFFC,ALPS Active Equity Opportunity ETF,P,Y
RFG,Invesco S&P MidCap 400 Pure Growth ETF,P,Y
RFI,"Cohen & Steers Total Return Realty Fund, Inc. Common Stock",N,N
RFIL,"RF Industries, Ltd. - Common Stock",NASDAQ,N
RFIX,Simplify Bond Bull ETF,P,Y
RFL,"Rafael Holdings, Inc. Class B Common Stock",N,N
RFLR,Innovator U.S. Small Cap Managed Floor ETF,P,Y
RFM,"RiverNorth Flexible Municipal Income Fund, Inc. Common Stock",N,N
RFMZ,"RiverNorth Flexible Municipal Income Fund II, Inc. Common Stock",N,N
RFV,Invesco S&P MidCap 400 Pure Value ETF,P,Y
RGA,"Reinsurance Group of America, Incorporated Common Stock",N,N
RGC,Regencell Bioscience Holdings Limited - Ordinary Shares,NASDAQ,N
RGCO,RGC Resources Inc. - Common Stock,NASDAQ,N
RGEF,Rockefeller Global Equity ETF,P,Y
RGEN,Repligen Corporation - Common Stock,NASDAQ,N
RGLD,"Royal Gold, Inc. - Common Stock",NASDAQ,N
RGLO,Russell Investments Global Equity ETF,NASDAQ,Y
RGNT,Regentis Biomaterials Ltd. Ordinary Shares,A,N
RGNX,REGENXBIO Inc. - Common Stock,NASDAQ,N
RGP,"Resources Connection, Inc. - Common Stock",NASDAQ,N
RGR,"Sturm, Ruger & Company, Inc. Common Stock",N,N
RGS,Regis Corporation - Common Stock,NASDAQ,N
RGT,"Royce Global Trust, Inc. Common Stock",N,N
RGTI,"Rigetti Computing, Inc.  - Common stock",NASDAQ,N
RGTIW,"Rigetti Computing, Inc.  - Redeemable warrants, each whole warrant exercisable for one Class A ordinary share at an exercise price of $11.50",NASDAQ,N
RGTU,Tradr 2X Long RGTI Daily ETF,Z,Y
RGTX,Defiance Daily Target 2X Long RGTI ETF,NASDAQ,Y
RGTZ,Defiance Daily Target 2x Short RGTI ETF,NASDAQ,Y
RGYY,GraniteShares YieldBoost RGTI ETF,NASDAQ,Y
RH,RH Common Stock,N,N
RHI,Robert Half Inc. Common Stock,N,N
RHLD,Resolute Holdings Management Common Stock,N,N
RHP,"Ryman Hospitality Properties, Inc. (REIT)",N,N
RHRX,RH Tactical Rotation ETF,P,Y
RHTX,RH Tactical Outlook ETF,P,Y
RIBB,Ribbon Acquisition Corp - Class A Ordinary Shares,NASDAQ,N
RIBBR,Ribbon Acquisition Corp - Rights,NASDAQ,N
RIBBU,Ribbon Acquisition Corp - Unit,NASDAQ,N
RICK,"RCI Hospitality Holdings, Inc. - Common Stock",NASDAQ,N
RIET,Hoya Capital High Dividend Yield ETF,P,Y
RIFR,Russell Investments Global Infrastructure ETF,NASDAQ,Y
RIG,Transocean Ltd (Switzerland) Common Stock,N,N
RIGL,"Rigel Pharmaceuticals, Inc. - Common Stock",NASDAQ,N
RIGS,RiverFront Strategic Income Fund,P,Y
RILA,Indexperts Gorilla Aggressive Growth ETF,P,Y
RILY,"BRC Group Holdings, Inc. - Common Stock",NASDAQ,N
RILYG,"BRC Group Holdings, Inc. - 5.00% Senior Notes due 2026",NASDAQ,N
RILYK,"BRC Group Holdings, Inc. - 5.50% Senior Notes Due 2026",NASDAQ,N
RILYL,"BRC Group Holdings, Inc. - Depositary Shares, each representing a 1/1000th fractional interest in a share of Series B Cumulative Perpetual Preferred Stock",NASDAQ,N
RILYN,"BRC Group Holdings, Inc. - 6.50% Senior Notes Due 2026",NASDAQ,N
RILYP,"BRC Group Holdings, Inc. - Depositary Shares, each representing a 1/1000th fractional interest in a share of Series A Cumulative Perpetual Preferred Stock",NASDAQ,N
RILYT,"BRC Group Holdings, Inc. - 6.00% Senior Notes Due 2028",NASDAQ,N
RILYZ,"BRC Group Holdings, Inc. - 5.25% Senior Notes due 2028",NASDAQ,N
RIME,"Algorhythm Holdings, Inc. - Common Stock",NASDAQ,N
RINF,ProShares Inflation Expectations ETF,P,Y
RING,iShares MSCI Global Gold Miners ETF,NASDAQ,Y
RINT,Russell Investments International Developed Equity ETF,NASDAQ,Y
RIO,Rio Tinto Plc Common Stock,N,N
RIOT,"Riot Platforms, Inc. - Common Stock",NASDAQ,N
RIOX,Defiance Daily Target 2X Long RIOT ETF,P,Y
RISN,Inspire Capital Appreciation ETF,P,Y
RISR,FolioBeyond Alternative Income and Interest Rate Hedge ETF,P,Y
RITA,ETFB Green SRI REITs ETF,P,Y
RITM,Rithm Capital Corp. Common Stock,N,N
RITM$A,Rithm Capital Corp. 7.50% Series A Fixed-to-Floating Rate Cumulative Redeemable Preferred Stock,N,N
RITM$B,Rithm Capital Corp. 7.125% Series B Fixed-to-Floating Rate Cumulative Redeemable Preferred Stock,N,N
RITM$C,Rithm Capital Corp. 6.375% Series C Fixed-to-Floating Rate Cumulative Redeemable Preferred Stock,N,N
RITM$D,Rithm Capital Corp. 7.00% Fixed-Rate Reset Series D Cumulative Redeemable Preferred Stock,N,N
RITM$E,Rithm Capital Corp. 8.75% Series E Fixed-Rate Cumulative Redeemable Preferred Stock,N,N
RITR,Reitar Logtech Holdings Limited - Ordinary shares,NASDAQ,N
RIV,"RiverNorth Opportunities Fund, Inc. Common Stock",N,N
RIV$A,"RiverNorth Opportunities Fund, Inc. 6.00% Series A Perpetual Preferred Stock",N,N
RIVN,"Rivian Automotive, Inc. - Class A Common Stock",NASDAQ,N
RJDI,RJ Eagle GCM Dividend Select Income ETF,P,Y
RJET,Republic Airways Holdings Inc. - Common Stock,NASDAQ,N
RJF,"Raymond James Financial, Inc. Common Stock",N,N
RJMG,FT Raymond James Multicap Growth Equity ETF,P,Y
RJMI,RJ Eagle Municipal Income ETF,P,Y
RJVI,RJ Eagle Vertical Income ETF,P,Y
RKDA,"Arcadia Biosciences, Inc. - Common Stock",NASDAQ,N
RKLB,Rocket Lab Corporation - Common Stock,NASDAQ,N
RKLX,Defiance Daily Target 2X Long RKLB ETF,NASDAQ,Y
RKLZ,Defiance Daily Target 2x Short RKLB ETF,NASDAQ,Y
RKT,"Rocket Companies, Inc. Class A Common Stock",N,N
RL,Ralph Lauren Corporation Common Stock,N,N
RLAY,"Relay Therapeutics, Inc. - Common Stock",NASDAQ,N
RLGT,"Radiant Logistics, Inc. Common Stock",A,N
RLI,RLI Corp. Common Stock (DE),N,N
RLJ,RLJ Lodging Trust Common Shares of Beneficial Interest $0.01 par value,N,N
RLJ$A,RLJ Lodging Trust $1.95 Series A Cumulative Convertible  Preferred Shares,N,N
RLMD,"Relmada Therapeutics, Inc. - Common Stock",NASDAQ,N
RLTY,Cohen & Steers Real Estate Opportunities and Income Fund Common Shares of Beneficial Interest,N,N
RLX,"RLX Technology Inc. American Depositary Shares, each representing the right to receive one (1) Class A ordinary share",N,N
RLY,State Street Multi-Asset Real Return ETF,P,Y
RLYB,Rallybio Corporation - Common Stock,NASDAQ,N
RM,Regional Management Corp. Common Stock,N,N
RMAX,"RE/MAX Holdings, Inc. Class A Common Stock",N,N
RMBI,"Richmond Mutual Bancorporation, Inc. - Common Stock",NASDAQ,N
RMBS,"Rambus, Inc. - Common Stock",NASDAQ,N
RMCA,Rockefeller California Municipal Bond ETF,P,Y
RMCF,"Rocky Mountain Chocolate Factory, Inc. - Common Stock",NASDAQ,N
RMCO,Royalty Management Holding Corporation - Class A Common Stock,NASDAQ,N
RMCOW,Royalty Management Holding Corporation - Warrant,NASDAQ,N
RMD,ResMed Inc. Common Stock,N,N
RMI,"RiverNorth Opportunistic Municipal Income Fund, Inc. Common Stock",N,N
RMIF,LHA Risk-Managed Income ETF,Z,Y
RMM,"RiverNorth Managed Duration Municipal Income Fund, Inc. Common Stock",N,N
RMME,Rareview Government Money Market ETF,Z,Y
RMMZ,"RiverNorth Managed Duration Municipal Income Fund II, Inc. Common Stock",N,N
RMNI,"Rimini Street, Inc. - Common Stock",NASDAQ,N
RMNY,Rockefeller New York Municipal Bond ETF,P,Y
RMOP,Rockefeller Opportunistic Municipal Bond ETF,P,Y
RMR,The RMR Group Inc. - Class A Common Stock,NASDAQ,N
RMSG,Real Messenger Corporation - Ordinary Shares,NASDAQ,N
RMSGW,Real Messenger Corporation - Warrants,NASDAQ,N
RMT,"Royce Micro-Cap Trust, Inc. Common Stock",N,N
RMTI,"Rockwell Medical, Inc. - Common Stock",NASDAQ,N
RNA,"Avidity Biosciences, Inc. - Common Stock",NASDAQ,N
RNAC,"Cartesian Therapeutics, Inc. - Common Stock",NASDAQ,N
RNAZ,"TransCode Therapeutics, Inc. - Common Stock",NASDAQ,N
RND,First Trust Bloomberg R&D Leaders ETF,P,Y
RNEM,Emerging Markets Equity Select ETF,NASDAQ,Y
RNG,"RingCentral, Inc. Class A Common Stock",N,N
RNGR,"Ranger Energy Services, Inc. Class A Common Stock",N,N
RNGT,Range Capital Acquisition Corp II - Class A Ordinary Shares,NASDAQ,N
RNGTU,Range Capital Acquisition Corp II - Units,NASDAQ,N
RNGTW,Range Capital Acquisition Corp II - Warrants,NASDAQ,N
RNIN,Bushido Capital US SMID Cap Equity ETF,NASDAQ,Y
RNP,"Cohen & Steers REIT and Preferred and Income Fund, Inc. Common Shares",N,N
RNR,RenaissanceRe Holdings Ltd. Common Stock,N,N
RNR$F,"RenaissanceRe Holdings Ltd. Depositary Shares, each Representing a 1/1,000th Interest in a 5.750% Series F Preference Share",N,N
RNR$G,"RenaissanceRe Holdings Ltd. Depositary Shares, each representing a 1/1,000th interest in a share of 4.20% Series G Preference Shares",N,N
RNRG,Global X Renewable Energy Producers ETF,NASDAQ,Y
RNST,Renasant Corporation Common Stock,N,N
RNTX,"Rein Therapeutics, Inc. - Common Stock",NASDAQ,N
RNTY,YieldMax Target 12 Real Estate Option Income ETF,P,Y
RNW,ReNew Energy Global plc - Class A Shares,NASDAQ,N
RNWWW,ReNew Energy Global plc - Warrant,NASDAQ,N
RNWZ,TrueShares Eagle Global Renewable Energy Income ETF,P,Y
RNXT,"RenovoRx, Inc. - Common Stock",NASDAQ,N
ROAD,"Construction Partners, Inc. - Common Stock",NASDAQ,N
ROAM,Hartford Multifactor Emerging Markets ETF,P,Y
ROBN,T-Rex 2X Long HOOD Daily Target ETF,Z,Y
ROBO,ROBO Global Robotics and Automation Index ETF,P,Y
ROBT,First Trust Nasdaq Artificial Intelligence and Robotics ETF,NASDAQ,Y
ROCK,"Gibraltar Industries, Inc. - Common Stock",NASDAQ,N
RODM,Hartford Multifactor Developed Markets (ex-US) ETF,P,Y
ROE,Astoria US Equal Weight Quality Kings ETF,NASDAQ,Y
ROG,Rogers Corporation Common Stock,N,N
ROIV,Roivant Sciences Ltd. - Common Shares,NASDAQ,N
ROK,"Rockwell Automation, Inc. Common Stock",N,N
ROKT,State Street SPDR S&P Kensho Final Frontiers ETF,P,Y
ROKU,"Roku, Inc. - Class A Common Stock",NASDAQ,N
ROL,"Rollins, Inc. Common Stock",N,N
ROLR,"High Roller Technologies, Inc. Common Stock",A,N
ROM,ProShares Ultra Technology,P,Y
ROMA,Roma Green Finance Limited - Class A Ordinary Shares,NASDAQ,N
ROMO,Strategy Shares Newfound/ReSolve Robust Momentum ETF,Z,Y
RONB,Baron First Principles ETF,N,Y
ROOT,"Root, Inc. - Common Stock",NASDAQ,N
ROP,"Roper Technologies, Inc. - Common Stock",NASDAQ,N
ROPE,Coastal Compass 100 ETF,P,Y
ROSC,Hartford Multifactor Small Cap ETF,P,Y
ROST,"Ross Stores, Inc. - Common Stock",NASDAQ,N
ROUS,Hartford Multifactor U.S. Equity ETF,P,Y
RPAR,RPAR Risk Parity ETF,P,Y
RPAY,Repay Holdings Corporation - Class A Common Stock,NASDAQ,N
RPD,"Rapid7, Inc. - Common Stock",NASDAQ,N
RPG,Invesco S&P 500 Pure Growth ETF,P,Y
RPGL,Republic Power Group Limited - Class A Ordinary Shares,NASDAQ,N
RPHS,Regents Park Hedged Market Strategy ETF,Z,Y
RPID,"Rapid Micro Biosystems, Inc. - Class A Common Stock",NASDAQ,N
RPM,RPM International Inc. Common Stock,N,N
RPRX,Royalty Pharma plc - Class A Ordinary Shares,NASDAQ,N
RPT,Rithm Property Trust Inc. Common stock,N,N
RPT$C,Rithm Property Trust Inc. 9.875% Series C Fixed-to-Floating Rate Cumulative Redeemable Preferred Stock,N,N
RPTX,Repare Therapeutics Inc. - Common Shares,NASDAQ,N
RPV,Invesco S&P 500 Pure Value ETF,P,Y
RQI,Cohen & Steers Quality Income Realty Fund Inc Common Shares,N,N
RR,Richtech Robotics Inc. - Class B Common Stock,NASDAQ,N
RRBI,"Red River Bancshares, Inc. - Common Stock",NASDAQ,N
RRC,Range Resources Corporation Common Stock,N,N
RRGB,"Red Robin Gourmet Burgers, Inc. - Common Stock",NASDAQ,N
RRR,"Red Rock Resorts, Inc. - Class A Common Stock",NASDAQ,N
RRX,Regal Rexnord Corporation Common Stock,N,N
RS,"Reliance, Inc. Common Stock",N,N
RSBA,Return Stacked Bonds & Merger Arbitrage ETF,Z,Y
RSBT,Return Stacked Bonds & Managed Futures ETF,Z,Y
RSBY,Return Stacked Bonds & Futures Yield ETF,Z,Y
RSDE,FT Vest U.S. Equity Equal Weight Buffer ETF - December,P,Y
RSEE,Rareview Systematic Equity ETF,Z,Y
RSF,RiverNorth Capital and Income Fund Common Stock,N,N
RSG,"Republic Services, Inc. Common Stock",N,N
RSHO,Tema American Reshoring ETF,P,Y
RSI,"Rush Street Interactive, Inc. Class A Common Stock",N,N
RSJN,FT Vest U.S. Equity Equal Weight Buffer ETF - June,P,Y
RSKD,Riskified Ltd. Class A Ordinary Shares,N,N
RSMC,Rockefeller U.S. Small-Mid Cap ETF,P,Y
RSMR,FT Vest U.S. Equity Equal Weight Buffer ETF - March,P,Y
RSMV,Relative Strength Managed Volatility Strategy ETF,P,Y
RSP,Invesco S&P 500 Equal Weight ETF,P,Y
RSPA,Invesco S&P 500 Equal Weight Income Advantage ETF,P,Y
RSPC,Invesco S&P 500 Equal Weight Communication Services ETF,P,Y
RSPD,Invesco S&P 500 Equal Weight Consumer Discretionary ETF,P,Y
RSPE,Invesco ESG S&P 500 Equal Weight ETF,P,Y
RSPF,Invesco S&P 500 Equal Weight Financial ETF,P,Y
RSPG,Invesco S&P 500 Equal Weight Energy ETF,P,Y
RSPH,Invesco S&P 500 Equal Weight Health Care ETF,P,Y
RSPM,Invesco S&P 500 Equal Weight Materials ETF,P,Y
RSPN,Invesco S&P 500 Equal Weight Industrials Portfolio,P,Y
RSPR,Invesco S&P 500 Equal Weight Real Estate ETF,P,Y
RSPS,Invesco S&P 500 Equal Weight Consumer Staples ETF,P,Y
RSPT,Invesco S&P 500 Equal Weight Technology ETF,P,Y
RSPU,Invesco S&P 500 Equal Weight Utilities ETF,P,Y
RSSB,Return Stacked Global Stocks & Bonds ETF,Z,Y
RSSE,FT Vest U.S. Equity Equal Weight Buffer ETF  September,P,Y
RSSL,Global X Russell 2000 ETF,P,Y
RSSS,"Research Solutions, Inc - Common Stock",NASDAQ,N
RSST,Return Stacked U.S. Stocks & Managed Futures ETF,Z,Y
RSSX,Return Stacked U.S. Stocks & Gold/Bitcoin ETF,Z,Y
RSSY,Return Stacked U.S. Stocks & Futures Yield ETF,Z,Y
RSVR,"Reservoir Media, Inc.. - Common Stock",NASDAQ,N
RSVRW,"Reservoir Media, Inc.. - Warrant",NASDAQ,N
RTAC,Renatus Tactical Acquisition Corp I - Class A Ordinary Shares,NASDAQ,N
RTACU,Renatus Tactical Acquisition Corp I - Unit,NASDAQ,N
RTACW,Renatus Tactical Acquisition Corp I - Warrant,NASDAQ,N
RTAI,Rareview Tax Advantaged Income ETF,Z,Y
RTH,VanEck Retail ETF,NASDAQ,Y
RTO,Rentokil Initial plc American Depositary Shares (each representing five (5) Ordinary Shares),N,N
RTRE,Rareview Total Return Bond ETF,Z,Y
RTX,RTX Corporation Common Stock,N,N
RTXG,Leverage Shares 2X Long RTX Daily ETF,NASDAQ,Y
RTYY,GraniteShares YieldBoost RIOT ETF,NASDAQ,Y
RUBI,Rubico Inc. - Common Stock,NASDAQ,N
RULE,Adaptive Core ETF,Z,Y
RUM,Rumble Inc. - Class A Common Stock,NASDAQ,N
RUMBW,Rumble Inc. - Warrant,NASDAQ,N
RUN,Sunrun Inc. - Common Stock,NASDAQ,N
RUNN,Running Oak Efficient Growth ETF,NASDAQ,Y
RUSC,Russell Investments U.S. Small Cap Equity ETF,NASDAQ,Y
RUSHA,"Rush Enterprises, Inc. - Class A Common Stock",NASDAQ,N
RUSHB,"Rush Enterprises, Inc. - Class B Common Stock",NASDAQ,N
RVER,Trenchless Fund ETF,P,Y
RVLV,"Revolve Group, Inc. Class A Common Stock",N,N
RVMD,"Revolution Medicines, Inc. - Common Stock",NASDAQ,N
RVMDW,"Revolution Medicines, Inc. - Warrant",NASDAQ,N
RVNL,GraniteShares 2x Long RIVN Daily ETF,NASDAQ,Y
RVNU,Xtrackers Municipal Infrastructure Revenue Bond ETF,P,Y
RVP,"Retractable Technologies, Inc. Common Stock",A,N
RVPH,"Reviva Pharmaceuticals Holdings, Inc. - Common Stock",NASDAQ,N
RVRB,Reverb ETF,Z,Y
RVSB,Riverview Bancorp Inc - Common Stock,NASDAQ,N
RVSN,Rail Vision Ltd. - Ordinary Shares,NASDAQ,N
RVSNW,Rail Vision Ltd. - Warrant,NASDAQ,N
RVT,"Royce Small-Cap Trust, Inc. Common Stock",N,N
RVTY,"Revvity, Inc. Common Stock",N,N
RVYL,Ryvyl Inc. - Common Stock,NASDAQ,N
RW,Rainwater Equity ETF,P,Y
RWAY,Runway Growth Finance Corp. - Common Stock,NASDAQ,N
RWAYL,Runway Growth Finance Corp. - 7.50% Notes due 2027,NASDAQ,N
RWAYZ,Runway Growth Finance Corp. - 8.00% Notes due 2027,NASDAQ,N
RWEM,Rayliant Wilshire NxtGen Emerging Markets Equity ETF,P,Y
RWJ,Invesco S&P SmallCap 600 Revenue ETF,P,Y
RWK,Invesco S&P MidCap 400 Revenue ETF,P,Y
RWL,Invesco S&P 500 Revenue ETF,P,Y
RWLC,Rayliant Wilshire NxtGen US Large Cap Equity ETF,P,Y
RWM,ProShares Short Russell2000,P,Y
RWO,SPDR DJ Wilshire Global Real Estate ETF,P,Y
RWR,State Street SPDR Dow Jones REIT ETF,P,Y
RWT,"Redwood Trust, Inc. Common Stock",N,N
RWT$A,"Redwood Trust, Inc. 10.00% Series A Fixed-Rate Reset Cumulative Redeemable Preferred Stock",N,N
RWTN,"Redwood Trust, Inc. 9.125% Senior Notes Due 2029",N,N
RWTO,"Redwood Trust, Inc. 9.00% Senior Notes Due 2029",N,N
RWTP,"Redwood Trust, Inc. 9.125% Senior Notes Due 2030",N,N
RWTQ,"Redwood Trust, Inc. 9.500% Senior Notes Due 2030",N,N
RWX,SPDR DJ Wilshire Intl Real Estate,P,Y
RXD,ProShares UltraShort Health Care,P,Y
RXI,iShares Global Consumer Discretionary ETF,P,Y
RXL,ProShares Ultra Health Care,P,Y
RXO,"RXO, Inc. Common Stock",N,N
RXRX,"Recursion Pharmaceuticals, Inc. - Class A Common Stock",NASDAQ,N
RXST,"RxSight, Inc. - Common Stock",NASDAQ,N
RXT,"Rackspace Technology, Inc. - Common Stock",NASDAQ,N
RY,Royal Bank Of Canada Common Stock,N,N
RYAAY,"Ryanair Holdings plc - American Depositary Shares, each representing five Ordinary Shares",NASDAQ,N
RYAM,Rayonier Advanced Materials Inc. Common Stock,N,N
RYAN,"Ryan Specialty Holdings, Inc. Class A Common Stock",N,N
RYDE,Ryde Group Ltd. Class A Ordinary Shares,A,N
RYET,Ruanyun Edai Technology Inc. - Ordinary shares,NASDAQ,N
RYI,Ryerson Holding Corporation Common Stock,N,N
RYLD,Global X Russell 2000 Covered Call ETF,P,Y
RYLG,Global X Russell 2000 Covered Call & Growth ETF,P,Y
RYM,"RYTHM, Inc. - Common Stock",NASDAQ,N
RYN,Rayonier Inc. REIT Common Stock,N,N
RYOJ,"rYojbaba Co., Ltd. - Common Shares",NASDAQ,N
RYSE,Vest 10 Year Interest Rate Hedge ETF,Z,Y
RYTM,"Rhythm Pharmaceuticals, Inc. - Common Stock",NASDAQ,N
RZB,"Reinsurance Group of America, Incorporated 5.75% Fixed-To-Floating Rate Subordinated Debentures due 2056",N,N
RZC,"Reinsurance Group of America, Incorporated 7.125% Fixed-Rate Reset Subordinated Debentures due 2052",N,N
RZG,Invesco S&P SmallCap 600 Pure Growth ETF,P,Y
RZLT,"Rezolute, Inc. - Common Stock (NV)",NASDAQ,N
RZLV,Rezolve AI PLC - Ordinary Shares,NASDAQ,N
RZLVW,Rezolve AI PLC - Warrants,NASDAQ,N
RZV,Invesco S&P SmallCap 600 Pure Value ETF,P,Y
S,"SentinelOne, Inc. Class A Common Stock",N,N
SA,"Seabridge Gold, Inc. Ordinary Shares (Canada)",N,N
SAA,ProShares Ultra SmallCap600,P,Y
SABA,Saba Capital Income & Opportunities Fund II Shares of Beneficial Interest,N,N
SABR,Sabre Corporation - Common Stock,NASDAQ,N
SABS,"SAB Biotherapeutics, Inc. - Common Stock",NASDAQ,N
SABSW,"SAB Biotherapeutics, Inc. - Warrant",NASDAQ,N
SAC.U,"Safeguard Acquisition Corp. Units, each consisting of one Class A ordinary share and one-half of one redeemable warrant",N,N
SACH,Sachem Capital Corp. Common Shares,A,N
SACH$A,Sachem Capital Corp. 7.75% Series A Cumulative Redeemable Preferred Stock,A,N
SAEF,Schwab Ariel Opportunities ETF,P,Y
SAFE,Safehold Inc. New Common Stock,N,N
SAFT,"Safety Insurance Group, Inc. - Common Stock",NASDAQ,N
SAFX,"XCF Global, Inc. - Class A Common Stock",NASDAQ,N
SAGP,Strategas Global Policy Opportunities ETF,P,Y
SAGT,SAGTEC GLOBAL LIMITED - Class A Ordinary shares,NASDAQ,N
SAH,"Sonic Automotive, Inc. Common Stock",N,N
SAIA,"Saia, Inc. - Common Stock",NASDAQ,N
SAIC,Science Applications International Corporation - Common Stock,NASDAQ,N
SAIH,SAIHEAT Limited - Class A Ordinary Shares,NASDAQ,N
SAIHW,SAIHEAT Limited - Warrant,NASDAQ,N
SAIL,"SailPoint, Inc. - Common Stock",NASDAQ,N
SAJ,Saratoga Investment Corp 8.00% Notes due 2027,N,N
SAM,"Boston Beer Company, Inc. (The) Common Stock",N,N
SAMG,Silvercrest Asset Management Group Inc. - Common Stock,NASDAQ,N
SAMM,Strategas Macro Momentum ETF,P,Y
SAMT,Strategas Macro Thematic Opportunities ETF,P,Y
SAN,"Banco Santander, S.A. Sponsored ADR (Spain)",N,N
SANA,"Sana Biotechnology, Inc. - Common Stock",NASDAQ,N
SANG,Sangoma Technologies Corporation - Common Shares,NASDAQ,N
SANM,Sanmina Corporation - Common Stock,NASDAQ,N
SAP,SAP  SE ADS,N,N
SAPH,SAP SE ADRhedged,P,Y
SAR,Saratoga Investment Corp New,N,N
SARK,Tradr 1X Short Innovation Daily ETF,NASDAQ,Y
SARO,"StandardAero, Inc. Common Stock",N,N
SAT,Saratoga Investment Corp 6.00% Notes due 2027,N,N
SATA,"Strive, Inc. - Variable Rate Series A Perpetual Preferred Stock",NASDAQ,N
SATG,Leverage Shares 2X Long SATS Daily ETF,NASDAQ,Y
SATL,Satellogic Inc. - Class A Common Stock,NASDAQ,N
SATLW,Satellogic Inc. - Warrant,NASDAQ,N
SATO,Invesco Alerian Galaxy Crypto Economy ETF,Z,Y
SATS,EchoStar Corporation - Common stock,NASDAQ,N
SAUG,FT Vest U.S. Small Cap Moderate Buffer ETF - August,Z,Y
SAVA,"Cassava Sciences, Inc. - Common Stock",NASDAQ,N
SAWG,AAM Sawgrass US Large Cap Quality Growth ETF,P,Y
SAWS,AAM Sawgrass US Small Cap Quality Growth ETF,P,Y
SAY,Saratoga Investment Corp 8.125% Notes due 2027,N,N
SAZ,Saratoga Investment Corp 8.50% Notes due 2028,N,N
SB,"Safe Bulkers, Inc Common Stock ($0.001 par value)",N,N
SB$C,"Safe Bulkers, Inc Cumulative Redeemable Perpetual Preferred Series C (Marshall Islands)",N,N
SB$D,"Safe Bulkers, Inc Perpetual Preferred Series D (Marshall Islands)",N,N
SBAC,SBA Communications Corporation - Class A Common Stock,NASDAQ,N
SBAR,Simplify Barrier Income ETF,P,Y
SBB,ProShares Short SmallCap600,P,Y
SBC,SBC Medical Group Holdings Incorporated - Common Stock,NASDAQ,N
SBCF,Seacoast Banking Corporation of Florida - Common Stock,NASDAQ,N
SBCWW,SBC Medical Group Holdings Incorporated - Warrants,NASDAQ,N
SBDS,"Solo Brands, Inc. Class A Common Stock",N,N
SBET,"SharpLink Gaming, Inc. - Common Stock",NASDAQ,N
SBEV,"Splash Beverage Group, Inc. (NV) Common Stock",A,N
SBFG,"SB Financial Group, Inc. - Common Stock",NASDAQ,N
SBFM,Sunshine Biopharma Inc. - Common stock,NASDAQ,N
SBFMW,Sunshine Biopharma Inc. - Warrant,NASDAQ,N
SBGI,"Sinclair, Inc. - Class A Common Stock",NASDAQ,N
SBH,"Sally Beauty Holdings, Inc. (Name to be changed from Sally Holdings, Inc.) Common Stock",N,N
SBI,Western Asset Intermediate Muni Fund Inc Common Stock,N,N
SBIL,Simplify Government Money Market ETF,P,Y
SBIO,ALPS Medical Breakthroughs ETF,P,Y
SBIT,ProShares UltraShort Bitcoin ETF,P,Y
SBLK,Star Bulk Carriers Corp. - Common Shares,NASDAQ,N
SBLX,"StableX Technologies, Inc. - Common Stock",NASDAQ,N
SBND,Columbia Short Duration Bond ETF,P,Y
SBR,Sabine Royalty Trust Common Stock,N,N
SBRA,"Sabra Health Care REIT, Inc. - Common Stock",NASDAQ,N
SBS,Companhia de saneamento Basico Do Estado De Sao Paulo - Sabesp American Depositary Shares (Each repstg 250 Common Shares),N,N
SBSI,"Southside Bancshares, Inc. Common Stock",N,N
SBSW,D/B/A Sibanye-Stillwater Limited ADS,N,N
SBTU,T-REX 2X Long SBET Daily Target ETF,Z,Y
SBU,Leverage Shares 2X Long SBUX Daily ETF,NASDAQ,Y
SBUX,Starbucks Corporation - Common Stock,NASDAQ,N
SBXD,SilverBox Corp IV Class A Ordinary Shares,N,N
SBXD.U,"SilverBox Corp IV Units, each consisting of one Class A ordinary share and one-third of one redeemable warrant",N,N
SBXD.W,"SilverBox Corp IV Redeemable warrants, each whole warrant exercisable for one Class A Ordinary Share at an exercise price of $11.50",N,N
SBXE.U,"SilverBox Corp V Units, each consisting of one Class A Ordinary Share and one-third of one redeemable warrant",N,N
SCAG,Scage Future - American Depositary Shares,NASDAQ,N
SCAGW,Scage Future - Warrants,NASDAQ,N
SCAP,Infrastructure Capital Small Cap Income ETF,P,Y
SCC,ProShares UltraShort Consumer Discretionary,P,Y
SCCD,Sachem Capital Corp. 6.00% Notes due 2026,A,N
SCCE,Sachem Capital Corp. 6.00% Notes due 2027,A,N
SCCF,Sachem Capital Corp. 7.125% Notes due 2027,A,N
SCCG,Sachem Capital Corp. 8.00% Notes due 2027,A,N
SCCO,Southern Copper Corporation Common Stock,N,N
SCCR,Schwab Core Bond ETF,P,Y
SCD,LMP Capital and Income Fund Inc. Common Stock,N,N
SCDL,ETRACS 2x Leveraged US Dividend Factor TR ETN,P,Y
SCDS,JPMorgan Fundamental Data Science Small Core ETF,NASDAQ,Y
SCDV,Bahl & Gaynor Small Cap Dividend ETF,P,Y
SCE$G,SCE Trust II Trust Preferred Securities,N,N
SCE$K,Southern California Edison Company 5.45% Fixed-to-Floating Rate Trust Preference Securities,N,N
SCE$L,SCE TRUST VI,N,N
SCE$M,SCE Trust VII 7.50% Trust Preference Securities,N,N
SCE$N,SCE Trust VIII 6.95% Trust Preference Securities,N,N
SCEC,Sterling Capital Enhanced Core Bond ETF,Z,Y
SCEP,Sterling Capital Hedged Equity Premium Income ETF,Z,Y
SCHA,Schwab U.S. Small-Cap ETF,P,Y
SCHB,Schwab U.S. Broad Market ETF,P,Y
SCHC,Schwab International Small-Cap Equity ETF,P,Y
SCHD,Schwab US Dividend Equity ETF,P,Y
SCHE,Schwab Emerging Markets Equity ETF,P,Y
SCHF,Schwab International Equity ETF,P,Y
SCHG,Schwab U.S. Large-Cap Growth ETF,P,Y
SCHH,Schwab U.S. REIT ETF,P,Y
SCHI,Schwab 5-10 Year Corporate Bond ETF,P,Y
SCHJ,Schwab 1-5 Year Corporate Bond ETF,P,Y
SCHK,Schwab 1000 Index ETF,P,Y
SCHL,Scholastic Corporation - Common Stock,NASDAQ,N
SCHM,Schwab U.S. Mid Cap ETF,P,Y
SCHO,Schwab Short-Term U.S. Treasury ETF,P,Y
SCHP,Schwab U.S. TIPS ETF,P,Y
SCHQ,Schwab Long-Term U.S. Treasury ETF,P,Y
SCHR,Schwab Intermediate-Term U.S. Treasury ETF,P,Y
SCHV,Schwab U.S. Large-Cap Value ETF,P,Y
SCHW,Charles Schwab Corporation (The) Common Stock,N,N
SCHW$D,"The Charles Schwab Corporation Depositary Shares each representing 1/40th interest in a share of 5.95% Non-Cumulative Perpetual Preferred Stock, Series D",N,N
SCHW$J,"The Charles Schwab Corporation Depositary Shares, Each Representing a 1/40th Interest in a Share of 4.450% Non-Cumulative Perpetual Preferred Stock, Series J",N,N
SCHX,Schwab U.S. Large-Cap ETF,P,Y
SCHY,Schwab International Dividend Equity ETF,P,Y
SCHZ,Schwab US Aggregate Bond ETF,P,Y
SCI,Service Corporation International Common Stock,N,N
SCIIU,SC II Acquisition Corp. - Units,NASDAQ,N
SCIO,First Trust Structured Credit Income Opportunities ETF,P,Y
SCJ,iShares MSCI Japan Sm Cap,P,Y
SCKT,"Socket Mobile, Inc. - Common Stock",NASDAQ,N
SCL,Stepan Company Common Stock,N,N
SCLS,Stoneport Advisors Commodity Long Short ETF,NASDAQ,Y
SCLX,Scilex Holding Company - Common Stock,NASDAQ,N
SCLXW,Scilex Holding Company - Warrant,NASDAQ,N
SCLZ,Swan Enhanced Dividend Income ETF,Z,Y
SCM,Stellus Capital Investment Corporation Common Stock,N,N
SCMB,Schwab Municipal Bond ETF,P,Y
SCMC,Sterling Capital Multi-Strategy Income ETF,Z,Y
SCNI,Scinai Immunotherapeutics Ltd. - American Depositary Shares,NASDAQ,N
SCNM,Sterling Capital National Municipal Bond ETF,Z,Y
SCNX,"Scienture Holdings, Inc. - Common Stock",NASDAQ,N
SCO,ProShares UltraShort Bloomberg Crude Oil,P,Y
SCOR,"comScore, Inc. - Common Stock",NASDAQ,N
SCOW,Pacer S&P SmallCap 600 Quality FCF Aristocrats ETF,Z,Y
SCPQU,Social Commerce Partners Corporation - Unit,NASDAQ,N
SCSC,"ScanSource, Inc. - Common Stock",NASDAQ,N
SCUS,Schwab Ultra-Short Income ETF,P,Y
SCVL,"Shoe Carnival, Inc. - Common Stock",NASDAQ,N
SCWO,374Water Inc. - common stock,NASDAQ,N
SCYB,Schwab High Yield Bond ETF,P,Y
SCYX,"SCYNEXIS, Inc. - Common Stock",NASDAQ,N
SCZ,iShares MSCI EAFE Small-Cap ETF,NASDAQ,Y
SD,"SandRidge Energy, Inc. Common Stock",N,N
SDA,SunCar Technology Group Inc. - Ordinary Shares,NASDAQ,N
SDAWW,SunCar Technology Group Inc. - Warrant,NASDAQ,N
SDCI,USCF SummerHaven Dynamic Commodity Strategy No K-1 Fund,P,Y
SDCP,Virtus Newfleet Short Duration Core Plus Bond ETF,P,Y
SDD,ProShares UltraShort SmallCap600,P,Y
SDEM,Global X MSCI SuperDividend Emerging Markets ETF,P,Y
SDFI,AB Short Duration Income ETF,P,Y
SDG,iShares MSCI Global Sustainable Development Goals ETF,NASDAQ,Y
SDGR,"Schrodinger, Inc. - Common Stock",NASDAQ,N
SDHC,Smith Douglas Homes Corp. Class A Common Stock,N,N
SDHI,Siddhi Acquisition Corp - Class A Common stock,NASDAQ,N
SDHIR,Siddhi Acquisition Corp - Right,NASDAQ,N
SDHIU,Siddhi Acquisition Corp - Unit,NASDAQ,N
SDHY,PGIM Short Duration High Yield Opportunities Fund Common Shares,N,N
SDIV,Global X SuperDividend ETF,P,Y
SDM,Smart Digital Group Limited - Ordinary Shares,NASDAQ,N
SDOG,ALPS Sector Dividend Dogs ETF,P,Y
SDOT,Sadot Group Inc. - Common Stock,NASDAQ,N
SDOW,UltraPro Short Dow30,P,Y
SDP,ProShares UltraShort Utilities,P,Y
SDRL,Seadrill Limited Common Shares,N,N
SDS,ProShares UltraShort S&P500,P,Y
SDSI,American Century Short Duration Strategic Income ETF,NASDAQ,Y
SDST,Stardust Power Inc. - Common Stock,NASDAQ,N
SDSTW,Stardust Power Inc. - Warrant,NASDAQ,N
SDTY,YieldMax S&P 500 0DTE Covered Call Strategy ETF,NASDAQ,Y
SDVD,FT Vest SMID Rising Dividend Achievers Target Income ETF,Z,Y
SDVY,First Trust SMID Cap Rising Dividend Achievers ETF,NASDAQ,Y
SDY,State Street SPDR S&P Dividend ETF,P,Y
SE,"Sea Limited American Depositary Shares, each representing one Class A Ordinary Share",N,N
SEA,U.S. Global Sea to Sky Cargo ETF,P,Y
SEAL$A,Seapeak LLC 9.00% Series A Cumulative Redeemable Perpetual Preferred Units,N,N
SEAL$B,Seapeak LLC 8.50% Series B Fixed-to-Floating Rate Cumulative Redeemable Perpetual Preferred Units,N,N
SEAT,Vivid Seats Inc. - Class A common stock,NASDAQ,N
SEATW,Vivid Seats Inc. - Warrant,NASDAQ,N
SEB,Seaboard Corporation Common Stock,A,N
SECR,NYLI MacKay Securitized Income ETF,P,Y
SECT,Main Sector Rotation ETF,Z,Y
SEDG,"SolarEdge Technologies, Inc. - Common Stock",NASDAQ,N
SEE,Sealed Air Corporation Common Stock,N,N
SEED,Origin Agritech Limited - Ordinary Shares,NASDAQ,N
SEEM,SEI Select Emerging Markets Equity ETF,NASDAQ,Y
SEER,"Seer, Inc. - Class A Common Stock",NASDAQ,N
SEF,ProShares Short Financials,P,Y
SEG,Seaport Entertainment Group Inc. Common Stock,N,N
SEGG,"Lottery.com, Inc. - Common Stock",NASDAQ,N
SEI,"Solaris Energy Infrastructure, Inc. Class A Common Stock",N,N
SEIC,SEI Investments Company - Common Stock,NASDAQ,N
SEIE,SEI Select International Equity ETF,NASDAQ,Y
SEIM,SEI Enhanced U.S. Large Cap Momentum Factor ETF,Z,Y
SEIQ,SEI Enhanced U.S. Large Cap Quality Factor ETF,Z,Y
SEIS,SEI Select Small Cap ETF,NASDAQ,Y
SEIV,SEI Enhanced U.S. Large Cap Value Factor ETF,Z,Y
SEIX,Virtus Seix Senior Loan ETF,P,Y
SELF,"Global Self Storage, Inc. - Common Stock",NASDAQ,N
SELV,SEI Enhanced Low Volatility U.S. Large Cap ETF,Z,Y
SELX,Semilux International Ltd. - Ordinary Shares,NASDAQ,N
SEM,Select Medical Holdings Corporation Common Stock,N,N
SEMG,Suncoast Select Growth ETF,P,Y
SEMI,Columbia Select Technology ETF,P,Y
SEMR,"SEMrush Holdings, Inc. Class A Common Stock",N,N
SEMY,GraniteShares YieldBOOST Semiconductor ETF,NASDAQ,Y
SENEA,Seneca Foods Corp. - Class A Common Stock,NASDAQ,N
SENEB,Seneca Foods Corp. - Class B Common Stock,NASDAQ,N
SENS,"Senseonics Holdings, Inc. - Common Stock",NASDAQ,N
SEPI,Shelton Equity Premium Income ETF,P,Y
SEPM,FT Vest U.S. Equity Max Buffer ETF - September,Z,Y
SEPN,"Septerna, Inc. - Common Stock",NASDAQ,N
SEPP,PGIM S&P 500 Buffer 12 ETF - September,Z,Y
SEPT,AllianzIM U.S. Large Cap Buffer10 Sep ETF,Z,Y
SEPU,AllianzIM U.S. Equity Buffer15 Uncapped Sep ETF,Z,Y
SEPW,AllianzIM U.S. Large Cap Buffer20 Sep ETF,Z,Y
SEPZ,TrueShares Structured Outcome (September) ETF,Z,Y
SER,"Serina Therapeutics, Inc. Common Stock",A,N
SERA,"Sera Prognostics, Inc. - Class A Common Stock",NASDAQ,N
SERV,Serve Robotics Inc. - Common Stock,NASDAQ,N
SES,SES AI Corporation Class A Common Stock,N,N
SES.W,"SES AI Corporation Warrants, each whole warrant exercisable for one share of Class A Common Stock at an exercise price of $11.50 per share",N,N
SETH,ProShares Short Ether ETF,P,Y
SETM,Sprott Critical Materials ETF,NASDAQ,Y
SEV,Aptera Motors Corp. - Class B Common Stock,NASDAQ,N
SEVN,Seven Hills Realty Trust  - Common Stock,NASDAQ,N
SEZL,Sezzle Inc. - Common Stock,NASDAQ,N
SF,Stifel Financial Corporation Common Stock,N,N
SF$B,"Stifel Financial Corporation Depositary Shares, Each Representing 1/1,000th  Interest in a Share of 6.25% Non-Cumulative  Preferred Stock, Series B",N,N
SF$C,"Stifel Financial Corporation Depositary Shares, Each Representing 1/1,000th Interest in a Share of 6.125% Non Cumulative Preferred Stock, Series C",N,N
SF$D,"Stifel Financial Corporation Depositary Shares, Each Representing 1/1,000th Interest in a Share of 4.50% Non-Cumulative Preferred Stock, Series D",N,N
SFB,Stifel Financial Corporation 5.20% Senior Notes due 2047,N,N
SFBC,"Sound Financial Bancorp, Inc. - Common Stock",NASDAQ,N
SFBS,"ServisFirst Bancshares, Inc. Common Stock",N,N
SFD,"Smithfield Foods, Inc. - Common Stock",NASDAQ,N
SFEB,FT Vest U.S. Small Cap Moderate Buffer ETF - February,Z,Y
SFGV,Sequoia Global Value ETF,P,Y
SFHG,Samfine Creation Holdings Group Limited - Class A Ordinary Share,NASDAQ,N
SFIX,"Stitch Fix, Inc. - Class A Common Stock",NASDAQ,N
SFL,SFL Corporation Ltd,N,N
SFLO,VictoryShares Small Cap Free Cash Flow ETF,NASDAQ,Y
SFLR,Innovator Equity Managed Floor ETF,P,Y
SFM,"Sprouts Farmers Market, Inc. - Common Stock",NASDAQ,N
SFNC,Simmons First National Corporation - Common Stock,NASDAQ,N
SFST,"Southern First Bancshares, Inc. - Common Stock",NASDAQ,N
SFTX,Horizon International Managed Risk ETF,P,Y
SFTY,Horizon Managed Risk ETF,Z,Y
SFWL,Shengfeng Development Limited - Class A Ordinary Shares,NASDAQ,N
SFY,SoFi Select 500 ETF,P,Y
SFYF,SoFi Social 50 ETF,P,Y
SFYX,SoFi Next 500 ETF,P,Y
SG,"Sweetgreen, Inc. Class A Common Stock",N,N
SGA,"Saga Communications, Inc. - Class A Common Stock",NASDAQ,N
SGBX,Safe & Green Holdings Corp. - Common Stock,NASDAQ,N
SGC,"Superior Group of Companies, Inc. - Common Stock",NASDAQ,N
SGDJ,Sprott Junior Gold Miners ETF,P,Y
SGDM,Sprott Gold Miners ETF,P,Y
SGHC,Super Group (SGHC) Limited Ordinary Shares,N,N
SGHT,"Sight Sciences, Inc. - Common Stock",NASDAQ,N
SGI,Somnigroup International Inc. Common Stock,N,N
SGLC,SGI U.S. Large Cap Core ETF,P,Y
SGLY,Singularity Future Technology Ltd. - Common Stock,NASDAQ,N
SGML,Sigma Lithium Corporation - common shares,NASDAQ,N
SGMO,"Sangamo Therapeutics, Inc. - Common Stock",NASDAQ,N
SGMT,Sagimet Biosciences Inc. - Series A Common Stock,NASDAQ,N
SGN,"Signing Day Sports, Inc. Common Stock",A,N
SGOL,abrdn Physical Gold Shares ETF,P,Y
SGOV,iShares 0-3 Month Treasury Bond ETF,P,Y
SGRP,"SPAR Group, Inc. - Common Stock",NASDAQ,N
SGRT,SMART Earnings Growth 30 ETF,P,Y
SGRY,"Surgery Partners, Inc. - Common Stock",NASDAQ,N
SGU,Star Group L.P. Common Stock,N,N
SGVT,Schwab Government Money Market ETF,P,Y
SH,ProShares Short S&P500,P,Y
SHAG,WisdomTree Yield Enhanced U.S. Short-Term Aggregate Bond Fund,Z,Y
SHAK,"Shake Shack, Inc. Class A Common Stock",N,N
SHBI,"Shore Bancshares, Inc. - Common Stock",NASDAQ,N
SHC,Sotera Health Company - Common Stock,NASDAQ,N
SHCO,Soho House & Co Inc. Class A Common Stock,N,N
SHDG,Soundwatch Hedged Equity ETF,Z,Y
SHE,State Street SPDR MSCI USA Gender Diversity ETF,P,Y
SHEH,Shell plc ADRhedged,P,Y
SHEL,Shell PLC American Depositary Shares (each representing two (2) Ordinary Shares),N,N
SHEN,Shenandoah Telecommunications Co - Common Stock,NASDAQ,N
SHFS,"SHF Holdings, Inc. - Class A Common Stock",NASDAQ,N
SHFSW,"SHF Holdings, Inc. - Warrants",NASDAQ,N
SHG,Shinhan Financial Group Co Ltd American Depositary Shares,N,N
SHIM,Shimmick Corporation - Common Stock,NASDAQ,N
SHIP,Seanergy Maritime Holdings Corp. - Common Stock,NASDAQ,N
SHLD,Global X Defense Tech ETF,P,Y
SHLS,"Shoals Technologies Group, Inc. - Class A Common Stock",NASDAQ,N
SHM,State Street SPDR Nuveen ICE Short Term Municipal Bond ETF,P,Y
SHMD,SCHMID Group N.V. - Class A Ordinary Shares,NASDAQ,N
SHMDW,SCHMID Group N.V. - Warrants,NASDAQ,N
SHNY,"MicroSectors Gold 3X Leveraged ETNs due January 29, 2043",P,Y
SHO,"Sunstone Hotel Investors, Inc. Sunstone Hotel Investors, Inc. Common Shares",N,N
SHO$H,"Sunstone Hotel Investors, Inc. 6.125% Series H Cumulative Redeemable Preferred Stock",N,N
SHO$I,"Sunstone Hotel Investors, Inc. 5.70% Series I Cumulative Redeemable Preferred Stock",N,N
SHOC,Strive U.S. Semiconductor ETF,N,Y
SHOO,"Steven Madden, Ltd. - Common Stock",NASDAQ,N
SHOP,Shopify Inc. - Class A Subordinate Voting Shares,NASDAQ,N
SHPD,Direxion Daily SHOP Bear 1X ETF,NASDAQ,Y
SHPH,"Shuttle Pharmaceuticals Holdings, Inc. - common stock",NASDAQ,N
SHPP,Pacer Industrials and Logistics ETF,P,Y
SHPU,Direxion Daily SHOP Bull 2X ETF,NASDAQ,Y
SHRT,Gotham Short Strategies ETF,P,Y
SHRY,First Trust Bloomberg Shareholder Yield ETF,NASDAQ,Y
SHUS,Stratified LargeCap Hedged ETF,P,Y
SHV,iShares 0-1 Year Treasury Bond ETF,NASDAQ,Y
SHW,Sherwin-Williams Company (The) Common Stock,N,N
SHY,iShares 1-3 Year Treasury Bond ETF,NASDAQ,Y
SHYD,VanEck Short High Yield Muni ETF,Z,Y
SHYG,iShares 0-5 Year High Yield Corporate Bond ETF,P,Y
SHYL,Xtrackers Short Duration High Yield Bond ETF,P,Y
SHYM,iShares Short Duration High Yield Muni Active ETF,Z,Y
SI,"Shoulder Innovations, Inc. Common Stock",N,N
SIBN,"SI-BONE, Inc. - Common Stock",NASDAQ,N
SID,Companhia Siderurgica Nacional S.A. Common Stock,N,N
SIDU,"Sidus Space, Inc. - Class A Common Stock",NASDAQ,N
SIEB,Siebert Financial Corp. - Common Stock,NASDAQ,N
SIF,"SIFCO Industries, Inc. Common Stock",A,N
SIFI,Harbor Scientific Alpha Income ETF,P,Y
SIFY,Sify Technologies Limited - American Depository Shares,NASDAQ,N
SIG,Signet Jewelers Limited Common Shares,N,N
SIGA,SIGA Technologies Inc. - Common Stock,NASDAQ,N
SIGI,"Selective Insurance Group, Inc. - Common Stock",NASDAQ,N
SIGIP,"Selective Insurance Group, Inc. - Depositary Shares, each representing a 1/1,000th interest in a share of 4.60% Non-Cumulative Preferred Stock, Series B",NASDAQ,N
SIHY,Harbor Scientific Alpha High-Yield ETF,P,Y
SII,Sprott Inc. Common Shares,N,N
SIJ,ProShares UltraShort Industrials,P,Y
SIL,Global X Silver Miners ETF,P,Y
SILA,"Sila Realty Trust, Inc. Common Stock",N,N
SILC,Silicom Ltd - Ordinary Shares,NASDAQ,N
SILJ,Amplify Junior Silver Miners ETF,P,Y
SILO,"Silo Pharma, Inc. - Common Stock",NASDAQ,N
SIM,"Grupo Simec, S.A.B. de C.V. American Depositary Shares",A,N
SIMA,SIM Acquisition Corp. I - Class A Ordinary Shares,NASDAQ,N
SIMAU,SIM Acquisition Corp. I - Unit,NASDAQ,N
SIMAW,SIM Acquisition Corp. I - Warrant,NASDAQ,N
SIMO,"Silicon Motion Technology Corporation - American Depositary Shares, each representing four ordinary shares",NASDAQ,N
SIMS,State Street SPDR S&P Kensho Intelligent Structures ETF,P,Y
SINT,"SiNtx Technologies, Inc. - Common Stock",NASDAQ,N
SIO,Touchstone Strategic Income ETF,P,Y
SION,"Sionna Therapeutics, Inc. - Common Stock",NASDAQ,N
SIOO,VistaShares Target 15 S&P 100 Distribution ETF,P,Y
SIRI,SiriusXM Holdings Inc. - Common Stock,NASDAQ,N
SITC,SITE Centers Corp. Common Stock,N,N
SITE,"SiteOne Landscape Supply, Inc. Common Stock",N,N
SITM,SiTime Corporation - Common Stock,NASDAQ,N
SIVR,abrdn Physical Silver Shares ETF,P,Y
SIXA,ETC 6 Meridian Mega Cap Equity ETF,P,Y
SIXD,AllianzIM U.S. Large Cap 6 Month Buffer10 Jun/Dec ETF,Z,Y
SIXF,AllianzIM U.S. Large Cap 6 Month Buffer10 Feb/Aug ETF,Z,Y
SIXG,Defiance Connective Technologies ETF,NASDAQ,Y
SIXH,ETC 6 Meridian Hedged Equity Index Option ETF,P,Y
SIXJ,AllianzIM U.S. Large Cap 6 Month Buffer10 Jan/Jul ETF,Z,Y
SIXL,ETC 6 Meridian Low Beta Equity ETF,P,Y
SIXO,AllianzIM U.S. Large Cap 6 Month Buffer10 Apr/Oct ETF,Z,Y
SIXP,AllianzIM U.S. Large Cap 6 Month Buffer10 Mar/Sep ETF,Z,Y
SIXS,ETC 6 Meridian Small Cap Equity ETF,P,Y
SIXZ,AllianzIM U.S. Large Cap 6 Month Buffer10 May/Nov ETF,Z,Y
SIZE,iShares MSCI USA Size Factor ETF,P,Y
SJ,Scienjoy Holding Corporation - Class A Ordinary Shares,NASDAQ,N
SJB,ProShares Short High Yield,P,Y
SJCP,SanJac Alpha Core Plus Bond ETF,NASDAQ,Y
SJLD,SanJac Alpha Low Duration ETF,NASDAQ,Y
SJM,The J.M. Smucker Company Common Stock,N,N
SJNK,State Street SPDR Bloomberg Short Term High Yield Bond ETF,P,Y
SJT,San Juan Basin Royalty Trust Common Stock,N,N
SKBL,Skyline Builders Group Holding Limited - Class A Ordinary Shares,NASDAQ,N
SKE,Skeena Resources Limited Common Shares,N,N
SKF,ProShares UltraShort Financials,P,Y
SKIL,Skillsoft Corp. Class A Common Stock,N,N
SKIN,The Beauty Health Company - Class A Common Stock,NASDAQ,N
SKK,SKK Holdings Limited - Ordinary Shares,NASDAQ,N
SKLZ,Skillz Inc. Class A Common Stock,N,N
SKM,"SK Telecom Co., Ltd. Common Stock",N,N
SKOR,FlexShares Credit-Scored US Corporate Bond Index Fund,NASDAQ,Y
SKRE,Tuttle Capital Daily 2X Inverse Regional Banks ETF,NASDAQ,Y
SKT,Tanger Inc. Common Stock,N,N
SKWD,"Skyward Specialty Insurance Group, Inc. - Common Stock",NASDAQ,N
SKY,"Champion Homes, Inc. Common Stock",N,N
SKYE,"Skye Bioscience, Inc. - Common Stock",NASDAQ,N
SKYH,Sky Harbour Group Corporation Class A Common Stock,N,N
SKYH.W,"Sky Harbour Group Corporation Warrants, each whole warrant exercisable for one share of Class A common stock at an exercise price of $11.50 per share",N,N
SKYQ,Sky Quarry Inc. - Common Stock,NASDAQ,N
SKYT,"SkyWater Technology, Inc. - Common Stock",NASDAQ,N
SKYU,ProShares Ultra Cloud Computing,NASDAQ,Y
SKYW,"SkyWest, Inc. - Common Stock",NASDAQ,N
SKYX,SKYX Platforms Corp. - Common Stock,NASDAQ,N
SKYY,First Trust Cloud Computing ETF,NASDAQ,Y
SLAB,"Silicon Laboratories, Inc. - Common Stock",NASDAQ,N
SLAI,SOLAI Limited American Depositary Shares (each representing one hundred (100) Class A Ordinary Shares),N,N
SLB,SLB Limited Common Shares,N,N
SLDB,Solid Biosciences Inc. - Common Stock,NASDAQ,N
SLDE,"Slide Insurance Holdings, Inc. - Common Stock",NASDAQ,N
SLDP,"Solid Power, Inc. - Class A Common Stock",NASDAQ,N
SLDPW,"Solid Power, Inc. - Warrant",NASDAQ,N
SLDR,Global X Short-Term Treasury Ladder ETF,P,Y
SLE,"Super League Enterprise, Inc. - Common Stock",NASDAQ,N
SLF,Sun Life Financial Inc. Common Stock,N,N
SLG,SL Green Realty Corp Common Stock,N,N
SLG$I,SL Green Realty Corporation Preferred Series I,N,N
SLGB,Smart Logistics Global Limited - Ordinary Shares,NASDAQ,N
SLGL,Sol-Gel Technologies Ltd. - Ordinary Shares,NASDAQ,N
SLGN,Silgan Holdings Inc. Common Stock,N,N
SLI,Standard Lithium Ltd. Common Shares,A,N
SLJY,Amplify SILJ Covered Call ETF,P,Y
SLM,SLM Corporation - Common Stock,NASDAQ,N
SLMBP,"SLM Corporation - Floating Rate Non-Cumulative Preferred Stock, Series B",NASDAQ,N
SLMT,Brera Holdings PLC - Class B Ordinary Shares,NASDAQ,N
SLN,Silence Therapeutics Plc - American Depository Share,NASDAQ,N
SLND,"Southland Holdings, Inc. Common Stock",A,N
SLND.W,"Southland Holdings, Inc. Warrants",A,N
SLNG,"Stabilis Solutions, Inc. - Common Stock",NASDAQ,N
SLNH,"Soluna Holdings, Inc. - Common Stock",NASDAQ,N
SLNHP,"Soluna Holdings, Inc. - 9.0% Series A Cumulative Perpetual Preferred Stock",NASDAQ,N
SLNO,"Soleno Therapeutics, Inc. - Common Stock",NASDAQ,N
SLNZ,TCW Senior Loan ETF,N,Y
SLON,ProShares Ultra Solana ETF,P,Y
SLP,"Simulations Plus, Inc. - Common Stock",NASDAQ,N
SLQD,iShares 0-5 Year Investment Grade Corporate Bond ETF,NASDAQ,Y
SLQT,"SelectQuote, Inc. Common Stock",N,N
SLRC,SLR Investment Corp. - Closed End Fund,NASDAQ,N
SLS,"SELLAS Life Sciences Group, Inc.  - Common Stock",NASDAQ,N
SLSN,"Solesence, Inc. - Common stock",NASDAQ,N
SLSR,Solaris Resources Inc. Common Shares,A,N
SLTY,YieldMax Ultra Short Option Income Strategy ETF,P,Y
SLV,iShares Silver Trust,P,Y
SLVM,Sylvamo Corporation Common Stock,N,N
SLVO,"ETRACS Silver Shares Covered Call ETNs due April 21, 2033",NASDAQ,Y
SLVP,iShares MSCI Global Silver Miners Fund,Z,Y
SLVR,Sprott Silver Miners & Physical Silver ETF,NASDAQ,Y
SLX,VanEck Steel ETF,P,Y
SLXN,Silexion Therapeutics Corp - Ordinary Shares,NASDAQ,N
SLXNW,Silexion Therapeutics Corp - Warrant,NASDAQ,N
SLYG,State Street SPDR S&P 600 Small Cap Growth ETF,P,Y
SLYV,State Street SPDR S&P 600 Small Cap Value ETF,P,Y
SM,SM Energy Company Common Stock,N,N
SMA,"SmartStop Self Storage REIT, Inc. Common Stock",N,N
SMAP,Amplify Small-Mid Cap Equity ETF,P,Y
SMAX,iShares Large Cap Max Buffer Sep ETF,Z,Y
SMAY,FT Vest U.S. Small Cap Moderate Buffer ETF - May,Z,Y
SMB,VanEck Short Muni ETF,Z,Y
SMBC,"Southern Missouri Bancorp, Inc. - Common Stock",NASDAQ,N
SMBK,"SmartFinancial, Inc. Common Stock",N,N
SMBS,Schwab Mortgage-Backed Securities ETF,P,Y
SMC,Summit Midstream Corporation Common Stock,N,N
SMCC,Defiance Leveraged Long + Income SMCI ETF,NASDAQ,Y
SMCF,Themes US Small Cap Cash Flow Champions ETF,NASDAQ,Y
SMCI,"Super Micro Computer, Inc. - Common Stock",NASDAQ,N
SMCL,GraniteShares 2x Long SMCI Daily ETF,NASDAQ,Y
SMCO,Hilton Small-MidCap Opportunity ETF,NASDAQ,Y
SMCX,Defiance Daily Target 2X Long SMCI ETF,NASDAQ,Y
SMCY,YieldMax SMCI Option Income Strategy ETF,P,Y
SMCZ,Defiance Daily Target 2X Short SMCI ETF,NASDAQ,Y
SMDD,UltraPro Short MidCap400,P,Y
SMDV,ProShares Russell 2000 Dividend Growers ETF,Z,Y
SMDX,Intech S&P Small-Mid Cap Diversified Alpha ETF,P,Y
SMFG,Sumitomo Mitsui Financial Group Inc Unsponsored American Depositary Shares (Japan),N,N
SMG,Scotts Miracle-Gro Company (The) Common Stock,N,N
SMH,VanEck Semiconductor ETF,NASDAQ,Y
SMHB,ETRACS Monthly Pay 2x Leveraged Small Cap High Dividend ETN Series B,P,N
SMHI,SEACOR Marine Holdings Inc. Common Stock,N,N
SMHX,VanEck Fabless Semiconductor ETF,NASDAQ,Y
SMID,Smith-Midland Corporation - Common Stock,NASDAQ,N
SMIG,Bahl & Gaynor Small/Mid Cap Income Growth ETF,P,Y
SMIN,Ishares MSCI India Small Cap ETF,Z,Y
SMIZ,Zacks Small/Mid Cap ETF,P,Y
SMJF,SMJ International Holdings Inc. Class A Ordinary Shares,A,N
SMLF,iShares U.S. Small-Cap Equity Factor ETF,P,Y
SMLL,Harbor Active Small Cap ETF,P,Y
SMLR,"Semler Scientific, Inc. - Common Stock",NASDAQ,N
SMLV,State Street SPDR US Small Cap Low Volatility Index ETF,P,Y
SMMD,iShares Russell 2500 ETF,Z,Y
SMMT,Summit Therapeutics Inc.  - Common Stock,NASDAQ,N
SMMU,Short Term Municipal Bond Active Exchange-Traded Fund,P,Y
SMMV,iShares MSCI USA Small-Cap Min Vol Factor ETF,Z,Y
SMN,ProShares UltraShort Materials,P,Y
SMOG,VanEck Low Carbon Energy ETF,P,Y
SMOM,Symmetry Panoramic Sector Momentum ETF,NASDAQ,Y
SMOT,VanEck Morningstar SMID Moat ETF,Z,Y
SMOX,Horizon Small/Mid Cap Core Equity ETF,P,Y
SMP,"Standard Motor Products, Inc. Common Stock",N,N
SMPL,The Simply Good Foods Company - Common Stock,NASDAQ,N
SMQ,Tradr 1X Short Innovation 100 Monthly ETF,Z,Y
SMR,NuScale Power Corporation Class A Common Stock,N,N
SMRI,Bushido Capital US Equity ETF,NASDAQ,Y
SMRT,"SmartRent, Inc. Class A Common Stock",N,N
SMSI,"Smith Micro Software, Inc. - Common Stock",NASDAQ,N
SMST,Defiance Daily Target 2x Short MSTR ETF,NASDAQ,Y
SMTC,Semtech Corporation - Common Stock,NASDAQ,N
SMTH,ALPS Smith Core Plus Bond ETF,P,Y
SMTI,Sanara MedTech Inc. - Common Stock,NASDAQ,N
SMTK,"SmartKem, Inc. - Common Stock",NASDAQ,N
SMU,Tradr 2X Long SMR Daily ETF,Z,Y
SMUP,T-REX 2X Long SMR Daily Target ETF,Z,Y
SMWB,Similarweb Ltd. Ordinary Shares,N,N
SMX,SMX (Security Matters) Public Limited Company - Ordinary Shares,NASDAQ,N
SMXT,Solarmax Technology Inc. - Common Stock,NASDAQ,N
SMXWW,SMX (Security Matters) Public Limited Company - Warrant,NASDAQ,N
SMYY,GraniteShares YieldBOOST SMCI ETF,NASDAQ,Y
SN,"SharkNinja, Inc. Ordinary Shares",N,N
SNA,Snap-On Incorporated Common Stock,N,N
SNAG,Leverage Shares 2x Long SNAP Daily ETF,NASDAQ,Y
SNAL,"Snail, Inc. - Class A Common Stock",NASDAQ,N
SNAP,Snap Inc. Class A Common Stock,N,N
SNAV,Mohr Sector Nav ETF,Z,Y
SNBR,Sleep Number Corporation - Common Stock,NASDAQ,N
SNCR,"Synchronoss Technologies, Inc. - Common Stock",NASDAQ,N
SNCY,"Sun Country Airlines Holdings, Inc. - Common Stock",NASDAQ,N
SND,"Smart Sand, Inc. - Common Stock",NASDAQ,N
SNDA,"Sonida Senior Living, Inc. Common Stock",N,N
SNDK,Sandisk Corporation - Common Stock,NASDAQ,N
SNDL,SNDL Inc. - Common Shares,NASDAQ,N
SNDR,"Schneider National, Inc. Common Stock",N,N
SNDX,"Syndax Pharmaceuticals, Inc. - Common Stock",NASDAQ,N
SNES,"SenesTech, Inc. - Common Stock",NASDAQ,N
SNEX,StoneX Group Inc. - Common Stock,NASDAQ,N
SNFCA,Security National Financial Corporation - Class A Common Stock,NASDAQ,N
SNGX,"Soligenix, Inc. - Common Stock",NASDAQ,N
SNN,"Smith & Nephew SNATS, Inc. Common Stock",N,N
SNOA,"Sonoma Pharmaceuticals, Inc. - Common Stock",NASDAQ,N
SNOU,T-REX 2X Long SNOW Daily Target ETF,Z,Y
SNOV,FT Vest U.S. Small Cap Moderate Buffer ETF - November,Z,Y
SNOW,Snowflake Inc. Common Stock,N,N
SNOY,YieldMax SNOW Option Income Strategy ETF,P,Y
SNPD,Xtrackers S&P Dividend Aristocrats Screened ETF,Z,Y
SNPE,Xtrackers S&P 500 Scored & Screened ETF,P,Y
SNPG,Xtrackers S&P 500 Growth Scored & Screened ETF,Z,Y
SNPS,"Synopsys, Inc. - Common Stock",NASDAQ,N
SNPX,Tradr 2X Long SNPS Daily ETF,Z,Y
SNSE,"Sensei Biotherapeutics, Inc. - Common Stock",NASDAQ,N
SNSR,Global X Internet of Things ETF,NASDAQ,Y
SNT,Senstar Technologies Corporation - Common Shares,NASDAQ,N
SNTG,Sentage Holdings Inc. - Class A Ordinary Shares,NASDAQ,N
SNTH,MRP SynthEquity ETF,P,Y
SNTI,"Senti Biosciences, Inc.  - Common Stock",NASDAQ,N
SNWV,"SANUWAVE Health, Inc. - Common Stock",NASDAQ,N
SNX,TD SYNNEX Corporation Common Stock,N,N
SNY,Sanofi - American Depositary Shares,NASDAQ,N
SNYR,Synergy CHC Corp. - Common Stock,NASDAQ,N
SO,Southern Company (The) Common Stock,N,N
SOAR,"Volato Group, Inc. Class A Common Stock",A,N
SOBO,South Bow Corporation Common Shares,N,N
SOBR,"SOBR Safe, Inc. - Common Stock",NASDAQ,N
SOC,Sable Offshore Corp. Common Stock,N,N
SOCA,Solarius Capital Acquisition Corp. - Class A Ordinary Share,NASDAQ,N
SOCAU,Solarius Capital Acquisition Corp. - Units,NASDAQ,N
SOCAW,Solarius Capital Acquisition Corp. - Warrant,NASDAQ,N
SOCL,Global X Social Media ETF,NASDAQ,Y
SOEZ,Franklin Solana ETF,P,Y
SOFI,"SoFi Technologies, Inc.  - Common Stock",NASDAQ,N
SOFR,Amplify Samsung SOFR ETF,P,Y
SOFX,Defiance Daily Target 2X Long SOFI ETF,NASDAQ,Y
SOGP,Sound Group Inc. - American Depositary Shares,NASDAQ,N
SOHO,Sotherly Hotels Inc. - Common Stock,NASDAQ,N
SOHOB,Sotherly Hotels Inc. - 8.0% Series B Cumulative Redeemable Perpetual Preferred Stock,NASDAQ,N
SOHON,Sotherly Hotels Inc. - 8.25% Series D Cumulative Redeemable Perpetual Preferred Stock,NASDAQ,N
SOHOO,Sotherly Hotels Inc. - 7.875% Series C Cumulative Redeemable Perpetual Preferred Stock,NASDAQ,N
SOHU,Sohu.com Limited  - American Depositary Shares,NASDAQ,N
SOJC,"Southern Company (The) Series 2017B 5.25% Junior Subordinated Notes due December 1, 2077",N,N
SOJD,"Southern Company (The) Series 2020A 4.95% Junior Subordinated Notes due January 30, 2080",N,N
SOJE,"Southern Company (The) Series 2020C 4.20% Junior Subordinated Notes due October 15, 2060",N,N
SOJF,"Southern Company (The) Series 2025A 6.50% Junior Subordinated Notes due March 15, 2085",N,N
SOLC,Canary Marinade Solana ETF,NASDAQ,Y
SOLM,Amplify Solana 3% Monthly Option Income ETF,Z,Y
SOLR,Guinness Atkinson Sustainable Energy ETF,P,Y
SOLS,Solstice Advanced Materials Inc. - Common Stock,NASDAQ,N
SOLT,2x Solana ETF,NASDAQ,Y
SOLV,Solventum Corporation Common Stock,N,N
SOLX,T-REX 2X Long SOL Daily Target ETF,Z,Y
SOLZ,Solana ETF,NASDAQ,Y
SOMN,Southern Company (The) 2025 Series A Corporate Units,N,N
SON,Sonoco Products Company Common Stock,N,N
SONM,"Sonim Technologies, Inc. - Common Stock",NASDAQ,N
SONO,"Sonos, Inc. - Common Stock",NASDAQ,N
SONY,Sony Group Corporation American Depositary Shares,N,N
SOPA,Society Pass Incorporated - Common Stock,NASDAQ,N
SOPH,SOPHiA GENETICS SA - Ordinary Shares,NASDAQ,N
SOR,"Source Capital, Inc. Cmn Shs of BI",N,N
SORA,AsiaStrategy - Ordinary Shares,NASDAQ,N
SORNU,Soren Acquisition Corp. - Unit,NASDAQ,N
SOS,SOS Limited Class A Ordinary Shares,N,N
SOTK,Sono-Tek Corporation - Common Stock,NASDAQ,N
SOUL,Soulpower Acquisition Corporation Class A Ordinary Shares,N,N
SOUL.R,"Soulpower Acquisition Corporation Rights, each right entitling the holder to receive one-tenth (1/10) of one Class A Ordinary Share",N,N
SOUL.U,"Soulpower Acquisition Corporation Units, each consisting of one Class A ordinary share and one right",N,N
SOUN,"SoundHound AI, Inc. - Class A Common Stock",NASDAQ,N
SOUNW,"SoundHound AI, Inc. - Warrant",NASDAQ,N
SOUX,Defiance Daily Target 2X Long SOUN ETF,NASDAQ,Y
SOVF,Sovereign's Capital Flourish Fund,P,Y
SOWG,Sow Good Inc. - Common Stock,NASDAQ,N
SOXL,Direxion Daily Semiconductor Bull 3X Shares,P,Y
SOXQ,Invesco PHLX Semiconductor ETF,NASDAQ,Y
SOXS,Direxion Daily Semiconductor Bear 3X Shares,P,Y
SOXX,iShares PHLX SOX Semiconductor Sector Index Fund,NASDAQ,Y
SOXY,YieldMax Target 12 Semiconductor Option Income ETF,P,Y
SOYB,Teucrium Soybean Fund ETV,P,Y
SPAB,State Street SPDR Portfolio Aggregate Bond ETF,P,Y
SPAI,Safe Pro Group Inc. - Common Stock,NASDAQ,N
SPAM,Themes Cybersecurity ETF,NASDAQ,Y
SPAQ,Horizon Kinetics SPAC Active ETF,NASDAQ,Y
SPB,"Spectrum Brands Holdings, Inc. Common Stock",N,N
SPBC,Simplify US Equity PLUS Bitcoin Strategy ETF,NASDAQ,Y
SPBO,State Street SPDR Portfolio Corporate Bond ETF,P,Y
SPBU,AllianzIM Buffer15 Uncapped Allocation ETF,Z,Y
SPBW,AllianzIM Buffer20 Allocation ETF,Z,Y
SPBX,AllianzIM 6 Month Buffer10 Allocation ETF,Z,Y
SPC,CrossingBridge Pre-Merger SPAC ETF,NASDAQ,Y
SPCB,"SuperCom, Ltd. - Ordinary Shares",NASDAQ,N
SPCE,"Virgin Galactic Holdings, Inc. Common Stock",N,N
SPCT,Liberty One Spectrum ETF,NASDAQ,Y
SPCX,SPAC and New Issue ETF,NASDAQ,Y
SPCZ,RiverNorth Enhanced Pre-Merger SPAC ETF,Z,Y
SPD,Simplify US Equity PLUS Downside Convexity ETF,P,Y
SPDG,State Street SPDR Portfolio S&P Sector Neutral Dividend ETF,P,Y
SPDN,Direxion Daily S&P 500 Bear 1X Shares,P,Y
SPDV,AAM S&P 500 High Dividend Value ETF,P,Y
SPDW,SPDR Portfolio Developed World ex-US ETF,P,Y
SPE,"Special Opportunities Fund, Inc Common Stock",N,N
SPE$C,"Special Opportunities Fund Inc. 2.75% Convertible Preferred Stock, Series C",N,N
SPEG,Silver Pegasus Acquisition Corp - Class A Ordinary Shares,NASDAQ,N
SPEGR,Silver Pegasus Acquisition Corp - Rights,NASDAQ,N
SPEGU,Silver Pegasus Acquisition Corp - Unit,NASDAQ,N
SPEM,SPDR Portfolio Emerging Markets ETF,P,Y
SPEU,SPDR Portfolio Europe ETF,P,Y
SPFF,Global X SuperIncome Preferred ETF,P,Y
SPFI,"South Plains Financial, Inc. - Common Stock",NASDAQ,N
SPG,"Simon Property Group, Inc. Common Stock",N,N
SPG$J,"Simon Property Group, Inc. Simon Property Group 8 3/8% Series J Cumulative Redeemable Preferred Stock",N,N
SPGI,S&P Global Inc. Common Stock,N,N
SPGM,SPDR Portfolio MSCI Global Stock Market ETF,P,Y
SPGP,Invesco S&P 500 GARP ETF,P,Y
SPH,"Suburban Propane Partners, L.P. Common Stock",N,N
SPHB,Invesco S&P 500 High Beta ETF,P,Y
SPHD,Invesco S&P 500 High Dividend Low Volatility ETF,P,Y
SPHL,Springview Holdings Ltd - Ordinary shares,NASDAQ,N
SPHQ,Invesco S&P 500 Quality ETF,P,Y
SPHR,Sphere Entertainment Co. Class A Common Stock,N,N
SPHY,State Street SPDR Portfolio High Yield Bond ETF,P,Y
SPIB,State Street SPDR Portfolio Intermediate Term Corporate Bond ETF,P,Y
SPIN,State Street US Equity Premium Income ETF,Z,Y
SPIP,State Street SPDR Portfolio TIPS ETF,P,Y
SPIR,"Spire Global, Inc. Class A Common Stock",N,N
SPIT,F/m Emerald Special Situations ETF,NASDAQ,Y
SPKL,Spark I Acquisition Corp. - Class A Ordinary Share,NASDAQ,N
SPKLU,Spark I Acquisition Corp. - Unit,NASDAQ,N
SPKLW,Spark I Acquisition Corp. - Warrant,NASDAQ,N
SPLB,State Street SPDR Portfolio Long Term Corporate Bond ETF,P,Y
SPLV,Invesco S&P 500 Low Volatility ETF,P,Y
SPMA,"Sound Point Meridian Capital, Inc. 8.00% Series A Preferred Shares Due 2029",N,N
SPMB,State Street SPDR Portfolio Mortgage Backed Bond ETF,P,Y
SPMC,"Sound Point Meridian Capital, Inc. Common Stock",N,N
SPMD,State Street SPDR Portfolio S&P 400 Mid Cap ETF,P,Y
SPME,"Sound Point Meridian Capital, Inc. 7.875% Series B Preferred Shares due 2030",N,N
SPMO,Invesco S&P 500 Momentum ETF,P,Y
SPMV,Invesco S&P 500 Minimum Variance ETF,Z,Y
SPNT,SiriusPoint Ltd. Common Shares,N,N
SPNT$B,"SiriusPoint Ltd. 8.00% Resettable Fixed Rate Preference Shares, Series B, $25.00 liquidation preference per share",N,N
SPOG,Leverage Shares 2X Long SPOT Daily ETF,NASDAQ,Y
SPOK,"Spok Holdings, Inc. - Common Stock",NASDAQ,N
SPOT,Spotify Technology S.A. Ordinary Shares,N,N
SPPL,SIMPPLE LTD. - Ordinary Shares,NASDAQ,N
SPPP,Sprott Physical Platinum and Palladium Trust,P,Y
SPRB,"Spruce Biosciences, Inc. - Common Stock",NASDAQ,N
SPRC,SciSparc Ltd. - Ordinary Shares,NASDAQ,N
SPRE,SP Funds S&P Global REIT Sharia ETF,P,Y
SPRO,"Spero Therapeutics, Inc. - Common Stock",NASDAQ,N
SPRU,Spruce Power Holding Corporation Class A Common Stock,N,N
SPRX,Spear Alpha ETF,NASDAQ,Y
SPRY,"ARS Pharmaceuticals, Inc. - Common Stock",NASDAQ,N
SPSB,State Street SPDR Portfolio Short Term Corporate Bond ETF,P,Y
SPSC,"SPS Commerce, Inc. - Common Stock",NASDAQ,N
SPSK,SP Funds Dow Jones Global Sukuk ETF,P,Y
SPSM,State Street SPDR Portfolio S&P 600 Small Cap ETF,P,Y
SPT,"Sprout Social, Inc - Class A Common Stock",NASDAQ,N
SPTB,State Street SPDR Portfolio Treasury ETF,P,Y
SPTE,SP Funds S&P Global Technology ETF,P,Y
SPTI,State Street SPDR Portfolio Intermediate Term Treasury ETF,P,Y
SPTL,State Street SPDR Portfolio Long Term Treasury ETF,P,Y
SPTM,State Street SPDR Portfolio S&P 1500 Composite Stock Market ETF,P,Y
SPTS,State Street SPDR Portfolio Short Term Treasury ETF,P,Y
SPTU,State Street SPDR Portfolio Ultra Short T-Bill ETF,P,Y
SPUC,Simplify US Equity PLUS Upside Convexity ETF,P,Y
SPUS,SP Funds S&P 500 Sharia Industry Exclusions ETF,P,Y
SPUT,Innovator Equity Premium Income - Daily PutWrite ETF,P,Y
SPUU,Direxion Daily S&P 500 Bull 2X Shares,P,Y
SPVM,Invesco S&P 500 Value with Momentum ETF,P,Y
SPVU,Invesco S&P 500 Enhanced Value ETF,P,Y
SPWH,"Sportsman's Warehouse Holdings, Inc. - Common Stock",NASDAQ,N
SPWO,SP Funds S&P World (ex-US) ETF,P,Y
SPWR,SunPower Inc. - Common Stock,NASDAQ,N
SPWRW,SunPower Inc. - Warrant,NASDAQ,N
SPXC,"SPX Technologies, Inc. Common Stock",N,N
SPXD,Xtrackers S&P 500 Diversified Sector Weight ETF,NASDAQ,Y
SPXE,ProShares S&P 500 Ex-Energy ETF,P,Y
SPXL,Direxion Daily S&P 500 Bull 3X Shares,P,Y
SPXN,ProShares S&P 500 Ex-Financials ETF,P,Y
SPXS,Direxion Daily S&P 500 Bear 3X,P,Y
SPXT,ProShares S&P 500 Ex-Technology ETF,P,Y
SPXU,ProShares UltraPro Short S&P500,P,Y
SPXV,ProShares S&P 500 Ex-Health Care ETF,P,Y
SPXX,Nuveen S&P 500 Dynamic Overwrite Fund,N,N
SPY,SPDR S&P 500,P,Y
SPYA,Twin Oak Endure ETF,Z,Y
SPYC,Simplify US Equity PLUS Convexity ETF,P,Y
SPYD,State Street SPDR Portfolio S&P 500 High Dividend ETF,P,Y
SPYG,State Street SPDR Portfolio S&P 500 Growth ETF,P,Y
SPYH,NEOS S&P 500 Hedged Equity Income ETF,Z,Y
SPYI,NEOS S&P 500 High Income ETF,Z,Y
SPYM,State Street SPDR Portfolio S&P 500 ETF,P,Y
SPYQ,Tradr 2X Long SPY Quarterly ETF,NASDAQ,Y
SPYT,Defiance S&P 500 Target Income ETF,P,Y
SPYU,"MAX S&P 500 4X Leveraged ETNs due October 30, 2043",P,Y
SPYV,State Street SPDR Portfolio S&P 500 Value ETF,P,Y
SPYX,State Street SPDR S&P 500 Fossil Fuel Reserves Free ETF,P,Y
SQFT,"Presidio Property Trust, Inc. - Class A Common Stock",NASDAQ,N
SQFTP,"Presidio Property Trust, Inc. - 9.375% Series D Cumulative Redeemable Perpetual Preferred Stock, $0.01 par value per share",NASDAQ,N
SQFTW,"Presidio Property Trust, Inc. - Series A Common Stock Purchase Warrants",NASDAQ,N
SQLV,Royce Quant Small-Cap Quality Value ETF,NASDAQ,Y
SQM,Sociedad Quimica y Minera S.A. Common Stock,N,N
SQMX,FT Vest U.S. Equity Quarterly Max Buffer ETF,Z,Y
SQNS,Sequans Communications S.A. American Depositary Shares (each representing one hundred (100) Ordinary Shares),N,N
SQQQ,ProShares UltraPro Short QQQ,NASDAQ,Y
SR,Spire Inc. Common Stock,N,N
SR$A,"Spire Inc. Depositary Shares, each representing a 1/1,000th interest in a share of 5.90% Series A Cumulative Redeemable Perpetual Preferred Stock",N,N
SRAD,Sportradar Group AG - Class A Ordinary Shares,NASDAQ,N
SRBK,"SR Bancorp, Inc. - Common stock",NASDAQ,N
SRCE,1st Source Corporation - Common Stock,NASDAQ,N
SRE,DBA Sempra Common Stock,N,N
SREA,DBA Sempra 5.750% Junior Subordinated Notes due 2079,N,N
SRET,Global X SuperDividend REIT ETF,NASDAQ,Y
SRFM,Surf Air Mobility Inc. Common Stock,N,N
SRG,Seritage Growth Properties Class A Common Stock,N,N
SRG$A,Seritage Growth Properties 7.00% Series A Cumulative Redeemable Preferred Shares of Beneficial Interest,N,N
SRHQ,SRH U.S. Quality GARP ETF,P,Y
SRHR,SRH REIT Covered Call ETF,P,Y
SRI,"Stoneridge, Inc. Common Stock",N,N
SRL,Scully Royalty Ltd.,N,N
SRLN,State Street Blackstone Senior Loan ETF,P,Y
SROI,Calamos Antetokounmpo Global Sustainable Equities ETF,P,Y
SRPT,"Sarepta Therapeutics, Inc. - Common Stock",NASDAQ,N
SRPU,Tradr 2X Long SRPT Daily ETF,Z,Y
SRRK,Scholar Rock Holding Corporation - Common Stock,NASDAQ,N
SRS,ProShares UltraShort Real Estate,P,Y
SRTA,"Strata Critical Medical, Inc. - Class A Common Stock",NASDAQ,N
SRTAW,"Strata Critical Medical, Inc. - Warrants",NASDAQ,N
SRTS,"Sensus Healthcare, Inc. - Common Stock",NASDAQ,N
SRTY,ProShares UltraPro Short Russell2000,P,Y
SRV,NXG Cushing Midstream Energy Fund Common Shares of Beneficial Interest,N,N
SRVR,Pacer Data & Infrastructure Real Estate ETF,P,Y
SRXH,"SRX Health Solutions, Inc. Common Stock",A,N
SRZN,"Surrozen, Inc. - Common Stock",NASDAQ,N
SRZNW,"Surrozen, Inc. - Warrant",NASDAQ,N
SSB,SouthState Bank Corporation Common Stock,N,N
SSBI,Summit State Bank - Common Stock,NASDAQ,N
SSD,"Simpson Manufacturing Company, Inc. Common Stock",N,N
SSEA,Starry Sea Acquisition Corp - Ordinary Shares,NASDAQ,N
SSEAR,Starry Sea Acquisition Corp - Rights,NASDAQ,N
SSEAU,Starry Sea Acquisition Corp - Unit,NASDAQ,N
SSFI,Day Hagan Smart Sector Fixed Income ETF,P,Y
SSG,ProShares UltraShort Semiconductors,P,Y
SSII,SS Innovations International Inc. - Common Stock,NASDAQ,N
SSK,REX-Osprey SOL + Staking ETF,Z,Y
SSKN,"Strata Skin Sciences, Inc. - Common Stock",NASDAQ,N
SSL,Sasol Ltd. American Depositary Shares,N,N
SSM,Sono Group N.V. - Ordinary Shares,NASDAQ,N
SSNC,"SS&C Technologies Holdings, Inc. - Common Stock",NASDAQ,N
SSO,ProShares Ultra S&P500,P,Y
SSP,E.W. Scripps Company (The) - Class A Common Stock,NASDAQ,N
SSPY,Stratified LargeCap Index ETF,P,Y
SSRM,SSR Mining Inc. - Common Stock,NASDAQ,N
SSSS,SuRo Capital Corp. - Closed End Fund,NASDAQ,N
SSSSL,SuRo Capital Corp. - 6.00% Notes due 2026,NASDAQ,N
SST,"System1, Inc. Class A Common Stock",N,N
SSTI,"SoundThinking, Inc. - Common Stock",NASDAQ,N
SSTK,"Shutterstock, Inc. Common Stock",N,N
SSUS,Day Hagan Smart Sector ETF,P,Y
SSXU,Day Hagan Smart Sector International ETF,P,Y
SSYS,"Stratasys, Ltd. - Common Stock",NASDAQ,N
ST,Sensata Technologies Holding plc Ordinary Shares,N,N
STAA,STAAR Surgical Company - Common Stock,NASDAQ,N
STAG,"Stag Industrial, Inc. Common Stock",N,N
STAI,ScanTech AI Systems Inc. - Common stock,NASDAQ,N
STAK,STAK Inc. - Class A Ordinary Shares,NASDAQ,N
STAX,Nomura Tax-Free USA Short Term ETF,P,Y
STBA,"S&T Bancorp, Inc. - Common Stock",NASDAQ,N
STBF,Performance Trust Short Term Bond ETF,Z,Y
STBQ,Amplify Stablecoin Technology ETF,P,Y
STC,Stewart Information Services Corporation Common Stock,N,N
STCE,Schwab Crypto Thematic ETF,P,Y
STE,STERIS plc (Ireland) Ordinary Shares,N,N
STEL,"Stellar Bancorp, Inc. Common Stock",N,N
STEM,"Stem, Inc. Class A Common Stock",N,N
STEN,iShares Large Cap 10% Target Buffer Sep ETF,Z,Y
STEP,StepStone Group Inc. - Class A Common Stock,NASDAQ,N
STEW,"SRH Total Return Fund, Inc. Common Stock",N,N
STEX,Streamex Corp. - Common Stock,NASDAQ,N
STFS,Star Fashion Culture Holdings Limited - Class A Ordinary Shares,NASDAQ,N
STG,"Sunlands Technology Group American Depositary Shares, representing Class A ordinary shares",N,N
STGW,Stagwell Inc. - Class A Common Stock,NASDAQ,N
STHH,STMicroelectronics NV ADRhedged,P,Y
STHO,Star Holdings - Shares of Beneficial Interest,NASDAQ,N
STI,"Solidion Technology, Inc. - Common Stock",NASDAQ,N
STIM,"Neuronetics, Inc. - Common Stock",NASDAQ,N
STIP,iShares 0-5 Year TIPS Bond ETF,P,Y
STK,Columbia Seligman Premium Technology Growth Fund Inc,N,N
STKE,Sol Strategies Inc. - Common Shares,NASDAQ,N
STKH,Steakholder Foods Ltd. - American Depositary Shares,NASDAQ,N
STKL,"SunOpta, Inc. - Common Stock",NASDAQ,N
STKS,"The ONE Group Hospitality, Inc. - Common Stock",NASDAQ,N
STLA,Stellantis N.V. Common Shares,N,N
STLD,"Steel Dynamics, Inc. - Common Stock",NASDAQ,N
STM,STMicroelectronics N.V. Common Stock,N,N
STN,Stantec Inc Common Stock,N,N
STNC,Hennessy Sustainable ETF,NASDAQ,Y
STNE,StoneCo Ltd. - Class A Common Share,NASDAQ,N
STNG,Scorpio Tankers Inc. Common Shares,N,N
STOK,"Stoke Therapeutics, Inc. - Common Stock",NASDAQ,N
STOT,State Street DoubleLine Short Duration Total Return Tactical ETF,Z,Y
STOX,Horizon Core Equity ETF,Z,Y
STPZ,PIMCO 1-5 Year U.S. TIPS Index Exchange-Traded Fund,P,Y
STRA,"Strategic Education, Inc. - Common Stock",NASDAQ,N
STRC,Strategy Inc - Variable Rate Series A Perpetual Stretch Preferred Stock,NASDAQ,N
STRD,Strategy Inc - 10.00% Series A Perpetual Stride Preferred Stock,NASDAQ,N
STRF,Strategy Inc - 10.00% Series A Perpetual Strife Preferred Stock,NASDAQ,N
STRK,Strategy Inc - 8.00% Series A Perpetual Strike Preferred Stock,NASDAQ,N
STRL,"Sterling Infrastructure, Inc. - Common Stock",NASDAQ,N
STRN,SMART Trend 25 ETF,P,Y
STRO,"Sutro Biopharma, Inc. - Common Stock",NASDAQ,N
STRR,"Star Equity Holdings, Inc. - Common Stock",NASDAQ,N
STRRP,"Star Equity Holdings, Inc. - 10% Series A Cumulative Perpetual Preferred Stock",NASDAQ,N
STRS,Stratus Properties Inc. - Common Stock,NASDAQ,N
STRT,STRATTEC SECURITY CORPORATION - Common Stock,NASDAQ,N
STRV,Strive 500 ETF,N,Y
STRW,"Strawberry Fields REIT, Inc. Common Stock",A,N
STRZ,Starz Entertainment Corp. - Common Shares,NASDAQ,N
STSM,Defiance Daily Target 2X Short TSM ETF,P,Y
STSS,Sharps Technology Inc. - Common Stock,NASDAQ,N
STSSW,Sharps Technology Inc. - Warrant,NASDAQ,N
STT,State Street Corporation Common Stock,N,N
STT$G,"State Street Corporation Depositary shares, each representing a 1/4,000th ownership interest in a share of Fixed-to-Floating Rate Non-Cumulative",N,N
STTK,"Shattuck Labs, Inc. - Common Stock",NASDAQ,N
STUB,"StubHub Holdings, Inc. Class A Common Stock",N,N
STVN,Stevanato Group S.p.A. Ordinary Shares,N,N
STWD,"STARWOOD PROPERTY TRUST, INC. Starwood Property Trust Inc.",N,N
STX,Seagate Technology Holdings PLC - Ordinary Shares (Ireland),NASDAQ,N
STXD,Strive 1000 Dividend Growth ETF,N,Y
STXE,Strive Emerging Markets Ex-China ETF,N,Y
STXG,Strive 1000 Growth ETF,N,Y
STXI,Strive International Developed Markets ETF,N,Y
STXK,Strive Small-Cap ETF,N,Y
STXM,Strive Mid-Cap ETF,N,Y
STXS,"Stereotaxis, Inc. Common Stock",A,N
STXT,Strive Total Return Bond ETF,N,Y
STXV,Strive 1000 Value ETF,N,Y
STZ,"Constellation Brands, Inc. Common Stock",N,N
SU,Suncor Energy  Inc. Common Stock,N,N
SUB,iShares Short-Term National Muni Bond ETF,P,Y
SUGP,SU Group Holdings Limited - Ordinary Shares,NASDAQ,N
SUI,"Sun Communities, Inc. Common Stock",N,N
SUIG,Sui Group Holdings Limited - Common Stock,NASDAQ,N
SUN,Sunoco LP Common Units representing limited partner interests,N,N
SUNC,"SunocoCorp LLC Common Units, representing limited liability company interests",N,N
SUNE,"SUNation Energy, Inc. - Common Stock",NASDAQ,N
SUNS,"Sunrise Realty Trust, Inc. - Common Stock",NASDAQ,N
SUPL,ProShares Supply Chain Logistics ETF,P,Y
SUPN,"Supernus Pharmaceuticals, Inc. - Common Stock",NASDAQ,N
SUPP,TCW Transform Supply Chain ETF,NASDAQ,Y
SUPV,Grupo Supervielle S.A. American Depositary Shares each Representing five Class B shares,N,N
SUPX,SuperX AI Technology Limited - Ordinary Shares,NASDAQ,N
SURE,AdvisorShares Insider Advantage ETF,P,Y
SURG,"SurgePays, Inc. - Common Stock",NASDAQ,N
SURI,Simplify Propel Opportunities ETF,P,Y
SUSA,iShares ESG Optimized MSCI USA ETF,P,Y
SUSB,iShares ESG Aware 1-5 Year USD Corporate Bond ETF,NASDAQ,Y
SUSC,iShares ESG Aware USD Corporate Bond ETF,NASDAQ,Y
SUSL,iShares ESG MSCI USA Leaders ETF,NASDAQ,Y
SUUN,PowerBank Corporation - Common Stock,NASDAQ,N
SUZ,Suzano S.A. American Depositary Shares (each representing One Ordinary Share),N,N
SVA,"Sinovac Biotech, Ltd. - Ordinary Shares (Antigua/Barbudo)",NASDAQ,N
SVAC,Spring Valley Acquisition Corp. III - Class A Ordinary Shares,NASDAQ,N
SVACU,Spring Valley Acquisition Corp. III - Unit,NASDAQ,N
SVACW,Spring Valley Acquisition Corp. III - Warrant,NASDAQ,N
SVAL,iShares US Small Cap Value Factor ETF,Z,Y
SVAQU,Silicon Valley Acquisition Corp. - Units,NASDAQ,N
SVC,Service Properties Trust - Shares of Beneficial Interest,NASDAQ,N
SVCC,Stellar V Capital Corp. - Class A Ordinary Shares,NASDAQ,N
SVCCU,Stellar V Capital Corp. - Unit,NASDAQ,N
SVCCW,Stellar V Capital Corp. - Warrant,NASDAQ,N
SVCO,"Silvaco Group, Inc. - Common Stock",NASDAQ,N
SVIX,-1x Short VIX Futures ETF,Z,Y
SVM,Silvercorp Metals Inc. Common Shares,A,N
SVOL,Simplify Volatility Premium ETF,P,Y
SVRA,"Savara, Inc. - Common Stock",NASDAQ,N
SVRE,SaverOne 2014 Ltd. - American Depositary Shares,NASDAQ,N
SVREW,SaverOne 2014 Ltd. - Warrant,NASDAQ,N
SVRN,OceanPal Inc. - Common Stock,NASDAQ,N
SVV,"Savers Value Village, Inc. Common Stock",N,N
SVXY,ProShares Short VIX Short Term Futures ETF,Z,Y
SW,Smurfit WestRock plc Ordinary Shares,N,N
SWAG,"Stran & Company, Inc. - Common Stock",NASDAQ,N
SWAGW,"Stran & Company, Inc. - Warrant",NASDAQ,N
SWAN,Amplify BlackSwan Growth & Treasury Core ETF,P,Y
SWBI,"Smith & Wesson Brands, Inc. - Common Stock",NASDAQ,N
SWIM,"Latham Group, Inc. - Common Stock",NASDAQ,N
SWK,"Stanley Black & Decker, Inc. Common Stock",N,N
SWKH,SWK Holdings Corporation - Common Stock,NASDAQ,N
SWKHL,SWK Holdings Corporation - 9.00% Senior Notes due 2027,NASDAQ,N
SWKS,"Skyworks Solutions, Inc. - Common Stock",NASDAQ,N
SWP,SWP Growth & Income ETF,NASDAQ,Y
SWVL,Swvl Holdings Corp - Ordinary Shares,NASDAQ,N
SWVLW,Swvl Holdings Corp - Warrant,NASDAQ,N
SWX,"Southwest Gas Holdings, Inc. Common Stock (DE)",N,N
SWZ,Total Return Securities Fund Common Stock,N,N
SXC,"SunCoke Energy, Inc. Common Stock",N,N
SXI,Standex International Corporation Common Stock,N,N
SXQG,ETC 6 Meridian Quality Growth ETF,P,Y
SXT,Sensient Technologies Corporation Common Stock,N,N
SXTC,"China SXT Pharmaceuticals, Inc. - Common Stock",NASDAQ,N
SXTP,"60 Degrees Pharmaceuticals, Inc. - Common Stock",NASDAQ,N
SXTPW,"60 Degrees Pharmaceuticals, Inc. - Warrant",NASDAQ,N
SY,So-Young International Inc. - American Depository Shares,NASDAQ,N
SYBT,"Stock Yards Bancorp, Inc. - Common Stock",NASDAQ,N
SYBX,"Synlogic, Inc. - Common Stock",NASDAQ,N
SYF,Synchrony Financial Common Stock,N,N
SYF$A,"Synchrony Financial Depositary Shares, each Representing a 1/40th Interest in a Share of 5.625% Fixed Rate Non-Cumulative Perpetual Preferred Stock, Series A",N,N
SYF$B,"Synchrony Financial Depositary Shares Each Representing a 1/40th Interest in a Share of 8.250% Fixed Rate Reset Non-Cumulative Perpetual Preferred Stock, Series B",N,N
SYFI,AB Short Duration High Yield ETF,P,Y
SYK,Stryker Corporation Common Stock,N,N
SYLD,Cambria Shareholder Yield ETF,Z,Y
SYM,Symbotic Inc. - Class A Common Stock,NASDAQ,N
SYNA,Synaptics Incorporated - Common Stock,NASDAQ,N
SYNX,Silynxcom Ltd. Ordinary Shares,A,N
SYPR,"Sypris Solutions, Inc. - Common Stock",NASDAQ,N
SYRE,"Spyre Therapeutics, Inc. - Common Stock",NASDAQ,N
SYSB,iShares Systematic Bond ETF,Z,Y
SYY,Sysco Corporation Common Stock,N,N
SYZ,Lazard US Systematic Small Cap Equity ETF,NASDAQ,Y
SZK,ProShares UltraShort Consumer Staples,P,Y
SZNE,Pacer CFRA-Stovall Equal Weight Seasonal Rotation ETF,P,Y
SZZL,Sizzle Acquisition Corp. II - Class A ordinary shares,NASDAQ,N
SZZLR,Sizzle Acquisition Corp. II - Right,NASDAQ,N
SZZLU,Sizzle Acquisition Corp. II - Unit,NASDAQ,N
T,AT&T Inc.,N,N
T$A,"AT&T Inc. Depositary Shares, each representing a 1/1,000th interest in a share of 5.000% Perpetual Preferred Stock, Series A",N,N
T$C,"AT&T Inc. Depositary Shares, each representing a 1/1,000th interest in a share of 4.750% Perpetual Preferred Stock, Series C",N,N
TABD,Transamerica Bond Active ETF,P,Y
TAC,TransAlta Corporation Ordinary Shares,N,N
TACH,Titan Acquisition Corp. - Class A Ordinary Shares,NASDAQ,N
TACHU,Titan Acquisition Corp. - Units,NASDAQ,N
TACHW,Titan Acquisition Corp. - Warrants,NASDAQ,N
TACK,Fairlead Tactical Sector ETF,P,Y
TACN,T. Rowe Price Active Core International Equity ETF,P,Y
TACO,Berto Acquisition Corp. - Ordinary Shares,NASDAQ,N
TACOU,Berto Acquisition Corp. - unit,NASDAQ,N
TACOW,Berto Acquisition Corp. - Warrant,NASDAQ,N
TACT,TransAct Technologies Incorporated - Common Stock,NASDAQ,N
TACU,T. Rowe Price Active Core U.S. Equity ETF,P,Y
TAFI,AB Tax-Aware Short Duration Municipal ETF,P,Y
TAFL,AB Tax-Aware Long Municipal ETF,P,Y
TAFM,AB Tax-Aware Intermediate Municipal ETF,P,Y
TAGG,T. Rowe Price QM U.S. Bond ETF,P,Y
TAGS,Teucrium Agricultural Fund ETV,P,Y
TAIL,Cambria Tail Risk ETF,Z,Y
TAK,Takeda Pharmaceutical Company Limited American Depositary Shares (each representing 1/2 of a share of Common Stock),N,N
TAL,TAL Education Group American Depositary Shares,N,N
TALK,"Talkspace, Inc. - Common Stock",NASDAQ,N
TALKW,"Talkspace, Inc. - Warrant",NASDAQ,N
TALO,"Talos Energy, Inc. Common Stock",N,N
TALV,Transamerica Large Value Active ETF,P,Y
TAN,Invesco Solar ETF,P,Y
TANH,Tantech Holdings Ltd. - Common Shares,NASDAQ,N
TAOP,Taoping Inc. - Ordinary Shares,NASDAQ,N
TAOX,Tao Synergies Inc. - Common Stock,NASDAQ,N
TAP,Molson Coors Beverage Company Class B Common Stock,N,N
TAP.A,Molson Coors Beverage Company Class A Common Stock,N,N
TAPR,Innovator Equity Defined Protection ETF - 2 Yr to April 2027,Z,Y
TARA,"Protara Therapeutics, Inc.  - Common Stock",NASDAQ,N
TARK,Tradr 2X Long Innovation ETF,NASDAQ,Y
TARS,"Tarsus Pharmaceuticals, Inc. - Common Stock",NASDAQ,N
TASK,"TaskUs, Inc. - Class A Common Stock",NASDAQ,N
TATT,TAT Technologies Ltd. - Ordinary Shares,NASDAQ,N
TAVI,Tavia Acquisition Corp. - Ordinary Shares,NASDAQ,N
TAVIR,Tavia Acquisition Corp. - Right,NASDAQ,N
TAVIU,Tavia Acquisition Corp. - Unit,NASDAQ,N
TAX,Cambria Tax Aware ETF,NASDAQ,Y
TAXE,Intermediate Municipal Income ETF,NASDAQ,Y
TAXF,American Century Diversified Municipal Bond ETF,P,Y
TAXI,Northern Trust Intermediate Tax-Exempt Bond ETF,NASDAQ,Y
TAXM,BondBloxx IR+M Tax-Aware ETF for Massachusetts Residents,P,Y
TAXS,Northern Trust Short-Term Tax-Exempt Bond ETF,NASDAQ,Y
TAXT,Northern Trust Tax-Exempt Bond ETF,NASDAQ,Y
TAXX,BondBloxx IR+M Tax-Aware Short Duration ETF,P,Y
TAYD,"Taylor Devices, Inc. - Common Stock",NASDAQ,N
TBB,AT&T Inc. 5.350% Global Notes due 2066,N,N
TBBB,BBB Foods Inc. Class A Common Shares,N,N
TBBK,"The Bancorp, Inc. - Common Stock",NASDAQ,N
TBCH,Turtle Beach Corporation - Common Stock,NASDAQ,N
TBF,ProShares Short 20+ Year Treasury,P,Y
TBFC,The Brinsmere Fund  Conservative ETF,P,Y
TBFG,The Brinsmere Fund Growth ETF,P,Y
TBG,TBG Dividend Focus ETF,P,Y
TBH,"Brag House Holdings, Inc. - Common Stock",NASDAQ,N
TBHC,"The Brand House Collective, Inc - Common Stock",NASDAQ,N
TBI,"TrueBlue, Inc. Common Stock",N,N
TBIL,US Treasury 3 Month Bill ETF,NASDAQ,Y
TBJL,Innovator 20  Year Treasury Bond 9 Buffer ETF - July,Z,Y
TBLA,Taboola.com Ltd. - Ordinary Shares,NASDAQ,N
TBLAW,Taboola.com Ltd. - Warrant,NASDAQ,N
TBLD,Thornburg Income Builder Opportunities Trust - Closed End Fund,NASDAQ,N
TBLL,Invesco Short Term Treasury ETF,P,Y
TBLU,Tortoise Global Water Fund,N,Y
TBMC,Trailblazer Merger Corporation I - Class A Common Stock,NASDAQ,N
TBMCR,Trailblazer Merger Corporation I - Rights,NASDAQ,N
TBN,Tamboran Resources Corporation Common stock,N,N
TBPH,"Theravance Biopharma, Inc. - Ordinary Shares",NASDAQ,N
TBRG,"TruBridge, Inc. - Common Stock",NASDAQ,N
TBT,ProShares UltraShort Lehman 20  Year Treasury,P,Y
TBUX,T. Rowe Price Ultra Short-Term Bond ETF,P,Y
TBX,ProShares Short 7 10 Year Treasury,P,Y
TBXU,Direxion Daily Biotech Top 5 Bull 2X ETF,P,Y
TC,Token Cat Limited - American Depositary Shares,NASDAQ,N
TCAF,T. Rowe Price Capital Appreciation Equity ETF,P,Y
TCAI,Tortoise AI Infrastructure ETF,N,Y
TCAL,T. Rowe Price Capital Appreciation Premium Income ETF,P,Y
TCBI,"Texas Capital Bancshares, Inc. - Common Stock",NASDAQ,N
TCBIO,"Texas Capital Bancshares, Inc. - Depositary Shares 5.75% Fixed Rate Non-Cumulative Perpetual Preferred Stock Series B",NASDAQ,N
TCBK,TriCo Bancshares - Common Stock,NASDAQ,N
TCBS,"Texas Community Bancshares, Inc. - Common Stock",NASDAQ,N
TCBX,"Third Coast Bancshares, Inc. Common Stock",N,N
TCGL,TechCreate Group Ltd. Class A Ordinary Shares,A,N
TCHI,iShares MSCI China Multisector Tech ETF,NASDAQ,Y
TCHP,T. Rowe Price Blue Chip Growth ETF,P,Y
TCI,"Transcontinental Realty Investors, Inc. Common Stock",N,N
TCMD,"Tactile Systems Technology, Inc. - Common Stock",NASDAQ,N
TCOM,Trip.com Group Limited - American Depositary Shares,NASDAQ,N
TCPA,TransCanada PipeLines Limited 6.250% Junior Subordinated Notes due 2085,N,N
TCPB,Thrivent Core Plus Bond ETF,P,Y
TCPC,BlackRock TCP Capital Corp. - Closed End Fund,NASDAQ,N
TCRT,"Alaunos Therapeutics, Inc. - Common Stock",NASDAQ,N
TCRX,"TScan Therapeutics, Inc. - Common Stock",NASDAQ,N
TCV,Towle Value ETF,P,Y
TCX,Tucows Inc. - Common Stock,NASDAQ,N
TD,Toronto Dominion Bank (The) Common Stock,N,N
TDAC,Translational Development Acquisition Corp. - Ordinary Shares,NASDAQ,N
TDACU,Translational Development Acquisition Corp. - Units,NASDAQ,N
TDACW,Translational Development Acquisition Corp. - Warrants,NASDAQ,N
TDAQ,TappAlpha Innovation 100 Growth & Daily Income ETF,Z,Y
TDAX,TDAQ Lift ETF,Z,Y
TDAY,"USA TODAY Co., Inc. Common Stock",N,N
TDC,Teradata Corporation Common Stock,N,N
TDEC,FT Vest Emerging Markets Buffer ETF - December,Z,Y
TDF,"Templeton Dragon Fund, Inc. Common Stock",N,N
TDG,Transdigm Group Incorporated Common Stock,N,N
TDI,Touchstone Dynamic International ETF,NASDAQ,Y
TDIC,Dreamland Limited - Class A Ordinary Shares,NASDAQ,N
TDIV,First Trust NASDAQ Technology Dividend Index Fund,NASDAQ,Y
TDOC,"Teladoc Health, Inc. Common Stock",N,N
TDS,"Telephone and Data Systems, Inc. Common Shares",N,N
TDS$U,"Telephone and Data Systems, Inc. Depositary Shares, Each Representing a 1/1,000th Interest in a 6.625% Series UU Cumulative Redeemable Perpetual Preferred Stock",N,N
TDS$V,"Telephone and Data Systems, Inc. Depositary Shares, Each Representing a 1/1,000th Interest in a 6.000% Series VV Cumulative Redeemable Perpetual Preferred Stock",N,N
TDSB,ETC Cabana Target Beta ETF,NASDAQ,Y
TDSC,ETC Cabana Target Drawdown 10 ETF,NASDAQ,Y
TDTF,FlexShares iBoxx 5 Year Target Duration TIPS Index Fund,P,Y
TDTH,Trident Digital Tech Holdings Ltd - American Depository Shares,NASDAQ,N
TDTT,FlexShares iBoxx 3 Year Target Duration TIPS Index Fund,P,Y
TDUP,ThredUp Inc. - Class A Common Stock,NASDAQ,N
TDV,ProShares S&P Technology Dividend Aristocrats ETF,Z,Y
TDVG,T. Rowe Price Dividend Growth ETF,P,Y
TDVI,FT Vest Technology Dividend Target Income ETF,Z,Y
TDW,Tidewater Inc. Common Stock,N,N
TDWD,Tailwind 2.0 Acquisition Corp. - Class A Ordinary Shares,NASDAQ,N
TDWDR,Tailwind 2.0 Acquisition Corp. - Rights,NASDAQ,N
TDWDU,Tailwind 2.0 Acquisition Corp. - Unit,NASDAQ,N
TDY,Teledyne Technologies Incorporated Common Stock,N,N
TE,T1 Energy Inc. Common Stock,N,N
TE.W,"T1 Energy Inc. Warrants, each whole warrant exercisable to purchase one Common Stock at an exercise price of $11.50 per share",N,N
TEAD,Teads Holding Co. - Common Stock,NASDAQ,N
TEAM,Atlassian Corporation  - Class A Common Stock,NASDAQ,N
TEC,Harbor Transformative Technologies ETF,P,Y
TECB,iShares U.S. Tech Breakthrough Multisector ETF,P,Y
TECH,Bio-Techne Corp - Common Stock,NASDAQ,N
TECK,Teck Resources Ltd Ordinary Shares,N,N
TECL,Direxion Technology Bull 3X Shares,P,Y
TECS,Direxion Technology Bear 3X Shares,P,Y
TECTP,"Tectonic Financial, Inc. - 9.00% Fixed-to-Floating Rate Series B Non-Cumulative Perpetual Preferred Stock",NASDAQ,N
TECX,"Tectonic Therapeutic, Inc. - Common Stock",NASDAQ,N
TEF,Telefonica SA Common Stock,N,N
TEI,"Templeton Emerging Markets Income Fund, Inc. Common Stock",N,N
TEK,iShares Technology Opportunities Active ETF,P,Y
TEKX,SPDR Galaxy Transformative Tech Accelerators ETF,NASDAQ,Y
TEKY,Lazard Next Gen Technologies ETF,NASDAQ,Y
TEL,TE Connectivity plc Ordinary Shares,N,N
TELA,"TELA Bio, Inc. - Common stock",NASDAQ,N
TELO,"Telomir Pharmaceuticals, Inc. - Common Stock",NASDAQ,N
TEM,"Tempus AI, Inc. - Class A Common Stock",NASDAQ,N
TEMT,Tradr 2X Long TEM Daily ETF,Z,Y
TEMX,Touchstone Sands Capital Emerging Markets ex-China Growth ETF,Z,Y
TEN,Tsakos Energy Navigation Ltd Common Shares,N,N
TEN$E,"Tsakos Energy Navigation Ltd Series E Fixed-to-Floating Rate Cumulative Redeemable Perpetual Preferred Shares, par value $1.00",N,N
TEN$F,"Tsakos Energy Navigation Ltd Series F Fixed-to-Floating Rate Cumulative Redeemable Perpetual Preferred Shares, par value $1.00",N,N
TENB,"Tenable Holdings, Inc. - Common Stock",NASDAQ,N
TEND,iShares Large Cap 10% Target Buffer Dec ETF,Z,Y
TENJ,iShares Large Cap 10% Target Buffer Jun ETF,Z,Y
TENM,iShares Large Cap 10% Target Buffer Mar ETF,Z,Y
TENX,"Tenax Therapeutics, Inc. - Common Stock",NASDAQ,N
TEO,Telecom Argentina SA,N,N
TEQI,T. Rowe Price Equity Income ETF,P,Y
TER,"Teradyne, Inc. - Common Stock",NASDAQ,N
TERG,Leverage Shares 2X Long TER Daily ETF,NASDAQ,Y
TERN,"Terns Pharmaceuticals, Inc. - Common Stock",NASDAQ,N
TESL,Simplify Volt TSLA Revolution ETF,P,Y
TEST,YieldMax TSLA Performance & Distribution Target 25 ETF,Z,Y
TETH,21Shares Ethereum ETF,Z,Y
TEVA,Teva Pharmaceutical Industries Limited American Depositary Shares,N,N
TEX,Terex Corporation Common Stock,N,N
TEXN,iShares Texas Equity ETF,NASDAQ,Y
TEXU,Direxion Daily Energy Top 5 Bull 2X ETF,P,Y
TFC,Truist Financial Corporation Common Stock,N,N
TFC$I,Truist Financial Corporation Depositary Shares,N,N
TFC$O,"Truist Financial Corporation Depositary Shares, Each Representing a 1/1,000th Interest in a Share of Series O Non-Cumulative Perpetual Preferred Stock",N,N
TFC$R,"Truist Financial Corporation Depositary Shares, each representing 1/1,000th interest in a share of Series R Non-Cumulative Perpetual Preferred Stock",N,N
TFI,State Street SPDR Nuveen ICE Municipal Bond ETF,P,Y
TFII,TFI International Inc. Common Shares,N,N
TFIN,"Triumph Financial, Inc. Common Stock",N,N
TFIN$,"Triumph Financial, Inc. Depositary Shares, Each Representing a 1/40th Interest in a Share of 7.125% Series C Fixed-Rate Non-Cumulative Perpetual Preferred Stock",N,N
TFJL,Innovator 20  Year Treasury Bond 5 Floor ETF - July,Z,Y
TFLO,iShares Treasury Floating Rate Bond ETF,P,Y
TFLR,T. Rowe Price Floating Rate ETF,P,Y
TFNS,T. Rowe Price Financials ETF,NASDAQ,Y
TFPM,Triple Flag Precious Metals Corp. Common Shares,N,N
TFPN,Blueprint Chesapeake Multi-Asset Trend ETF,P,Y
TFSA,"Terra Income Fund 6, LLC 7.00% Notes due 2026",N,N
TFSL,TFS Financial Corporation - Common Stock,NASDAQ,N
TFX,Teleflex Incorporated Common Stock,N,N
TG,Tredegar Corporation Common Stock,N,N
TGB,"Taseko Mines, Ltd. Common Stock",A,N
TGE,The Generation Essentials Group Class A Ordinary Shares,N,N
TGE.W,"The Generation Essentials Group Warrants, each whole warrant exercisable for one Class A Ordinary Share",A,N
TGEN,Tecogen Inc. Common Stock,A,N
TGHL,The GrowHub Limited - Class A Ordinary Shares,NASDAQ,N
TGL,Treasure Global Inc. - Common Stock,NASDAQ,N
TGLB,T. Rowe Price Global Equity ETF,P,Y
TGLR,LAFFER TENGLER Equity Income ETF,Z,Y
TGLS,Tecnoglass Inc. Ordinary Shares,N,N
TGNA,TEGNA Inc,N,N
TGRT,T. Rowe Price Growth ETF,P,Y
TGRW,T. Rowe Price Growth Stock ETF,P,Y
TGS,Transportadora de Gas del Sur SA TGS Common Stock,N,N
TGT,Target Corporation Common Stock,N,N
TGTX,"TG Therapeutics, Inc. - Common Stock",NASDAQ,N
TH,Target Hospitality Corp. - Common Stock,NASDAQ,N
THAR,"Tharimmune, Inc. - Common Stock",NASDAQ,N
THC,Tenet Healthcare Corporation Common Stock,N,N
THCH,TH International Limited - Ordinary shares,NASDAQ,N
THD,iShares MSCI Thailand ETF,P,Y
THEQ,T. Rowe Price Hedged Equity ETF,P,Y
THFF,First Financial Corporation  - Common Stock,NASDAQ,N
THG,Hanover Insurance Group Inc,N,N
THH,TryHard Holdings Limited - Ordinary Shares,NASDAQ,N
THIR,THOR Index Rotation ETF,N,Y
THLV,THOR Equal Weight Low Volatility ETF,N,Y
THM,"International Tower Hill Mines, Ltd. Ordinary Shares (Canada)",A,N
THMZ,Lazard Equity Megatrends ETF,NASDAQ,Y
THNQ,ROBO Global Artificial Intelligence ETF,P,Y
THNR,Amplify Weight Loss Drug & Treatment ETF,P,Y
THO,"Thor Industries, Inc. Common Stock",N,N
THQ,abrdn Healthcare Opportunities Fund Shares of Beneficial Interest,N,N
THR,"Thermon Group Holdings, Inc. Common Stock",N,N
THRM,Gentherm Inc - Common Stock,NASDAQ,N
THRO,iShares U.S. Thematic Rotation Active ETF,P,Y
THRV,Prospera Income ETF,NASDAQ,Y
THRY,"Thryv Holdings, Inc. - Common Stock",NASDAQ,N
THS,"Treehouse Foods, Inc. Common Stock",N,N
THTA,SoFi Enhanced Yield ETF,P,Y
THW,abrdn World Healthcare Fund Shares of Beneficial Interest,N,N
THY,Toews Agility Shares Dynamic Tactical Income ETF,P,Y
THYF,T. Rowe Price U.S. High Yield ETF,P,Y
THYM,T. Rowe Price High Income Municipal ETF,NASDAQ,Y
TIC,"TIC Solutions, Inc. Common Stock",N,N
TIER,T. Rowe Price International Equity Research ETF,P,Y
TIGO,Millicom International Cellular S.A. - Common Stock,NASDAQ,N
TIGR,UP Fintech Holding Limited - American Depositary Shares representing fifteen Class A Ordinary Shares,NASDAQ,N
TII,Titan Mining Corporation Common Shares,A,N
TIIV,AAM Todd International Intrinsic Value ETF,P,Y
TIL,"Instil Bio, Inc. - Common Stock",NASDAQ,N
TILE,"Interface, Inc. - Common Stock",NASDAQ,N
TILL,Teucrium Agricultural Strategy No K-1 ETF,P,Y
TILT,FlexShares Mornigstar US Market Factors Tilt Index Fund ETF,Z,Y
TIMB,TIM S.A. American Depositary Shares (Each representing 5 Common Shares),N,N
TIME,Clockwise U.S. Core Equity ETF,P,Y
TINS,Templeton International Insights ETF,P,Y
TINT,ProShares Smart Materials ETF,P,Y
TINY,ProShares Nanotechnology ETF,P,Y
TIP,iShares TIPS Bond ETF,P,Y
TIPA,Northern Trust 2030 Inflation-Linked Distributing Ladder ETF,P,Y
TIPB,Northern Trust 2035 Inflation-Linked Distributing Ladder ETF,P,Y
TIPC,Northern Trust 2045 Inflation-Linked Distributing Ladder ETF,P,Y
TIPD,Northern Trust 2055 Inflation-Linked Distributing Ladder ETF,P,Y
TIPT,Tiptree Inc. - Common Stock,NASDAQ,N
TIPX,State Street SPDR Bloomberg 1a??10 Year TIPS ETF,P,Y
TIPZ,PIMCO Broad U.S. TIPS Index Exchange-Traded Fund,P,Y
TIRX,TIAN RUIXIANG Holdings Ltd - Class A Ordinary Shares,NASDAQ,N
TISI,"Team, Inc. Common Stock",N,N
TITN,Titan Machinery Inc. - Common Stock,NASDAQ,N
TIVC,"Tivic Health Systems, Inc. - Common stock",NASDAQ,N
TJAN,Innovator Equity Defined Protection ETF - 2 Yr to January 2027,Z,Y
TJGC,TJGC Group Limited - ordinary shares,NASDAQ,N
TJUL,Innovator Equity Defined Protection ETF - 2 Yr to July 2027,Z,Y
TJUN,FT Vest Emerging Markets Buffer ETF - June,Z,Y
TJX,"TJX Companies, Inc. (The) Common Stock",N,N
TK,Teekay Corporation Ltd. Common Stock,N,N
TKC,Turkcell Iletisim Hizmetleri AS Common Stock,N,N
TKLF,"Tokyo Lifestyle Co., Ltd. - American Depositary Shares",NASDAQ,N
TKNO,"Alpha Teknova, Inc. - Common Stock",NASDAQ,N
TKNQ,Amplify Tokenization Technology ETF,P,Y
TKO,"TKO Group Holdings, Inc. Class A Common Stock",N,N
TKR,Timken Company (The) Common Stock,N,N
TLCI,Touchstone International Equity ETF,P,Y
TLF,"Tandy Leather Factory, Inc. - common stock",NASDAQ,N
TLH,iShares 10-20 Year Treasury Bond ETF,P,Y
TLIH,Ten-League International Holdings Limited - Ordinary Shares,NASDAQ,N
TLK,"PT Telekomunikasi Indonesia, Tbk",N,N
TLN,Talen Energy Corporation - Common Stock,NASDAQ,N
TLNC,Talon Capital Corp. - Class A Ordinary Shares,NASDAQ,N
TLNCU,Talon Capital Corp. - Units,NASDAQ,N
TLNCW,Talon Capital Corp. - Warrants,NASDAQ,N
TLPH,"Talphera, Inc. - Common Stock",NASDAQ,N
TLRY,"Tilray Brands, Inc. - Common Stock",NASDAQ,N
TLS,Telos Corporation - Common Stock,NASDAQ,N
TLSA,Tiziana Life Sciences Ltd - Common Shares,NASDAQ,N
TLSI,"TriSalus Life Sciences, Inc. - Common Stock",NASDAQ,N
TLSIW,"TriSalus Life Sciences, Inc. - Warrant",NASDAQ,N
TLT,iShares 20+ Year Treasury Bond ETF,NASDAQ,Y
TLTD,FlexShares Morningstar Developed Markets ex-US Factor Tilt Index Fund,P,Y
TLTE,FlexShares Morningstar Emerging Markets Factor Tilt Index Fund,P,Y
TLTI,NEOS Enhanced Income 20+ Year Treasury Bond ETF,Z,Y
TLTP,Amplify TLT U.S. Treasury 12% Option Income ETF,Z,Y
TLTW,iShares 20+ Year Treasury Bond BuyWrite Strategy ETF,Z,Y
TLTX,Global X Treasury Bond Enhanced Income ETF,Z,Y
TLX,Telix Pharmaceuticals Limited - American Depositary Shares,NASDAQ,N
TLYS,"Tilly's, Inc. Common Stock",N,N
TM,Toyota Motor Corporation Common Stock,N,N
TMAR,FT Vest Emerging Markets Buffer ETF - March,Z,Y
TMAT,Main Thematic Innovation ETF,Z,Y
TMB,Thornburg Multi Sector Bond ETF,NASDAQ,Y
TMC,TMC the metals company Inc. - Common Stock,NASDAQ,N
TMCI,"Treace Medical Concepts, Inc. - Common Stock",NASDAQ,N
TMCWW,TMC the metals company Inc. - Warrant,NASDAQ,N
TMDE,TMD Energy Limited Ordinary Shares,A,N
TMDV,ProShares Russell US Dividend Growers ETF,Z,Y
TMDX,"TransMedics Group, Inc. - Common Stock",NASDAQ,N
TME,"Tencent Music Entertainment Group American Depositary Shares, each representing two Class A Ordinary Shares",N,N
TMED,T. Rowe Price Health Care ETF,NASDAQ,Y
TMET,iShares Transition-Enabling Metals ETF,NASDAQ,Y
TMF,Direxion Daily 20-Yr Treasury Bull 3x Shrs,P,Y
TMFC,Motley Fool 100 Index ETF ETF,Z,Y
TMFE,Motley Fool Capital Efficiency 100 Index ETF,Z,Y
TMFG,Motley Fool Global Opportunities ETF,Z,Y
TMFM,Motley Fool Mid-Cap Growth ETF,Z,Y
TMFS,Motley Fool Small-Cap Growth ETF,Z,Y
TMFX,Motley Fool Next Index ETF,Z,Y
TMH,Toyota Motor Corporation ADRhedged,P,Y
TMHC,Taylor Morrison Home Corporation Common Stock,N,N
TMLP,Tortoise MLP ETF,P,Y
TMNL,T. Rowe Price Long Municipal Income ETF,NASDAQ,Y
TMNS,T. Rowe Price Short Municipal Income ETF,NASDAQ,Y
TMO,Thermo Fisher Scientific Inc Common Stock,N,N
TMP,Tompkins Financial Corporation Common Stock,A,N
TMQ,Trilogy Metals Inc. Common Stock,A,N
TMSF,T. Rowe Price Multi-Sector Income ETF,NASDAQ,Y
TMSL,T. Rowe Price Small-Mid Cap ETF,P,Y
TMUS,"T-Mobile US, Inc. - Common Stock",NASDAQ,N
TMUSI,"T-Mobile US, Inc. - 5.500% Senior Notes due June 2070",NASDAQ,N
TMUSL,"T-Mobile US, Inc. - 6.250% Senior Notes due 2069",NASDAQ,N
TMUSZ,"T-Mobile US, Inc. - 5.500% Senior Notes due March 2070",NASDAQ,N
TMV,Direxion Daily 20-Year Treasury Bear 3X,P,Y
TMVE,Thrivent Mid Cap Value ETF,P,Y
TNA,Direxion Small Cap Bull 3X Shares,P,Y
TNC,Tennant Company Common Stock,N,N
TNDM,"Tandem Diabetes Care, Inc. - Common Stock",NASDAQ,N
TNET,"TriNet Group, Inc. Common Stock",N,N
TNGX,"Tango Therapeutics, Inc. - Common Stock",NASDAQ,N
TNGY,Tortoise Energy Fund,N,Y
TNK,Teekay Tankers Ltd.,N,N
TNL,Travel   Leisure Co. Common  Stock,N,N
TNMG,TNL Mediagene - Ordinary Shares,NASDAQ,N
TNON,"Tenon Medical, Inc. - Common Stock",NASDAQ,N
TNONW,"Tenon Medical, Inc. - Warrant",NASDAQ,N
TNUK,Tortoise Nuclear Renaissance ETF,P,Y
TNXP,Tonix Pharmaceuticals Holding Corp. - Common Stock,NASDAQ,N
TNYA,"Tenaya Therapeutics, Inc. - Common Stock",NASDAQ,N
TOAK,Manager Directed Portfolios Twin Oak Short Horizon Absolute Return ETF,P,Y
TOCT,Innovator Equity Defined Protection ETF - 2 Yr to October 2027,Z,Y
TOGA,Managed Portfolio Series Tremblant Global ETF,P,Y
TOI,"The Oncology Institute, Inc. - Common Stock",NASDAQ,N
TOIIW,"The Oncology Institute, Inc. - Warrant",NASDAQ,N
TOK,iShares MSCI Kokusai ETF,P,Y
TOKE,Cambria Cannabis ETF,Z,Y
TOL,"Toll Brothers, Inc. Common Stock",N,N
TOLL,Tema Monopolies and Oligopolies ETF,Z,Y
TOLZ,ProShares DJ Brookfield Global Infrastructure ETF,P,Y
TOMZ,"TOMI Environmental Solutions, Inc. - Common Stock",NASDAQ,N
TONX,TON Strategy Company - Common Stock,NASDAQ,N
TOON,"Kartoon Studios, Inc. Common Stock",A,N
TOP,TOP Financial Group Limited - Class A Ordinary Shares,NASDAQ,N
TOPC,iShares S&P 500 3% Capped ETF,P,Y
TOPP,Toppoint Holdings Inc. Common Stock,A,N
TOPS,"TOP Ships, Inc. Common Stock",A,N
TOPT,iShares Top 20 U.S. Stocks ETF,P,Y
TORO,Toro Corp. - Common stock,NASDAQ,N
TOST,"Toast, Inc. Class A Common Stock",N,N
TOT,LionShares U.S. Equity Total Return ETF,P,Y
TOTL,State Street DoubleLine Total Return Tactical ETF,P,Y
TOTR,T. Rowe Price Total Return ETF,P,Y
TOUR,Tuniu Corporation - American Depositary Shares,NASDAQ,N
TOUS,T. Rowe Price International Equity ETF,P,Y
TOV,JLens 500 Jewish Advocacy U.S. ETF,P,Y
TOVX,"Theriva Biologics, Inc. Common Stock",A,N
TOWN,Towne Bank - Common Stock,NASDAQ,N
TOXR,Shares of Beneficial Interest,Z,Y
TOYO,"TOYO Co., Ltd - Ordinary Shares",NASDAQ,N
TPB,"Turning Point Brands, Inc. Common Stock",N,N
TPC,Tutor Perini Corporation Common Stock,N,N
TPCS,TechPrecision Corporation - Common stock,NASDAQ,N
TPET,Trio Petroleum Corp. Common Stock,A,N
TPG,TPG Inc. - Class A Common Stock,NASDAQ,N
TPGXL,TPG Inc. - 6.950% Fixed-Rate Junior Subordinated Notes due 2064,NASDAQ,N
TPH,"Tri Pointe Homes, Inc. Common Stock",N,N
TPHD,Timothy Plan High Dividend Stock ETF,P,Y
TPIF,Timothy Plan International ETF,P,Y
TPL,Texas Pacific Land Corporation Common Stock,N,N
TPLC,Timothy Plan US Large/Mid Cap Core ETF,P,Y
TPLS,Thornburg Core Plus Bond ETF,NASDAQ,Y
TPOR,Direxion Daily Transportation Bull 3X Shares,P,Y
TPR,"Tapestry, Inc. Common Stock",N,N
TPSC,Timothy Plan US Small Cap Core ETF,P,Y
TPST,"Tempest Therapeutics, Inc. - Common Stock",NASDAQ,N
TPTA,"Terra Property Trust, Inc. 6.00% Notes due 2026",N,N
TPVG,TriplePoint Venture Growth BDC Corp. Common Stock,N,N
TPYP,Tortoise North American Pipeline Fund,N,Y
TPZ,Tortoise Electrification Infrastructure ETF,N,Y
TQQQ,ProShares UltraPro QQQ,NASDAQ,Y
TQQY,GraniteShares YieldBOOST QQQ ETF,NASDAQ,Y
TR,"Tootsie Roll Industries, Inc. Common Stock",N,N
TRAK,"ReposiTrak, Inc. Common Stock",N,N
TRAW,"Traws Pharma, Inc. - Common Stock",NASDAQ,N
TRBF,Angel Oak Total Return ETF,NASDAQ,Y
TRC,Tejon Ranch Co Common Stock,N,N
TRDA,"Entrada Therapeutics, Inc. - Common Stock",NASDAQ,N
TREE,"LendingTree, Inc. - Common Stock",NASDAQ,N
TREX,"Trex Company, Inc. Common Stock",N,N
TRFK,Pacer Data and Digital Revolution ETF,P,Y
TRFM,AAM Transformers ETF,P,Y
TRGP,"Targa Resources, Inc. Common Stock",N,N
TRI,Thomson Reuters Corp - Common Shares,NASDAQ,N
TRIB,Trinity Biotech plc - American Depositary Shares,NASDAQ,N
TRIL,Defiance Trillion Dollar Club Index ETF,NASDAQ,Y
TRIN,Trinity Capital Inc. - Common Stock,NASDAQ,N
TRINI,Trinity Capital Inc. - 7.875% Notes Due 2029,NASDAQ,N
TRINZ,Trinity Capital Inc. - 7.875% Notes due 2029,NASDAQ,N
TRIO,MC Trio Equity Buffered ETF,Z,Y
TRIP,"TripAdvisor, Inc. - Common Stock",NASDAQ,N
TRMB,Trimble Inc. - Common Stock,NASDAQ,N
TRMD,TORM plc - Class A Common Stock,NASDAQ,N
TRMK,Trustmark Corporation - Common Stock,NASDAQ,N
TRN,"Trinity Industries, Inc. Common Stock",N,N
TRND,Pacer Trendpilot Fund of Funds ETF,P,Y
TRNO,Terreno Realty Corporation Common Stock,N,N
TRNR,Interactive Strength Inc. - Common Stock,NASDAQ,N
TRNS,"Transcat, Inc. - Common Stock",NASDAQ,N
TRON,Tron Inc. - Common Stock,NASDAQ,N
TROO,"TROOPS, Inc.  - Ordinary Shares",NASDAQ,N
TROW,"T. Rowe Price Group, Inc. - Common Stock",NASDAQ,N
TROX,Tronox Holdings plc Ordinary Shares (UK),N,N
TRP,TC Energy Corporation Common Stock,N,N
TRPA,Hartford AAA CLO ETF,Z,Y
TRS,TriMas Corporation - Common Stock,NASDAQ,N
TRSG,Tungray Technologies Inc - Class A Ordinary Shares,NASDAQ,N
TRST,TrustCo Bank Corp NY - Common Stock,NASDAQ,N
TRSY,Xtrackers US 0-1 Year Treasury ETF,Z,Y
TRT,Trio-Tech International Common Stock,A,N
TRTN$A,Triton International Limited 8.50% Series A Cumulative Redeemable Perpetual  Preference Shares,N,N
TRTN$B,Triton International Limited 8.00% Series B Cumulative Redeemable Perpetual Preference Shares,N,N
TRTN$C,Triton International Limited 7.375% Series C Cumulative Redeemable Perpetual Preference Shares,N,N
TRTN$D,Triton International Limited 6.875% Series D Cumulative Redeemable Perpetual Preference Shares,N,N
TRTN$E,Triton International Limited 5.75% Series E Cumulative Redeemable Perpetual Preference Shares,N,N
TRTN$F,Triton International Limited 7.625% Series F Cumulative Redeemable Perpetual Preference Shares,N,N
TRTX,"TPG RE Finance Trust, Inc. Common Stock",N,N
TRTX$C,"TPG RE Finance Trust, Inc. 6.25% Series C Cumulative Redeemable Preferred Stock, $0.001 par value per share",N,N
TRTY,Cambria Trinity ETF,Z,Y
TRU,TransUnion Common Stock,N,N
TRUD,VanEck Consumer Discretionary TruSector ETF,NASDAQ,Y
TRUE,"TrueCar, Inc. - Common Stock",NASDAQ,N
TRUG,"TruGolf Holdings, Inc. - Class A Common Stock",NASDAQ,N
TRUP,"Trupanion, Inc. - Common Stock",NASDAQ,N
TRUT,VanEck Technology TruSector ETF,NASDAQ,Y
TRV,"The Travelers Companies, Inc. Common Stock",N,N
TRVG,trivago N.V. - American Depositary Shares,NASDAQ,N
TRVI,"Trevi Therapeutics, Inc. - Common Stock",NASDAQ,N
TRX,TRX Gold Corporation Common Stock,A,N
TS,Tenaris S.A. American Depositary Shares,N,N
TSAT,Telesat Corporation - Class A Common Shares and Class B Variable Voting Shares,NASDAQ,N
TSBK,"Timberland Bancorp, Inc. - Common Stock",NASDAQ,N
TSCM,TimesSquare Quality Mid Cap Growth ETF,NASDAQ,Y
TSCO,Tractor Supply Company - Common Stock,NASDAQ,N
TSCV,Thrivent Small Cap Value ETF,P,Y
TSDD,GraniteShares 2x Short TSLA Daily ETF,NASDAQ,Y
TSE,Trinseo PLC Ordinary Shares,N,N
TSEC,Touchstone Securitized Income ETF,P,Y
TSEL,Touchstone Sands Capital US Select Growth ETF,NASDAQ,Y
TSEM,Tower Semiconductor Ltd. - Ordinary Shares,NASDAQ,N
TSEP,FT Vest Emerging Market Buffer ETF - September,Z,Y
TSES,Truth Social American Energy Security ETF,P,Y
TSHA,"Taysha Gene Therapies, Inc. - Common Stock",NASDAQ,N
TSI,"TCW Strategic Income Fund, Inc. Common Stock",N,N
TSIC,Truth Social American Icons ETF,P,Y
TSII,REX TSLA Growth & Income ETF,Z,Y
TSL,GraniteShares 1.25x Long TSLA Daily ETF,NASDAQ,Y
TSLA,"Tesla, Inc.  - Common Stock",NASDAQ,N
TSLG,Leverage Shares 2X Long TSLA Daily ETF,NASDAQ,Y
TSLI,ProShares Ultra TSLA,P,Y
TSLL,Direxion Daily TSLA Bull 2X Shares,NASDAQ,Y
TSLO,Leverage Shares 2x Capped Accelerated TSLA Monthly ETF,Z,Y
TSLP,Kurv Yield Premium Strategy Tesla (TSLA) ETF,Z,Y
TSLQ,Tradr 2X Short TSLA Daily ETF,NASDAQ,Y
TSLR,GraniteShares 2x Long TSLA Daily ETF,NASDAQ,Y
TSLS,Direxion Daily TSLA Bear 1X Shares,NASDAQ,Y
TSLT,T-REX 2X Long Tesla Daily Target ETF,Z,Y
TSLW,Roundhill TSLA WeeklyPay ETF,Z,Y
TSLX,"Sixth Street Specialty Lending, Inc. Common Stock",N,N
TSLY,YieldMax TSLA Option Income Strategy ETF,P,Y
TSLZ,T-Rex 2X Inverse Tesla Daily Target ETF,Z,Y
TSM,Taiwan Semiconductor Manufacturing Company Ltd.,N,N
TSME,Thrivent Small-Mid Cap Equity ETF,P,Y
TSMG,Leverage Shares 2X Long TSM Daily ETF,NASDAQ,Y
TSMU,GraniteShares 2x Long TSM Daily ETF,NASDAQ,Y
TSMX,Direxion Daily TSM Bull 2X Shares,NASDAQ,Y
TSMY,YieldMax TSM Option Income Strategy ETF,P,Y
TSMZ,Direxion Daily TSM Bear 1X Shares,NASDAQ,Y
TSN,"Tyson Foods, Inc. Common Stock",N,N
TSNF,Truth Social American Next Frontiers ETF,P,Y
TSOL,21Shares Solana ETF,Z,Y
TSPA,T. Rowe Price U.S. Equity Research ETF,P,Y
TSPX,Twin Oak Active Opportunities ETF,Z,Y
TSPY,TappAlpha SPY Growth & Daily Income ETF,NASDAQ,Y
TSQ,"Townsquare Media, Inc. Class A Common Stock",N,N
TSRS,Truth Social American Red State REITs ETF,P,Y
TSSD,Truth Social American Security & Defense ETF,P,Y
TSSI,"TSS, Inc. - Common Stock",NASDAQ,N
TSXD,Direxion Daily Semiconductors Top 5 Bear 2X ETF,P,Y
TSXU,Direxion Daily Semiconductors Top 5 Bull 2X ETF,P,Y
TSYW,Roundhill Treasury Bond WeeklyPay ETF,Z,Y
TSYX,TSPY Lift ETF,NASDAQ,Y
TSYY,GraniteShares YieldBOOST TSLA ETF,NASDAQ,Y
TT,Trane Technologies plc,N,N
TTAM,Titan America SA Common Shares,N,N
TTAN,"ServiceTitan, Inc. - Class A Common Stock",NASDAQ,N
TTC,Toro Company (The) Common Stock,N,N
TTD,"The Trade Desk, Inc. - Class A Common Stock",NASDAQ,N
TTDU,T-REX 2X Long TTD Daily Target ETF,Z,Y
TTE,TotalEnergies SE Ordinary Shares,N,N
TTEC,"TTEC Holdings, Inc. - Common Stock",NASDAQ,N
TTEK,"Tetra Tech, Inc. - Common Stock",NASDAQ,N
TTEQ,T. Rowe Price Technology ETF,NASDAQ,Y
TTGT,"TechTarget, Inc. - Common Stock",NASDAQ,N
TTI,"Tetra Technologies, Inc. Common Stock",N,N
TTMI,"TTM Technologies, Inc. - Common Stock",NASDAQ,N
TTOP,21Shares FTSE Crypto 10 Index ETF,P,Y
TTRX,Turn Therapeutics Inc. - Common Stock,NASDAQ,N
TTT,ProShares UltraPro Short 20 Year Treasury,P,Y
TTWO,"Take-Two Interactive Software, Inc. - Common Stock",NASDAQ,N
TTXD,Direxion Daily Technology Top 5 Bear 2X ETF,P,Y
TTXU,Direxion Daily Technology Top 5 Bull 2X ETF,P,Y
TU,Telus Corporation Ordinary Shares,N,N
TUA,Simplify Short Term Treasury Futures Strategy ETF,P,Y
TUG,STF Tactical Growth ETF,NASDAQ,Y
TUGN,STF Tactical Growth & Income ETF,NASDAQ,Y
TUR,iShares MSCI Turkey ETF,NASDAQ,Y
TURB,"Turbo Energy, S.A. - American Depositary Shares",NASDAQ,N
TURF,T. Rowe Price Natural Resources ETF,NASDAQ,Y
TUSB,Thrivent Ultra Short Bond ETF,P,Y
TUSI,Touchstone Ultra Short Income ETF,Z,Y
TUSK,"Mammoth Energy Services, Inc. - Common Stock",NASDAQ,N
TUYA,"Tuya Inc. American Depositary Shares, each representing one Class A Ordinary Share",N,N
TV,Grupo Televisa S.A.B. Common Stock,N,N
TVA,Texas Ventures Acquisition III Corp - Class A Ordinary Share,NASDAQ,N
TVACU,Texas Ventures Acquisition III Corp - Unit,NASDAQ,N
TVACW,Texas Ventures Acquisition III Corp - Warrants,NASDAQ,N
TVAI,Thayer Ventures Acquisition Corporation II - Class A Ordinary Shares,NASDAQ,N
TVAIR,Thayer Ventures Acquisition Corporation II - Rights,NASDAQ,N
TVAIU,Thayer Ventures Acquisition Corporation II - Unit,NASDAQ,N
TVAL,T. Rowe Price Value ETF,P,Y
TVC,Tennessee Valley Authority Common Stock,N,N
TVE,Tennessee Valley Authority,N,N
TVGN,Tevogen Bio Holdings Inc. - Common Stock,NASDAQ,N
TVGNW,Tevogen Bio Holdings Inc. - Warrant,NASDAQ,N
TVRD,"Tvardi Therapeutics, Inc. - Common Stock",NASDAQ,N
TVTX,"Travere Therapeutics, Inc. - Common Stock",NASDAQ,N
TW,Tradeweb Markets Inc. - Class A Common Stock,NASDAQ,N
TWAV,"TaoWeave, Inc. - Common Stock",NASDAQ,N
TWFG,"TWFG, Inc. - Common Stock",NASDAQ,N
TWG,Top Wealth Group Holding Limited - Class A Ordinary Shares,NASDAQ,N
TWI,"Titan International, Inc. (DE) Common Stock",N,N
TWIN,"Twin Disc, Incorporated - Common Stock",NASDAQ,N
TWLO,Twilio Inc. Class A Common Stock,N,N
TWLV,Twelve Seas Investment Company III - Class A Ordinary Shares,NASDAQ,N
TWLVR,Twelve Seas Investment Company III - Rights,NASDAQ,N
TWLVU,Twelve Seas Investment Company III - Units,NASDAQ,N
TWM,ProShares UltraShort Russell2000,P,Y
TWN,"Taiwan Fund, Inc. (The) Common Stock",N,N
TWNP,Twin Hospitality Group Inc. - Class A Common Stock,NASDAQ,N
TWO,Two Harbors Investment Corp,N,N
TWO$A,Two Harbors Investments Corp 8.125% Series A Fixed-to-Floating Rate Cumulative Redeemable Preferred Stock ($25.00 liquidation preference per share),N,N
TWO$B,Two Harbors Investments Corp 7.625% Series B Fixed-to-Floating Rate Cumulative Redeemable Preferred Stock,N,N
TWO$C,Two Harbors Investments Corp 7.25% Series C Fixed-to-Floating Rate Cumulative Redeemable Preferred Stock,N,N
TWOD,Two Harbors Investments Corp 9.375% Senior Notes due 2030,N,N
TWOX,iShares Large Cap Accelerated Outcome ETF,Z,Y
TWST,Twist Bioscience Corporation - Common Stock,NASDAQ,N
TX,"Ternium S.A. Ternium S.A. American Depositary Shares (each representing ten shares, USD1.00 par value)",N,N
TXBC,21Shares FTSE Crypto 10 ex-BTC Index ETF,P,Y
TXG,"10x Genomics, Inc. - Common Stock",NASDAQ,N
TXMD,"TherapeuticsMD, Inc. - Common Stock",NASDAQ,N
TXN,Texas Instruments Incorporated - Common Stock,NASDAQ,N
TXNM,"TXNM Energy, Inc. Common Stock",N,N
TXO,"TXO Partners, L.P. Common Units Representing Limited Partner Interests",N,N
TXRH,"Texas Roadhouse, Inc. - Common Stock",NASDAQ,N
TXS,Texas Capital Texas Equity Index ETF,P,Y
TXT,Textron Inc. Common Stock,N,N
TXUE,Thornburg International Equity ETF,NASDAQ,Y
TXUG,Thornburg International Growth Fund ETF,NASDAQ,Y
TXXD,21Shares 2x Long Dogecoin ETF,NASDAQ,Y
TXXI,BondBloxx IR+M Tax-Aware Intermediate Duration ETF,P,Y
TXXS,21Shares 2x Long Sui ETF,NASDAQ,Y
TY,Tri Continental Corporation Common Stock,N,N
TY$,Tri Continental Corporation Preferred Stock,N,N
TYA,Simplify Intermediate Term Treasury Futures Strategy ETF,Z,Y
TYD,Direxion Daily 10-Yr Treasury Bull 3x Shrs,P,Y
TYG,Tortoise Energy Infrastructure Corporation Common Stock,N,N
TYGO,"Tigo Energy, Inc. - Common Stock",NASDAQ,N
TYL,"Tyler Technologies, Inc. Common Stock",N,N
TYLD,Cambria Tactical Yield ETF,Z,Y
TYLG,Global X Information Technology Covered Call & Growth ETF,P,Y
TYO,Direxion Daily 10-Yr Treasury Bear 3x Shrs,P,Y
TYRA,"Tyra Biosciences, Inc. - Common Stock",NASDAQ,N
TZA,Direxion Small Cap Bear 3X Shares,P,Y
TZOO,Travelzoo - Common Stock,NASDAQ,N
U,Unity Software Inc. Common Stock,N,N
UA,"Under Armour, Inc. Class C Common Stock",N,N
UAA,"Under Armour, Inc. Class A Common Stock",N,N
UAE,iShares MSCI UAE ETF,NASDAQ,Y
UAL,"United Airlines Holdings, Inc. - Common Stock",NASDAQ,N
UAMY,United States Antimony Corporation Common Stock,A,N
UAN,"CVR Partners, LP Common Units representing Limited Partner Interests",N,N
UAPR,Innovator U.S. Equity Ultra Buffer ETF - April,Z,Y
UAUG,Innovator U.S. Equity Ultra Buffer ETF - August,Z,Y
UAVS,"AgEagle Aerial Systems, Inc. Common Stock",A,N
UBCP,"United Bancorp, Inc. - Common Stock",NASDAQ,N
UBER,"Uber Technologies, Inc. Common Stock",N,N
UBEW,Roundhill UBER WeeklyPay ETF,Z,Y
UBFO,United Security Bancshares - Common Stock,NASDAQ,N
UBND,VictoryShares Core Plus Bond ETF,NASDAQ,Y
UBOT,"Direxion Daily Robotics, Artificial Intelligence & Automation Index Bull 2X Shares",P,Y
UBR,ProShares Ultra MSCI Brazil Capped,P,Y
UBRL,GraniteShares 2x Long UBER Daily ETF,NASDAQ,Y
UBS,UBS Group AG Registered Ordinary Shares,N,N
UBSI,"United Bankshares, Inc. - Common Stock",NASDAQ,N
UBT,ProShares Ultra 20+ Year Treasury,P,Y
UBXG,U-BX Technology Ltd. - Class A Ordinary Shares,NASDAQ,N
UCAR,U Power Limited - Class A Ordinary Shares,NASDAQ,N
UCB,"United Community Banks, Inc. Common Stock",N,N
UCC,ProShares Ultra Consumer Discretionary,P,Y
UCFI,CN Healthy Food Tech Group Corp. - Common Stock,NASDAQ,N
UCFIW,CN Healthy Food Tech Group Corp. - Warrant,NASDAQ,N
UCIB,"ETRACS UBS Bloomberg Constant Maturity Commodity Index (CMCI) Total Return ETN Series B due April 5, 2038",P,N
UCL,uCloudlink Group Inc. - American Depositary Shares,NASDAQ,N
UCO,ProShares Ultra Bloomberg Crude Oil,P,Y
UCON,First Trust Smith Unconstrained Bond ETF,P,Y
UCRD,VictoryShares Corporate Bond ETF,NASDAQ,Y
UCTT,"Ultra Clean Holdings, Inc. - Common Stock",NASDAQ,N
UCYB,ProShares Ultra Nasdaq Cybersecurity,NASDAQ,Y
UDEC,Innovator U.S. Equity Ultra Buffer ETF - December,Z,Y
UDI,USCF Dividend Income Fund,P,Y
UDIV,Franklin U.S. Core Dividend Tilt Index ETF,P,Y
UDMY,"Udemy, Inc. - Common Stock",NASDAQ,N
UDN,Invesco DB USD Index Bearish ETF,P,Y
UDOW,ProShares UltraPro Dow30,P,Y
UDR,"UDR, Inc. Common Stock",N,N
UE,Urban Edge Properties Common Shares of Beneficial Interest,N,N
UEC,Uranium Energy Corp. Common Stock,A,N
UEIC,Universal Electronics Inc. - Common Stock,NASDAQ,N
UEVM,VictoryShares Emerging Markets Value Momentum ETF,NASDAQ,Y
UFCS,"United Fire Group, Inc - Common Stock",NASDAQ,N
UFEB,Innovator U.S. Equity Ultra Buffer ETF - February,Z,Y
UFG,Uni-Fuels Holdings Limited - Class A Ordinary Shares,NASDAQ,N
UFI,"Unifi, Inc. New Common Stock",N,N
UFIV,US Treasury 5 Year Note ETF,NASDAQ,Y
UFO,Procure Space ETF,NASDAQ,Y
UFPI,"UFP Industries, Inc. - Common Stock",NASDAQ,N
UFPT,"UFP Technologies, Inc. - Common Stock",NASDAQ,N
UG,"United-Guardian, Inc. - Common Stock",NASDAQ,N
UGA,United States Gasoline Fund LP,P,Y
UGE,ProShares Ultra Consumer Staples,P,Y
UGI,UGI Corporation Common Stock,N,N
UGL,ProShares Ultra Gold,P,Y
UGP,Ultrapar Participacoes S.A. (New) American Depositary Shares (Each representing one Common Share),N,N
UGRO,"urban-gro, Inc. - Common Stock",NASDAQ,N
UHAL,U-Haul Holding Company Common Stock,N,N
UHAL.B,U-Haul Holding Company Series N Non-Voting Common Stock,N,N
UHG,"United Homes Group, Inc - Class A Common Stock",NASDAQ,N
UHGWW,"United Homes Group, Inc - Warrant",NASDAQ,N
UHS,"Universal Health Services, Inc. Common Stock",N,N
UHT,Universal Health Realty Income Trust Common Stock,N,N
UI,Ubiquiti Inc. Common Stock,N,N
UIS,Unisys Corporation New Common Stock,N,N
UITB,VictoryShares Core Intermediate Bond ETF,NASDAQ,Y
UIVM,VictoryShares International Value Momentum ETF,NASDAQ,Y
UJAN,Innovator U.S. Equity Ultra Buffer ETF - January,Z,Y
UJB,ProShares Ultra High Yield ETF,P,Y
UJUL,Innovator U.S. Equity Ultra Buffer ETF - July,Z,Y
UJUN,Innovator U.S. Equity Ultra Buffer ETF - June,Z,Y
UK,Ucommune International Ltd  - Ordinary Shares,NASDAQ,N
UL,Unilever PLC American Depositary Shares (each representing One Ordinary Share),N,N
ULBI,Ultralife Corporation - Common Stock,NASDAQ,N
ULCC,"Frontier Group Holdings, Inc. - Common Stock",NASDAQ,N
ULE,ProShares Ultra Euro,P,Y
ULH,"Universal Logistics Holdings, Inc. - Common Stock",NASDAQ,N
ULS,UL Solutions Inc. Class A Common Stock,N,N
ULST,State Street Ultra Short Term Bond ETF,P,Y
ULTA,"Ulta Beauty, Inc. - Common Stock",NASDAQ,N
ULTI,REX IncomeMax Option Strategy ETF,NASDAQ,Y
ULTY,YieldMax Ultra Option Income Strategy ETF,P,Y
ULVM,VictoryShares US Value Momentum ETF,NASDAQ,Y
ULY,Urgent.ly Inc. - Common Stock,NASDAQ,N
UMAC,"Unusual Machines, Inc. Common Stock",A,N
UMAR,Innovator U.S. Equity Ultra Buffer ETF - March,Z,Y
UMAY,Innovator U.S. Equity Ultra Buffer ETF - May,Z,Y
UMBF,UMB Financial Corporation - Common Stock,NASDAQ,N
UMBFO,"UMB Financial Corporation - Depositary Shares Each Representing a 1/400th Interest in a Share of 7.750% Fixed-Rate Reset Non-Cumulative Perpetual Preferred Stock, Series B",NASDAQ,N
UMC,United Microelectronics Corporation (NEW) Common Stock,N,N
UMDD,UltraPro MidCap400,P,Y
UMH,"UMH Properties, Inc. Common Stock",N,N
UMH$D,"UMH Properties, Inc. 6.375% Series D Cumulative Redeemable Preferred Stock, Liquidation Preference $25 per share",N,N
UMI,USCF Midstream Energy Income Fund ETF,P,Y
UMMA,Wahed Dow Jones Islamic World ETF,NASDAQ,Y
UNB,"Union Bankshares, Inc. - Common Stock",NASDAQ,N
UNCY,"Unicycive Therapeutics, Inc. - Common Stock",NASDAQ,N
UNF,Unifirst Corporation Common Stock,N,N
UNFI,"United Natural Foods, Inc. Common Stock",N,N
UNG,United States Natural Gas Fund LP,P,Y
UNH,UnitedHealth Group Incorporated Common Stock (DE),N,N
UNHG,Leverage Shares 2X Long UNH Daily ETF,NASDAQ,Y
UNHW,Roundhill UNH WeeklyPay ETF,Z,Y
UNIT,Uniti Group Inc. - Common Stock,NASDAQ,N
UNIY,WisdomTree Voya Yield Enhanced USD Universal Bond Fund,NASDAQ,Y
UNL,United States 12 Month Natural Gas Fund,P,Y
UNM,Unum Group Common Stock,N,N
UNMA,Unum Group 6.250% Junior Subordinated Notes due 2058,N,N
UNOV,Innovator U.S. Equity Ultra Buffer ETF - November,Z,Y
UNP,Union Pacific Corporation Common Stock,N,N
UNTY,"Unity Bancorp, Inc. - Common Stock",NASDAQ,N
UNX,Tradr 2X Long U Daily ETF,Z,Y
UOCT,Innovator U.S. Equity Ultra Buffer ETF - October,Z,Y
UOKA,MDJM LTD - Class A Ordinary Shares,NASDAQ,N
UONE,"Urban One, Inc.  - Class A Common Stock",NASDAQ,N
UONEK,"Urban One, Inc.  - Class D Common Stock",NASDAQ,N
UP,Wheels Up Experience Inc. Class A Common Stock,N,N
UPAR,UPAR Ultra Risk Parity ETF,P,Y
UPB,"Upstream Bio, Inc. - Common Stock",NASDAQ,N
UPBD,"Upbound Group, Inc. - Common Stock",NASDAQ,N
UPC,Universe Pharmaceuticals Inc - Ordinary Shares,NASDAQ,N
UPGD,Invesco Bloomberg Analyst Rating Improvers ETF,P,Y
UPGR,Xtrackers US Green Infrastructure Select Equity ETF,NASDAQ,Y
UPLD,"Upland Software, Inc. - Common Stock",NASDAQ,N
UPRO,ProShares UltraPro S&P 500,P,Y
UPS,"United Parcel Service, Inc. Common Stock",N,N
UPSD,Aptus Large Cap Upside ETF,Z,Y
UPSG,Leverage Shares 2X Long UPS Daily ETF,NASDAQ,Y
UPST,"Upstart Holdings, Inc. - Common stock",NASDAQ,N
UPSX,Tradr 2X Long UPST Daily ETF,Z,Y
UPV,ProShares Ultra FTSE Europe,P,Y
UPW,ProShares Ultra Utilities,P,Y
UPWK,Upwork Inc. - Common Stock,NASDAQ,N
UPXI,"Upexi, Inc. - Common Stock",NASDAQ,N
URA,Global X Uranium ETF,P,Y
URAA,Direxion Daily Uranium Industry Bull 2X Shares,P,Y
URAN,Themes Uranium & Nuclear ETF,Z,Y
URBN,"Urban Outfitters, Inc. - Common Stock",NASDAQ,N
URE,ProShares Ultra Real Estate,P,Y
URG,Ur Energy Inc Common Shares (Canada),A,N
URGN,UroGen Pharma Ltd. - Ordinary Shares,NASDAQ,N
URI,"United Rentals, Inc. Common Stock",N,N
URNJ,Sprott Junior Uranium Miners ETF,NASDAQ,Y
URNM,Sprott Uranium Miners ETF,P,Y
UROY,Uranium Royalty Corp. - Common Stock,NASDAQ,N
URSP,ProShares Ultra S&P 500 Equal Weight,P,Y
URTH,iShares MSCI World ETF,P,Y
URTY,ProShares UltraPro Russell2000,P,Y
USA,Liberty All-Star Equity Fund Common Stock,N,N
USAC,"USA Compression Partners, LP Common Units Representing Limited Partner Interests",N,N
USAF,Atlas America Fund,NASDAQ,Y
USAI,Pacer American Energy Independence ETF,P,Y
USAR,"USA Rare Earth, Inc. - Common Stock",NASDAQ,N
USAS,"Americas Gold and Silver Corporation Common Shares, no par value",A,N
USAU,U.S. Gold Corp. - Common Stock,NASDAQ,N
USB,U.S. Bancorp Common Stock,N,N
USB$A,"U.S. Bancorp Depositary Shares, Each representing a 1/100th interest in a share of Series A Non-CumulativePerpetual Pfd Stock",N,N
USB$H,U.S. Bancorp Depositary Shares repstg 1/1000th Pfd Ser B,N,N
USB$P,"U.S. Bancorp Depositary Shares each representing a 1/1,000th interest in a share of Series K Non-Cumulative Perpetual Preferred Stock",N,N
USB$Q,"U.S. Bancorp Depositary Shares, Each Representing a 1/1,000th Interest in a Share of Series L Non-Cumulative Perpetual Preferred Stock",N,N
USB$R,"U.S. Bancorp Depositary Shares, Each Representing a 1/1,000th Interest in a Share of Series M Non-Cumulative Perpetual Preferred Stock",N,N
USB$S,"U.S. Bancorp Depositary Shares, each representing a 1/1,000th interest in a share of Series O Non-Cumulative Perpetual Preferred Stock",N,N
USBC,"USBC, Inc. Common Stock",A,N
USCA,Xtrackers MSCI USA Climate Action Equity ETF,P,Y
USCB,"USCB Financial Holdings, Inc.  - Class A Common Stock",NASDAQ,N
USCI,United States Commodity Index Fund ETV,P,Y
USCL,iShares Climate Conscious & Transition MSCI USA ETF,NASDAQ,Y
USD,ProShares Ultra Semiconductors,P,Y
USDU,WisdomTree Bloomberg U.S. Dollar Bullish Fund,P,Y
USDX,SGI Enhanced Core ETF,NASDAQ,Y
USE,USCF Energy Commodity Strategy Absolute Return Fund,P,Y
USEA,United Maritime Corporation - Common Stock,NASDAQ,N
USEG,U.S. Energy Corp. - Common Stock,NASDAQ,N
USEP,Innovator U.S. Equity Ultra Buffer ETF - September,Z,Y
USEW,Cambria US EW ETF,Z,Y
USFD,US Foods Holding Corp. Common Stock,N,N
USFI,BrandywineGLOBAL - U.S. Fixed Income ETF,NASDAQ,Y
USFR,WisdomTree Floating Rate Treasury Fund,P,Y
USG,USCF Gold Strategy Plus Income Fund,P,Y
USGO,U.S. GoldMining Inc. - Common stock,NASDAQ,N
USGOW,U.S. GoldMining Inc. - Warrant,NASDAQ,N
USHY,iShares Broad USD High Yield Corporate Bond ETF,Z,Y
USIG,iShares Broad USD Investment Grade Corporate Bond ETF,NASDAQ,Y
USIN,WisdomTree 7-10 Year Laddered Treasury Fund,NASDAQ,Y
USIO,"Usio, Inc. - Common Stock",NASDAQ,N
USL,United States 12 Month Oil,P,Y
USLM,"United States Lime & Minerals, Inc. - Common Stock",NASDAQ,N
USMC,Principal U.S. Mega-Cap ETF,NASDAQ,Y
USMF,WisdomTree U.S. Multifactor Fund,Z,Y
USML,ETRACS 2x Leveraged MSCI US Minimum Volatility Factor TR ETN,P,Y
USMV,iShares MSCI USA Min Vol Factor ETF,Z,Y
USNA,"USANA Health Sciences, Inc. Common Stock",N,N
USNG,Amplify Samsung U.S. Natural Gas Infrastructure ETF,P,Y
USNZ,Xtrackers Net Zero Pathway Paris Aligned US Equity ETF,P,Y
USO,United States Oil Fund,P,Y
USOI,"ETRACS Crude Oil Shares Covered Call ETNs due April 24, 2037",NASDAQ,Y
USOY,Defiance Oil Enhanced Options Income ETF,NASDAQ,Y
USPH,"U.S. Physical Therapy, Inc. Common Stock",N,N
USPX,Franklin U.S. Equity Index ETF,P,Y
USRD,Themes US R&D Champions ETF,NASDAQ,Y
USRT,iShares Core U.S. REIT ETF,P,Y
USSE,Segall Bryant & Hamill Trust Segall Bryant & Hamill Select Equity ETF,P,Y
USSG,Xtrackers MSCI USA Selection Equity ETF,P,Y
USSH,WisdomTree 1-3 Year Laddered Treasury Fund,NASDAQ,Y
UST,ProShares Ultra 7-10 Year Treasury,P,Y
USTB,VictoryShares Short-Term Bond ETF,NASDAQ,Y
USVM,VictoryShares US Small Mid Cap Value Momentum ETF,NASDAQ,Y
USVN,US Treasury 7 Year Note ETF,NASDAQ,Y
USXF,iShares ESG Advanced MSCI USA ETF,NASDAQ,Y
UTEN,US Treasury 10 Year Note ETF,NASDAQ,Y
UTES,Virtus Reaves Utilities ETF,P,Y
UTF,"Cohen & Steers Infrastructure Fund, Inc Common Stock",N,N
UTG,Reaves Utility Income Fund Common Shares of Beneficial Interest,A,N
UTHR,United Therapeutics Corporation - Common Stock,NASDAQ,N
UTHY,US Treasury 30 Year Bond ETF,NASDAQ,Y
UTI,Universal Technical Institute Inc Common Stock,N,N
UTL,UNITIL Corporation Common Stock,N,N
UTMD,"Utah Medical Products, Inc. - Common Stock",NASDAQ,N
UTRE,US Treasury 3 Year Note ETF,NASDAQ,Y
UTSI,UTStarcom Holdings Corp - Ordinary Shares,NASDAQ,N
UTSL,Direxion Daily Utilities Bull 3X Shares,P,Y
UTWO,US Treasury 2 Year Note ETF,NASDAQ,Y
UTWY,US Treasury 20 Year Bond ETF,NASDAQ,Y
UTZ,Utz Brands Inc Class A Common Stock,N,N
UUP,Invesco DB USD Index Bullish Fund ETF,P,Y
UUU,"Universal Safety Products, Inc. Common Stock",A,N
UUUU,Energy Fuels Inc Ordinary Shares (Canada),A,N
UVE,UNIVERSAL INSURANCE HOLDINGS INC Common Stock,N,N
UVIX,2x Long VIX Futures ETF,Z,Y
UVSP,Univest Financial Corporation - Common Stock,NASDAQ,N
UVV,Universal Corporation Common Stock,N,N
UVXY,ProShares Ultra VIX Short Term Futures ETF,Z,Y
UWM,ProShares Ultra Russell2000,P,Y
UWMC,UWM Holdings Corporation Class A Common Stock,N,N
UX,Roundhill Uranium ETF,Z,Y
UXAP,FT Vest U.S. Equity Uncapped Accelerator ETF - April,Z,Y
UXI,ProShares Ultra Industrials,P,Y
UXIN,Uxin Limited - American Depositary Shares,NASDAQ,N
UXJA,FT Vest U.S. Equity Uncapped Accelerator ETF - January,Z,Y
UXJL,FT Vest U.S. Equity Uncapped Accelerator ETF - July,Z,Y
UXOC,FT Vest U.S. Equity Uncapped Accelerator ETF - October,Z,Y
UXRP,ProShares Ultra XRP ETF,P,Y
UYG,ProShares Ultra Financials,P,Y
UYLD,Angel Oak UltraShort Income ETF,NASDAQ,Y
UYM,ProShares Ultra Materials,P,Y
UYSC,UY Scuti Acquisition Corp. - Ordinary Shares,NASDAQ,N
UYSCR,UY Scuti Acquisition Corp. - Rights,NASDAQ,N
UYSCU,UY Scuti Acquisition Corp. - Units,NASDAQ,N
UZD,"Array Digital Infrastructure, Inc. 6.250% Senior Notes due 2069",N,N
UZE,"Array Digital Infrastructure, Inc. 5.500% Senior Notes due 2070",N,N
UZF,"Array Digital Infrastructure, Inc. 5.500% Senior Notes due 2070",N,N
V,Visa Inc.,N,N
VABK,Virginia National Bankshares Corporation - Common Stock,NASDAQ,N
VABS,Virtus Newfleet ABS/MBS ETF,P,Y
VAC,Marriott Vacations Worldwide Corporation Common Stock,N,N
VACH,Voyager Acquisition Corp - Class A Ordinary Shares,NASDAQ,N
VACHU,Voyager Acquisition Corp - Unit,NASDAQ,N
VACHW,Voyager Acquisition Corp - Warrants,NASDAQ,N
VACI,Viking Acquisition Corp. I Class A Ordinary Shares,N,N
VACI.U,"Viking Acquisition Corp. I Units, each consisting of one Class A ordinary share and one-third of one Warrant",N,N
VACI.W,Viking Acquisition Corp. I Warrants to purchase one Class A Ordinary Share,N,N
VAL,Valaris Limited Common Shares,N,N
VAL.W,Valaris Limited Warrants,N,N
VALE,VALE S.A.  American Depositary Shares Each Representing one common share,N,N
VALG,Leverage Shares 2X Long VALE Daily ETF,NASDAQ,Y
VALN,Valneva SE - American Depositary Shares,NASDAQ,N
VALQ,American Century U.S. Quality Value ETF,P,Y
VALU,"Value Line, Inc. - Common Stock",NASDAQ,N
VAMO,Cambria Value and Momentum ETF,Z,Y
VANI,"Vivani Medical, Inc.  - Common Stock",NASDAQ,N
VATE,INNOVATE Corp. Common Stock,N,N
VAW,Vanguard Materials ETF,P,Y
VB,Vanguard Small-Cap ETF,P,Y
VBF,Invesco Bond Fund Common Stock,N,N
VBIL,Vanguard 0-3 Month Treasury Bill ETF,NASDAQ,Y
VBIX,Viewbix Inc. - Common Stock,NASDAQ,N
VBK,Vanguard Small-Cap Growth ETF,P,Y
VBND,Vident U.S. Bond Strategy ETF,P,Y
VBNK,VersaBank - Common Shares,NASDAQ,N
VBR,Vanguard Small-Cap Value ETF,P,Y
VC,Visteon Corporation - Common Stock,NASDAQ,N
VCEB,Vanguard World Funds ETF,Z,Y
VCEL,Vericel Corporation - Common Stock,NASDAQ,N
VCIC,Vine Hill Capital Investment Corp. - Class A Ordinary Shares,NASDAQ,N
VCICU,Vine Hill Capital Investment Corp. - Unit,NASDAQ,N
VCICW,Vine Hill Capital Investment Corp. - Warrant,NASDAQ,N
VCIG,VCI Global Limited - Ordinary Share,NASDAQ,N
VCIT,Vanguard Intermediate-Term Corporate Bond ETF,NASDAQ,Y
VCLN,Virtus Duff & Phelps Clean Energy ETF,P,Y
VCLT,Vanguard Long-Term Corporate Bond ETF,NASDAQ,Y
VCOB,Voya Core Bond ETF,P,Y
VCR,Vanguard Consumer Discretion ETF,P,Y
VCRB,Vanguard Core Bond ETF,NASDAQ,Y
VCRM,Vanguard Core Tax-Exempt Bond ETF,Z,Y
VCSH,Vanguard Short-Term Corporate Bond ETF,NASDAQ,Y
VCTR,"Victory Capital Holdings, Inc. - Common Stock",NASDAQ,N
VCV,Invesco California Value Municipal Income Trust Common Stock,N,N
VCYT,"Veracyte, Inc. - Common Stock",NASDAQ,N
VDC,Vanguard Consumer Staples ETF,P,Y
VDE,Vanguard Energy ETF,P,Y
VDI,Virtus International Dividend ETF,P,Y
VDIG,Vanguard Wellington Dividend Growth Active ETF,Z,Y
VEA,Vanguard FTSE Developed Markets ETF,P,Y
VECO,Veeco Instruments Inc. - Common Stock,NASDAQ,N
VEEA,Veea Inc. - Common Stock,NASDAQ,N
VEEAW,Veea Inc. - Warrant,NASDAQ,N
VEEE,Twin Vee PowerCats Co. - Common Stock,NASDAQ,N
VEEV,Veeva Systems Inc. Class A Common Stock,N,N
VEGA,AdvisorShares STAR Global Buy-Write ETF,P,Y
VEGI,iShares MSCI Agriculture Producers ETF,P,Y
VEGN,US Vegan Climate Index,Z,Y
VEL,"Velocity Financial, Inc. Common Stock",N,N
VELO,"Velo3D, Inc. - Common stock",NASDAQ,N
VEMY,Virtus Stone Harbor Emerging Markets High Yield Bond ETF,P,Y
VENU,Venu Holding Corporation Common Stock,A,N
VEON,VEON Ltd. - American Depositary Shares,NASDAQ,N
VERA,"Vera Therapeutics, Inc. - Class A Common Stock",NASDAQ,N
VERI,"Veritone, Inc. - Common Stock",NASDAQ,N
VERO,Venus Concept Inc.  - Common Stock,NASDAQ,N
VERS,ProShares Metaverse ETF,P,Y
VERU,Veru Inc. - Common Stock,NASDAQ,N
VERX,"Vertex, Inc. - Class A Common Stock",NASDAQ,N
VET,Vermilion Energy Inc. Common (Canada),N,N
VETZ,Academy Veteran Bond ETF,P,Y
VEU,Vanguard FTSE All World Ex US ETF,P,Y
VEXC,Vanguard Emerging Markets Ex-China ETF,P,Y
VFC,V.F. Corporation Common Stock,N,N
VFF,"Village Farms International, Inc. - Common Shares",NASDAQ,N
VFH,Vanguard Financials ETF,P,Y
VFL,abrdn National Municipal Income Fund Common Stock,A,N
VFLO,VictoryShares Free Cash Flow ETF,NASDAQ,Y
VFMF,Vanguard U.S. Multifactor ETF,Z,Y
VFMO,Vanguard U.S. Momentum Factor ETF,Z,Y
VFMV,Vanguard U.S. Minimum Volatility ETF,Z,Y
VFQY,Vanguard U.S. Quality Factor ETF,Z,Y
VFS,VinFast Auto Ltd. - Ordinary Shares,NASDAQ,N
VFSWW,VinFast Auto Ltd. - Warrant,NASDAQ,N
VFVA,Vanguard U.S. Value Factor ETF,Z,Y
VG,"Venture Global, Inc. Class A common stock",N,N
VGAS,"Verde Clean Fuels, Inc. - Class A Common Stock",NASDAQ,N
VGASW,"Verde Clean Fuels, Inc. - Warrant",NASDAQ,N
VGHY,Vanguard High-Yield Active ETF,Z,Y
VGI,Virtus Global Multi-Sector Income Fund Common Shares of Beneficial Interest,N,N
VGIT,Vanguard Intermediate-Term Treasury ETF,NASDAQ,Y
VGK,Vanguard FTSEEuropean ETF,P,Y
VGLT,Vanguard Long-Term Treasury ETF,NASDAQ,Y
VGM,Invesco Trust for Investment Grade Municipals Common Stock (DE),N,N
VGMS,Vanguard Multi-Sector Income Bond ETF,Z,Y
VGRO,Virtus Silvant Growth Opportunities ETF,P,Y
VGSH,Vanguard Short-Term Treasury ETF,NASDAQ,Y
VGSR,Vert Global Sustainable Real Estate ETF,NASDAQ,Y
VGT,Vanguard Information Tech ETF,P,Y
VGUS,Vanguard Ultra-Short Treasury ETF,NASDAQ,Y
VGVT,Vanguard Government Securities Active ETF,P,Y
VGZ,Vista Gold Corp Common Stock,A,N
VHC,VirnetX Holding Corp - Common Stock,NASDAQ,N
VHCPU,Vine Hill Capital Investment Corp. II - Units,NASDAQ,N
VHI,"Valhi, Inc. Common Stock",N,N
VHT,Vanguard Health Care ETF,P,Y
VIA,"Via Transportation, Inc. Class A Common Stock",N,N
VIASP,"Via Renewables, Inc. - 8.75% Series A Fixed-to-Floating Rate Cumulative Redeemable Perpetual Preferred Stock",NASDAQ,N
VIAV,Viavi Solutions Inc. - Common Stock,NASDAQ,N
VICE,AdvisorShares Vice ETF,P,Y
VICI,VICI Properties Inc. Common Stock,N,N
VICR,Vicor Corporation - Common Stock,NASDAQ,N
VIDI,Vident International Equity Strategy ETF,P,Y
VIG,Vanguard Div Appreciation ETF,P,Y
VIGI,Vanguard International Dividend Appreciation ETF,NASDAQ,Y
VIK,Viking Holdings Ltd Ordinary Shares,N,N
VINP,Vinci Compass Investments Ltd. - Class A Common Shares,NASDAQ,N
VIOG,Vanguard S&P Small-Cap 600 Growth ETF,P,Y
VIOO,Vanguard S&P Small-Cap 600 ETF,P,Y
VIOT,"Viomi Technology Co., Ltd - American Depositary Shares",NASDAQ,N
VIOV,Vanguard S&P Small-Cap 600 Value ETF,P,Y
VIPS,"Vipshop Holdings Limited American Depositary Shares, each representing two ordinary shares",N,N
VIR,"Vir Biotechnology, Inc. - Common Stock",NASDAQ,N
VIRC,Virco Manufacturing Corporation - Common Stock,NASDAQ,N
VIRT,"Virtu Financial, Inc. Class A Common Stock",N,N
VIS,Vanguard Industrials ETF,P,Y
VIST,"Vista Energy S.A.B. de C.V. American Depositary Shares, each representing one series A share, with no par value",N,N
VITL,"Vital Farms, Inc. - Common Stock",NASDAQ,N
VIV,Telefonica Brasil S.A. American Depositary Shares (Each representing One Common Share),N,N
VIVS,"VivoSim Labs, Inc. - Common Stock",NASDAQ,N
VIXM,VIX Mid-Term Futures ETF,Z,Y
VIXY,VIX Short-Term Futures ETF,Z,Y
VKI,Invesco Advantage Municipal Income Trust II Common Shares of Beneficial Interest (DE),A,N
VKQ,Invesco Municipal Trust Common Stock,N,N
VKTX,"Viking Therapeutics, Inc. - Common Stock",NASDAQ,N
VLGEA,"Village Super Market, Inc. - Class A Common Stock",NASDAQ,N
VLLU,Harbor AlphaEdge Large Cap Value ETF,P,Y
VLN,Valens Semiconductor Ltd. Ordinary Shares,N,N
VLN.W,"Valens Semiconductor Ltd. Warrants, each warrant to purchase one-half of one Ordinary Share",N,N
VLO,Valero Energy Corporation Common Stock,N,N
VLRS,"Controladora Vuela Compania de Aviacion, S.A.B. de C.V. American Depositary Shares, each representing ten (10) Ordinary Participation Certificates",N,N
VLT,Invesco High Income Trust II,N,N
VLTO,Veralto Corp Common Stock,N,N
VLU,State Street SPDR S&P 1500 Value Tilt ETF,P,Y
VLUE,iShares MSCI USA Value Factor ETF,Z,Y
VLY,Valley National Bancorp - Common Stock,NASDAQ,N
VLYPN,"Valley National Bancorp - 8.250% Fixed-Rate Reset Non-Cumulative Perpetual Preferred Stock, Series C",NASDAQ,N
VLYPO,Valley National Bancorp - 5.5% Fixed to Floating Rate Series B Non-Cumulative Perpetual Preferred Stock,NASDAQ,N
VLYPP,Valley National Bancorp - 6.25% Fixed-to-Floating Rate Series A Non-Cumulative Perpetual Preferred Stock,NASDAQ,N
VMAR,Vision Marine Technologies Inc. - Common Shares,NASDAQ,N
VMAX,Hartford US Value ETF,Z,Y
VMBS,Vanguard Mortgage-Backed Securities ETF,NASDAQ,Y
VMC,Vulcan Materials Company (Holding Company) Common Stock,N,N
VMD,"Viemed Healthcare, Inc. - Common Shares",NASDAQ,N
VMI,"Valmont Industries, Inc. Common Stock",N,N
VMO,Invesco Municipal Opportunity Trust Common Stock,N,N
VMSB,Voya Multi-Sector Income ETF,P,Y
VNAM,Global X MSCI Vietnam ETF,P,Y
VNCE,Vince Holding Corp. - Common Stock,NASDAQ,N
VNDA,Vanda Pharmaceuticals Inc. - Common Stock,NASDAQ,N
VNET,"VNET Group, Inc. - American Depositary Shares",NASDAQ,N
VNIE,Vontobel International Equity Active ETF,P,Y
VNLA,Janus Henderson Short Duration Income ETF,P,Y
VNM,VanEck Vietnam ETF,Z,Y
VNME,Vendome Acquisition Corporation I - Class A Ordinary Shares,NASDAQ,N
VNMEU,Vendome Acquisition Corporation I - Unit,NASDAQ,N
VNMEW,Vendome Acquisition Corporation I - Warrant,NASDAQ,N
VNO,Vornado Realty Trust Common Stock,N,N
VNO$L,Vornado Realty Trust Pfd Ser L %,N,N
VNO$M,"Vornado Realty Trust 5.25% Series M Cumulative Redeemable Preferred Shares of Beneficial Interest, liquidation preference $25.00 per share, no par value per share",N,N
VNO$N,"Vornado Realty Trust 5.25% Series N Cumulative Redeemable Preferred Shares of Beneficial Interest, liquidation preference $25.00 per share",N,N
VNO$O,"Vornado Realty Trust 4.45% Series O Cumulative Redeemable Preferred Shares, Liquidation Preference $25.00 Per Share",N,N
VNOM,"Viper Energy, Inc.  - Class A Common Stock",NASDAQ,N
VNQ,Vanguard Real Estate ETF,P,Y
VNQI,Vanguard Global ex-U.S. Real Estate ETF,NASDAQ,Y
VNRX,VolitionRX Limited Common Stock,A,N
VNSE,Natixis Vaughan Nelson Select ETF,P,Y
VNT,Vontier Corporation Common Stock,N,N
VNTG,Vantage Corp Class A Ordinary Shares,A,N
VO,Vanguard Mid-Cap ETF,P,Y
VOC,VOC Energy Trust Units of Beneficial Interest,N,N
VOD,Vodafone Group Plc - American Depositary Shares each representing ten Ordinary Shares,NASDAQ,N
VOE,Vanguard Mid-Cap Value ETF,P,Y
VOLT,Tema Electrification ETF,NASDAQ,Y
VONE,Vanguard Russell 1000 ETF,NASDAQ,Y
VONG,Vanguard Russell 1000 Growth ETF,NASDAQ,Y
VONV,Vanguard Russell 1000 Value ETF,NASDAQ,Y
VOO,Vanguard S&P 500 ETF,P,Y
VOOG,Vanguard S&P 500 Growth ETF,P,Y
VOOV,Vanguard S&P 500 Value ETF,P,Y
VOR,Vor Biopharma Inc. - Common Stock,NASDAQ,N
VOT,Vanguard Mid-Cap Growth ETF,P,Y
VOTE,TCW Transform 500 ETF,NASDAQ,Y
VOX,Vanguard Communication Services  ETF,P,Y
VOXR,Vox Royalty Corp. - common stock,NASDAQ,N
VOYA,"Voya Financial, Inc. Common Stock",N,N
VOYA$B,"Voya Financial, Inc. Depositary Shares, each representing a 1/40th interest in a share of 5.35% Fixed-Rate Reset Non-Cumulative Preferred Stock, Series B",N,N
VOYG,"Voyager Technologies, Inc. Class A Common Stock",N,N
VOYX,Tradr 2X Long VOYG Daily ETF,Z,Y
VPC,Virtus Private Credit Strategy ETF,P,Y
VPG,"Vishay Precision Group, Inc. Common Stock",N,N
VPL,Vanguard FTSE Pacific ETF,P,Y
VPLS,Vanguard Core Plus Bond ETF,NASDAQ,Y
VPU,Vanguard Utilities ETF,P,Y
VPV,Invesco Pennsylvania Value Municipal Income Trust Common Stock (DE),N,N
VRA,"Vera Bradley, Inc. - Common Stock",NASDAQ,N
VRAI,Virtus Real Asset Income ETF,P,Y
VRAR,"The Glimpse Group, Inc. - Common Stock",NASDAQ,N
VRAX,Virax Biolabs Group Limited - Ordinary Shares,NASDAQ,N
VRCA,Verrica Pharmaceuticals Inc. - Common Stock,NASDAQ,N
VRDN,"Viridian Therapeutics, Inc.  - Common Stock",NASDAQ,N
VRE,"Veris Residential, Inc. Common Stock",N,N
VREX,Varex Imaging Corporation - Common Stock,NASDAQ,N
VRIG,Invesco Variable Rate Investment Grade ETF,NASDAQ,Y
VRM,"Vroom, Inc. - Common Stock",NASDAQ,N
VRME,"VerifyMe, Inc. - Common Stock",NASDAQ,N
VRNS,"Varonis Systems, Inc. - Common Stock",NASDAQ,N
VRP,Invesco Variable Rate Preferred ETF,P,Y
VRRM,Verra Mobility Corporation - Class A Common Stock,NASDAQ,N
VRSK,"Verisk Analytics, Inc. - Common Stock",NASDAQ,N
VRSN,"VeriSign, Inc. - Common Stock",NASDAQ,N
VRT,"Vertiv Holdings, LLC Class A Common Stock",N,N
VRTL,GraniteShares 2x Long VRT Daily ETF,NASDAQ,Y
VRTS,"Virtus Investment Partners, Inc. Common Stock",N,N
VRTX,Vertex Pharmaceuticals Incorporated - Common Stock,NASDAQ,N
VS,Versus Systems Inc. - Common Stock,NASDAQ,N
VSA,VisionSys AI Inc. - American Depositary Shares,NASDAQ,N
VSAT,"ViaSat, Inc. - Common Stock",NASDAQ,N
VSCO,Victorias Secret & Co. Common Stock,N,N
VSDA,VictoryShares Dividend Accelerator ETF,NASDAQ,Y
VSDB,Vanguard Short Duration Bond ETF,Z,Y
VSDM,Vanguard Short Duration Tax-Exempt Bond ETF,Z,Y
VSEC,VSE Corporation - Common Stock,NASDAQ,N
VSEE,"VSee Health, Inc. - Common Stock",NASDAQ,N
VSEEW,"VSee Health, Inc. - Warrant",NASDAQ,N
VSGX,Vanguard ESG International Stock ETF,Z,Y
VSH,"Vishay Intertechnology, Inc. Common Stock",N,N
VSHY,Virtus Newfleet Short Duration High Yield Bond ETF,P,Y
VSLU,Applied Finance Valuation Large Cap ETF,P,Y
VSME,VS Media Holdings Limited - Class A Ordinary Shares,NASDAQ,N
VSMV,VictoryShares US Multi-Factor Minimum Volatility ETF,NASDAQ,Y
VSNT,"Versant Media Group, Inc. - Class A Common Stock",NASDAQ,N
VSOL,VanEck Solana ETF,NASDAQ,Y
VSS,Vanguard FTSE All-Wld ex-US SmCp Idx ETF,P,Y
VSSYW,Versus Systems Inc. - Class A Warrants,NASDAQ,N
VST,Vistra Corp. Common Stock,N,N
VSTA,Vasta Platform Limited - Class A Ordinary Shares,NASDAQ,N
VSTD,Vestand Inc.  - Class A Common Stock,NASDAQ,N
VSTL,Defiance Daily Target 2X Long VST ETF,NASDAQ,Y
VSTM,"Verastem, Inc. - Common Stock",NASDAQ,N
VSTS,Vestis Corporation Common Stock,N,N
VT,Vanguard Total World Stock Index ETF,P,Y
VTAK,"Catheter Precision, Inc. Common Stock",A,N
VTC,Vanguard Total Corporate Bond ETF,NASDAQ,Y
VTEB,Vanguard Tax-Exempt Bond ETF,P,Y
VTEC,Vanguard California Tax-Exempt Bond ETF,Z,Y
VTEI,Vanguard Tax-Managed Funds Vanguard Intermediate-Term Tax-Exempt Bond ETF,Z,Y
VTEL,Vanguard Long-Term Tax-Exempt Bond ETF,Z,Y
VTES,Vanguard Wellington Fund Vanguard Short-Term Tax Exempt Bond ETF,P,Y
VTEX,VTEX Class A Common Shares,N,N
VTG,Vanguard Total Treasury ETF,P,Y
VTGN,"Vistagen Therapeutics, Inc. - Common Stock",NASDAQ,N
VTHR,Vanguard Russell 3000 ETF,NASDAQ,Y
VTI,Vanguard Total Stock Market ETF,P,Y
VTIP,Vanguard Short-Term Inflation-Protected Securities Index Fund ETF Shares,NASDAQ,Y
VTMX,"Corporacion Inmobiliaria Vesta, S.A.B de C.V. American Depositary Shares, each representing ten (10) Common Shares",N,N
VTN,Invesco Trust for Investment Grade New York Municipals Common Stock,N,N
VTOL,"Bristow Group, Inc. Common Stock",N,N
VTP,Vanguard Total Inflation-Protected Securities ETF,P,Y
VTR,"Ventas, Inc. Common Stock",N,N
VTRS,Viatris Inc. - Common Stock,NASDAQ,N
VTS,"Vitesse Energy, Inc. Common Stock",N,N
VTSI,"VirTra, Inc. - Common Stock",NASDAQ,N
VTV,Vanguard Value ETF,P,Y
VTVT,vTv Therapeutics Inc. - Class A Common Stock,NASDAQ,N
VTWG,Vanguard Russell 2000 Growth ETF,NASDAQ,Y
VTWO,Vanguard Russell 2000 ETF,NASDAQ,Y
VTWV,Vanguard Russell 2000 Value ETF,NASDAQ,Y
VTYX,"Ventyx Biosciences, Inc. - Common Stock",NASDAQ,N
VUG,Vanguard Growth ETF,P,Y
VUS,Virtus US Dividend ETF,P,Y
VUSB,Vanguard Ultra-Short Bond ETF,Z,Y
VUSE,Vident U.S. Equity Strategy ETF,P,Y
VUSG,Vanguard Wellington U.S. Growth Active ETF,Z,Y
VUSI,Voya Ultra Short Income ETF,P,Y
VUSV,Vanguard Wellington U.S. Value Active ETF,Z,Y
VUZI,Vuzix Corporation  - Common Stock,NASDAQ,N
VV,Vanguard Large-Cap ETF,P,Y
VVOS,"Vivos Therapeutics, Inc. - Common Stock",NASDAQ,N
VVPR,VivoPower International PLC - Ordinary Shares,NASDAQ,N
VVR,Invesco Senior Income Trust Common Stock (DE),N,N
VVV,Valvoline Inc. Common Stock,N,N
VVX,"V2X, Inc. Common Stock",N,N
VWAV,"VisionWave Holdings, Inc. - Common Stock",NASDAQ,N
VWAVW,"VisionWave Holdings, Inc. - Warrant",NASDAQ,N
VWID,Virtus WMC International Dividend ETF,Z,Y
VWO,Vanguard FTSE Emerging Markets ETF,P,Y
VWOB,Vanguard Emerging Markets Government Bond ETF,NASDAQ,Y
VXF,Vanguard Extended Market ETF,P,Y
VXUS,Vanguard Total International Stock ETF,NASDAQ,Y
VXX,iPath Series B S&P 500 VIX Short-Term Futures ETN,Z,N
VXZ,iPath Series B S&P 500 VIX Mid-Term Futures ETN,Z,N
VYGR,"Voyager Therapeutics, Inc. - Common Stock",NASDAQ,N
VYLD,"Inverse VIX Short-Term Futures ETNs due March 22, 2045",P,Y
VYM,Vanguard High Dividend Yield ETF,P,Y
VYMI,Vanguard International High Dividend Yield ETF,NASDAQ,Y
VYNE,VYNE Therapeutics Inc. - Common Stock,NASDAQ,N
VYX,NCR Voyix Corporation Common Stock,N,N
VZ,Verizon Communications Inc. Common Stock,N,N
VZLA,Vizsla Silver Corp. Common Shares,A,N
W,Wayfair Inc. Class A Common Stock,N,N
WAB,Westinghouse Air Brake Technologies Corporation Common Stock,N,N
WABC,Westamerica Bancorporation - Common Stock,NASDAQ,N
WABF,Western Asset Bond ETF,NASDAQ,Y
WAFD,"WaFd, Inc. - Common Stock",NASDAQ,N
WAFDP,"WaFd, Inc. - Depositary Shares",NASDAQ,N
WAFU,Wah Fu Education Group Limited - Ordinary Shares,NASDAQ,N
WAI,Top KingWin Ltd - Class A Ordinary Shares,NASDAQ,N
WAL,Western Alliance Bancorporation Common Stock (DE),N,N
WAL$A,"Western Alliance Bancorporation Depositary Shares, Each Representing a 1/400th Interest in a Share of 4.250% Fixed-Rate Non-Cumulative Perpetual Preferred Stock, Series A",N,N
WALD,Waldencast plc - Class A Ordinary Share,NASDAQ,N
WALDW,Waldencast plc - Warrant,NASDAQ,N
WANT,Direxion Daily Consumer Discretionary Bull 3X Shares,P,Y
WAR,U.S. Global Technology and Aerospace & Defense ETF,P,Y
WASH,"Washington Trust Bancorp, Inc. - Common Stock",NASDAQ,N
WAT,Waters Corporation Common Stock,N,N
WATT,Energous Corporation - Common Stock,NASDAQ,N
WAVE,Eco Wave Power Global AB (publ) - American Depositary Shares,NASDAQ,N
WAY,Waystar Holding Corp. - Common Stock,NASDAQ,N
WB,Weibo Corporation - American Depositary Shares,NASDAQ,N
WBD,"Warner Bros. Discovery, Inc. - Series A Common Stock",NASDAQ,N
WBI,WaterBridge Infrastructure LLC Class A Shares Representing Limited Liability Company Interests,N,N
WBIF,WBI BullBear Value 3000 ETF,P,Y
WBIG,WBI BullBear Yield 3000 ETF,P,Y
WBIL,WBI BullBear Quality 3000 ETF,P,Y
WBIY,WBI Power Factor High Dividend ETF,N,Y
WBS,Webster Financial Corporation Common Stock,N,N
WBS$F,"Webster Financial Corporation Depositary Shares, Each Representing 1/1,000th Interest in a Share of 5.25% Series F Non-Cumulative Perpetual Preferred Stock",N,N
WBS$G,"Webster Financial Corporation Depositary Shares, each representing a 1/40th interest in a share of 6.50% Series G non-cumulative perpetual preferred stock",N,N
WBTN,WEBTOON Entertainment Inc. - Common stock,NASDAQ,N
WBUY,WEBUY GLOBAL LTD. - Class A Ordinary Shares,NASDAQ,N
WBX,Wallbox N.V. Class A Ordinary Shares,N,N
WCAP,WarCap Unconstrained Equity ETF,P,Y
WCBR,WisdomTree Cybersecurity Fund,NASDAQ,Y
WCC,"WESCO International, Inc. Common Stock",N,N
WCEO,Hypatia Women CEO ETF,P,Y
WCLD,WisdomTree Cloud Computing Fund,NASDAQ,Y
WCME,First Trust WCM Developing World Equity ETF,P,Y
WCMI,First Trust WCM International Equity ETF,P,Y
WCN,"Waste Connections, Inc. Common Shares",N,N
WCPB,Weitz Core Plus Bond ETF,P,Y
WCT,Wellchange Holdings Company Limited - Class A Ordinary shares,NASDAQ,N
WD,"Walker & Dunlop, Inc Common Stock",N,N
WDAF,WisdomTree Asia Defense Fund,NASDAQ,Y
WDAY,"Workday, Inc. - Class A Common Stock",NASDAQ,N
WDC,Western Digital Corporation - Common Stock,NASDAQ,N
WDEF,WisdomTree Europe Defense Fund,P,Y
WDFC,WD-40 Company - Common Stock,NASDAQ,N
WDGF,WisdomTree Global Defense Fund,NASDAQ,Y
WDH,Waterdrop Inc. American Depositary Shares (each representing the right to receive 10 Class A Ordinary Shares),N,N
WDI,Western Asset Diversified Income Fund Common Shares of Beneficial Interest,N,N
WDIV,SPDR S&P Global Dividend,P,Y
WDNA,WisdomTree BioRevolution Fund,Z,Y
WDS,"Woodside Energy Group Limited American Depositary Shares, each representing one Ordinary Share",N,N
WDTE,Defiance S&P 500 Weekly Distribution ETF,P,Y
WEA,Western Asset Bond Fund Share of Beneficial Interest,N,N
WEAT,Teucrium Wheat Fund ETV,P,Y
WEAV,"Weave Communications, Inc. Common Stock",N,N
WEBL,Direxion Daily Dow Jones Internet Bull 3X Shares,P,Y
WEBS,Direxion Daily Dow Jones Internet Bear 3X Shares,P,Y
WEC,"WEC Energy Group, Inc. Common Stock",N,N
WEED,Roundhill Cannabis ETF,Z,Y
WEEI,Westwood Salient Enhanced Energy Income ETF,NASDAQ,Y
WEEK,Roundhill Weekly T-Bill ETF,Z,Y
WEEL,Peerless Option Income Wheel ETF,P,Y
WELL,Welltower Inc. Common Stock,N,N
WEN,Wendy's Company (The) - Common Stock,NASDAQ,N
WENN,Wen Acquisition Corp - Class A Ordinary Shares,NASDAQ,N
WENNU,Wen Acquisition Corp - Unit,NASDAQ,N
WENNW,Wen Acquisition Corp - Warrant,NASDAQ,N
WERN,"Werner Enterprises, Inc. - Common Stock",NASDAQ,N
WES,"Western Midstream Partners, LP Common Units Representing Limited Partner Interests",N,N
WEST,Westrock Coffee Company - Common Stock,NASDAQ,N
WETH,Wetouch Technology Inc. - Common Stock,NASDAQ,N
WETO,Webus International Limited - Ordinary Shares,NASDAQ,N
WEX,WEX Inc. common stock,N,N
WEYS,"Weyco Group, Inc. - Common Stock",NASDAQ,N
WF,Woori Financial Group Inc. American Depositary Shares (each representing three (3) shares of Common Stock),N,N
WFC,Wells Fargo & Company Common Stock,N,N
WFC$A,"Wells Fargo & Company Depositary Shares, each representing a 1/1,000th interest in a share of Non-Cumulative Perpetual Class A Preferred Stock, Series AA",N,N
WFC$C,"Wells Fargo & Company Depositary Shares, each representing a 1/1,000th interest in a share of Non-Cumulative Perpetual Class A Preferred Stock, Series CC",N,N
WFC$D,"Wells Fargo & Company Depositary Shares, each representing a 1/1,000th interest in  a share of Non-Cumulative Perpetual Class A Preferred Stock, Series DD",N,N
WFC$L,"Wells Fargo & Company 7.50% Non-Cumulative Perpetual Convertible Class A Preferred Stock, Series L",N,N
WFC$Y,"Wells Fargo & Company Depositary Shares, each representing a 1/1,000th interest in a share of Non-Cumulative Perpetual Class A Preferred Stock, Series Y",N,N
WFC$Z,"Wells Fargo & Company Depositary Shares, each representing a 1/1,000th interest in a share of Non-Cumulative Perpetual Class A Preferred Stock, Series Z",N,N
WFCF,"Where Food Comes From, Inc. - Common Stock",NASDAQ,N
WFF,WF Holding Limited - Ordinary Shares,NASDAQ,N
WFG,West Fraser Timber Co. Ltd Common stock,N,N
WFRD,Weatherford International plc - Ordinary shares,NASDAQ,N
WGMI,CoinShares Bitcoin Mining ETF,NASDAQ,Y
WGO,"Winnebago Industries, Inc. Common Stock",N,N
WGRX,"Wellgistics Health, Inc. - Common Stock",NASDAQ,N
WGS,GeneDx Holdings Corp. - Class A Common Stock,NASDAQ,N
WGSWW,GeneDx Holdings Corp. - Warrant,NASDAQ,N
WH,"Wyndham Hotels & Resorts, Inc. Common Stock",N,N
WHD,"Cactus, Inc. Class A Common Stock",N,N
WHF,"WhiteHorse Finance, Inc. - Closed End Fund",NASDAQ,N
WHFCL,"WhiteHorse Finance, Inc. - 7.875% Notes due 2028",NASDAQ,N
WHG,Westwood Holdings Group Inc Common Stock,N,N
WHLR,"Wheeler Real Estate Investment Trust, Inc. - Common Stock",NASDAQ,N
WHLRD,"Wheeler Real Estate Investment Trust, Inc. - Series D Cumulative Preferred Stock",NASDAQ,N
WHLRL,"Wheeler Real Estate Investment Trust, Inc. - 7.00% Senior Subordinated Convertible Notes Due 2031",NASDAQ,N
WHLRP,"Wheeler Real Estate Investment Trust, Inc. - Series B Preferred Stock",NASDAQ,N
WHR,Whirlpool Corporation Common Stock,N,N
WHTX,2x Wheat ETF,Z,Y
WHWK,"Whitehawk Therapeutics, Inc. - Common Stock",NASDAQ,N
WIA,Western Asset Inflation-Linked Income Fund,N,N
WILC,"G. Willi-Food International,  Ltd. - Ordinary Shares",NASDAQ,N
WILD,VistaShares Animal Spirits Daily 2X Strategy ETF,P,Y
WIMI,WiMi Hologram Cloud Inc. - Class B Ordinary Shares,NASDAQ,N
WINA,Winmark Corporation - Common Stock,NASDAQ,N
WING,Wingstop Inc. - Common Stock,NASDAQ,N
WINN,Harbor Long-Term Growers ETF,N,Y
WIP,SPDR FTSE International Government Inflation-Protected Bond ETF,P,Y
WISD,Wisdom Short Duration Income ETF,P,Y
WISE,Themes Generative Artificial Intelligence ETF,NASDAQ,Y
WIT,Wipro Limited Common Stock,N,N
WIW,Western Asset Inflation-Linked Opportunities & Income Fund,N,N
WIX,Wix.com Ltd. - Ordinary Shares,NASDAQ,N
WK,Workiva Inc. Class A Common Stock,N,N
WKC,World Kinect Corporation Common Stock,N,N
WKEY,WISeKey International Holding Ltd - American Depositary Shares,NASDAQ,N
WKHS,"Workhorse Group, Inc. - Common Stock",NASDAQ,N
WKSP,"Worksport, Ltd. - Common Stock",NASDAQ,N
WLAC,Willow Lane Acquisition Corp. - Class A Ordinary Shares,NASDAQ,N
WLACU,Willow Lane Acquisition Corp. - Unit,NASDAQ,N
WLACW,Willow Lane Acquisition Corp. - Warrants,NASDAQ,N
WLDN,"Willdan Group, Inc. - Common Stock",NASDAQ,N
WLDR,Affinity World Leaders Equity ETF,Z,Y
WLDS,Wearable Devices Ltd. - Ordinary Share,NASDAQ,N
WLDSW,Wearable Devices Ltd. - Warrant,NASDAQ,N
WLFC,Willis Lease Finance Corporation - Common Stock,NASDAQ,N
WLK,Westlake Corporation Common Stock,N,N
WLKP,Westlake Chemical Partners LP Common Units representing limited partner interests,N,N
WLTG,WealthTrust DBS Long Term Growth ETF,N,Y
WLTH,Wealthfront Corporation - Common Stock,NASDAQ,N
WLY,"John Wiley & Sons, Inc. Common Stock",N,N
WLYB,"John Wiley & Sons, Inc. Common Stock",N,N
WM,"Waste Management, Inc. Common Stock",N,N
WMB,"Williams Companies, Inc. (The) Common Stock",N,N
WMG,Warner Music Group Corp. - Class A Common Stock,NASDAQ,N
WMK,"Weis Markets, Inc. Common Stock",N,N
WMS,"Advanced Drainage Systems, Inc. Common Stock",N,N
WMSB,Weitz Multisector Bond ETF,P,Y
WMT,Walmart Inc. - Common Stock,NASDAQ,N
WMTI,REX WMT Growth & Income ETF,Z,Y
WNC,Wabash National Corporation Common Stock,N,N
WNEB,"Western New England Bancorp, Inc. - Common Stock",NASDAQ,N
WNTR,YieldMax MSTR Short Option Income Strategy ETF,P,Y
WNW,Meiwu Technology Company Limited - Ordinary Shares,NASDAQ,N
WOK,WORK Medical Technology Group LTD - Class A Ordinary Shares,NASDAQ,N
WOLF,"Wolfspeed, Inc. Common Stock New",N,N
WOMN,Impact Shares Women's Empowerment ETF,P,Y
WOOD,iShares Global Timber & Forestry ETF,NASDAQ,Y
WOOF,"Petco Health and Wellness Company, Inc. - Class A Common Stock",NASDAQ,N
WOR,"Worthington Enterprises, Inc. Common Shares",N,N
WORX,SCWorx Corp. - Common Stock,NASDAQ,N
WPAY,Roundhill WeeklyPay Universe ETF,Z,Y
WPC,W. P. Carey Inc. REIT,N,N
WPM,Wheaton Precious Metals Corp Common Shares (Canada),N,N
WPP,WPP plc American Depositary Shares,N,N
WPRT,Westport Fuel Systems Inc - Common Shares,NASDAQ,N
WQTM,WisdomTree Quantum Computing Fund,Z,Y
WRAP,"Wrap Technologies, Inc. - Common Stock",NASDAQ,N
WRB,W.R. Berkley Corporation Common Stock,N,N
WRB$E,W.R. Berkley Corporation 5.70% Subordinated Debentures due 2058,N,N
WRB$F,W.R. Berkley Corporation 5.10% Subordinated Debentures due 2059,N,N
WRB$G,W.R. Berkley Corporation 4.25% Subordinated Debentures due 2060,N,N
WRB$H,W.R. Berkley Corporation 4.125% Subordinated Debentures due 2061,N,N
WRBY,Warby Parker Inc. Class A Common Stock,N,N
WRD,WeRide Inc. - American Depositary Shares,NASDAQ,N
WRLD,World Acceptance Corporation - Common Stock,NASDAQ,N
WRN,Western Copper and Gold Corporation Common Stock,A,N
WRND,NYLI Global Equity R&D Leaders ETF,NASDAQ,Y
WS,"Worthington Steel, Inc. Common Shares",N,N
WSBC,"WesBanco, Inc. - Common Stock",NASDAQ,N
WSBCO,"WesBanco, Inc. - Depositary Shares each representing 1/40th interest in a share of 7.375% Fixed-Rate Reset Non-Cumulative Perpetual Preferred Stock, Series B",NASDAQ,N
WSBF,"Waterstone Financial, Inc. - Common Stock",NASDAQ,N
WSBK,"Winchester Bancorp, Inc. - Common Stock",NASDAQ,N
WSC,WillScot Holdings Corporation - Class A Common Stock,NASDAQ,N
WSFS,WSFS Financial Corporation - Common Stock,NASDAQ,N
WSGE,Warren Street Global Equity ETF,NASDAQ,Y
WSHP,WeShop Holdings Limited - Class A Ordinary Shares,NASDAQ,N
WSM,"Williams-Sonoma, Inc. Common Stock (DE)",N,N
WSML,iShares MSCI World Small-Cap ETF,NASDAQ,Y
WSO,"Watsco, Inc. Common Stock",N,N
WSO.B,"Watsco, Inc. Class B Common Stock",N,N
WSR,Whitestone REIT Common Shares,N,N
WST,"West Pharmaceutical Services, Inc. Common Stock",N,N
WSTN,Westin Acquisition Corp - Class A Ordinary Share,NASDAQ,N
WSTNR,Westin Acquisition Corp - Right,NASDAQ,N
WSTNU,Westin Acquisition Corp - Units,NASDAQ,N
WT,"WisdomTree, Inc. Common Stock",N,N
WTAI,WisdomTree Artificial Intelligence and Innovation Fund,Z,Y
WTBA,West Bancorporation - Common Stock,NASDAQ,N
WTBN,WisdomTree Bianco Total Return Fund,NASDAQ,Y
WTF,Waton Financial Limited - Ordinary Shares,NASDAQ,N
WTFC,Wintrust Financial Corporation - Common Stock,NASDAQ,N
WTFCN,"Wintrust Financial Corporation - Depositary Shares, Each Representing a 1/1,000th Interest in a Share of 7.875% Fixed-Rate Reset Non-Cumulative Perpetual Preferred Stock, Series F, no par value, with a liquidation preference of $25,000 per share",NASDAQ,N
WTG,Wintergreen Acquisition Corp. - Ordinary Shares,NASDAQ,N
WTGUR,Wintergreen Acquisition Corp. - Rights,NASDAQ,N
WTGUU,Wintergreen Acquisition Corp. - Unit,NASDAQ,N
WTI,"W&T Offshore, Inc. Common Stock",N,N
WTIB,USCF Oil Plus Bitcoin Strategy Fund,P,Y
WTID,MicroSectors Energy 3X Inverse Leveraged ETNs,P,Y
WTIP,WisdomTree Inflation Plus Fund,NASDAQ,Y
WTIU,MicroSectors Energy 3X Leveraged ETNs,P,Y
WTM,"White Mountains Insurance Group, Ltd. Common Stock",N,N
WTMF,WisdomTree Managed Futures Strategy Fund,P,Y
WTMU,WisdomTree Core Laddered Municipal Fund,NASDAQ,Y
WTMY,WisdomTree High Income Laddered Municipal Fund,NASDAQ,Y
WTO,UTime Limited - Class A Ordinary Shares,NASDAQ,N
WTPI,WisdomTree Equity Premium Income Fund,P,Y
WTRE,WisdomTree New Economy Real Estate Fund,P,Y
WTRG,"Essential Utilities, Inc. Common Stock",N,N
WTS,"Watts Water Technologies, Inc. Class A Common Stock",N,N
WTTR,"Select Water Solutions, Inc. Class A common stock",N,N
WTV,WisdomTree U.S. Value Fund,P,Y
WTW,Willis Towers Watson Public Limited Company - Ordinary Shares,NASDAQ,N
WU,Western Union Company (The) Common Stock,N,N
WUGI,AXS Esoterica NextG Economy ETF,Z,Y
WULF,TeraWulf Inc. - Common Stock,NASDAQ,N
WULX,Tradr 2X Long WULF Daily ETF,Z,Y
WVE,Wave Life Sciences Ltd. - Ordinary Shares,NASDAQ,N
WVVI,"Willamette Valley Vineyards, Inc. - Common Stock",NASDAQ,N
WVVIP,"Willamette Valley Vineyards, Inc. - Series A Redeemable Preferred Stock",NASDAQ,N
WW,"WW International, Inc.  - Common Stock",NASDAQ,N
WWD,"Woodward, Inc. - Common Stock",NASDAQ,N
WWJD,Inspire International ETF,P,Y
WWR,"Westwater Resources, Inc. Common Stock",A,N
WWW,"Wolverine World Wide, Inc. Common Stock",N,N
WXET,Teucrium 2x Daily Wheat ETF,P,Y
WXM,WF International Limited - Ordinary Shares,NASDAQ,N
WY,Weyerhaeuser Company Common Stock,N,N
WYFI,"WhiteFiber, Inc. - Ordinary Shares",NASDAQ,N
WYHG,Wing Yip Food Holdings Group Limited - American Depositary Shares,NASDAQ,N
WYNN,"Wynn Resorts, Limited - Common Stock",NASDAQ,N
WYY,WidePoint Corporation Common Stock,A,N
WZRD,Opportunistic Trader ETF,Z,Y
XAGG,Eaton Vance Income Opportunities ETF,P,Y
XAIR,"Beyond Air, Inc. - Common Stock",NASDAQ,N
XAIX,Xtrackers Artificial Intelligence and Big Data ETF,NASDAQ,Y
XAPR,FT Vest U.S. Equity Enhance & Moderate Buffer ETF - April,Z,Y
XAR,State Street SPDR S&P Aerospace & Defense ETF,P,Y
XAUG,FT Vest U.S. Equity Enhance & Moderate Buffer ETF - August,Z,Y
XB,BondBloxx B-Rated USD High Yield Corporate Bond ETF,P,Y
XBAP,Innovator U.S. Equity Accelerated 9 Buffer ETF - April,Z,Y
XBB,BondBloxx BB-Rated USD High Yield Corporate Bond ETF,P,Y
XBI,State Street SPDR S&P Biotech ETF,P,Y
XBIL,US Treasury 6 Month Bill ETF,NASDAQ,Y
XBIO,"Xenetic Biosciences, Inc. - Common Stock",NASDAQ,N
XBIT,XBiotech Inc. - Common Stock,NASDAQ,N
XBJA,Innovator U.S. Equity Accelerated 9 Buffer ETF - January,Z,Y
XBJL,Innovator U.S. Equity Accelerated 9 Buffer ETF - July,Z,Y
XBOC,Innovator U.S. Equity Accelerated 9 Buffer ETF - October,Z,Y
XBP,"XBP Global Holdings, Inc. - Common Stock",NASDAQ,N
XBPEW,"XBP Global Holdings, Inc. - Warrant",NASDAQ,N
XBTY,GraniteShares YieldBOOST Bitcoin ETF,NASDAQ,Y
XC,WisdomTree True Emerging Markets Fund,P,Y
XCCC,BondBloxx CCC-Rated USD High Yield Corporate Bond ETF,P,Y
XCEM,Columbia EM Core ex-China ETF,P,Y
XCH,XCHG Limited - ADS,NASDAQ,N
XCHG,AB US Equity ETF,P,Y
XCLR,Global X S&P 500 Collar 95-110 ETF,P,Y
XCNY,SPDR S&P Emerging Markets ex-China ETF,NASDAQ,Y
XCOR,FundX ETF,P,Y
XCUR,"Exicure, Inc. - Common Stock",NASDAQ,N
XDAT,Franklin Exponential Data ETF,Z,Y
XDEC,FT Vest U.S. Equity Enhance & Moderate Buffer ETF - December,Z,Y
XDIV,Roundhill S&P 500 No Dividend Target ETF,Z,Y
XDQQ,Innovator Growth Accelerated ETF - Quarterly,Z,Y
XDSQ,Innovator U.S. Equity Accelerated ETF - Quarterly,Z,Y
XDTE,Roundhill S&P 500 0DTE Covered Call Strategy ETF,Z,Y
XEL,Xcel Energy Inc. - Common Stock,NASDAQ,N
XELB,"Xcel Brands, Inc - Common Stock",NASDAQ,N
XELLL,"Xcel Energy Inc. - 6.25% Junior Subordinated Notes, Series due 2085",NASDAQ,N
XEMD,BondBloxx JP Morgan USD Emerging Markets 1-10 Year Bond ETF,Z,Y
XEML,Xtrackers Europe Market Leaders ETF,Z,Y
XENE,Xenon Pharmaceuticals Inc. - Common Shares,NASDAQ,N
XERS,"Xeris Biopharma Holdings, Inc. - Common Stock",NASDAQ,N
XES,State Street SPDR S&P Oil & Gas Equipment & Services ETF,P,Y
XFEB,FT Vest U.S. Equity Enhance & Moderate Buffer ETF - February,Z,Y
XFIV,BondBloxx Bloomberg Five Year Target Duration US Treasury ETF,P,Y
XFLT,XAI Octagon Floating Rate & Alternative Income Trust Common Shares of Beneficial Interest,N,N
XFLX,FundX Flexible ETF,P,Y
XFOR,"X4 Pharmaceuticals, Inc. - Common Stock",NASDAQ,N
XGN,Exagen Inc. - Common Stock,NASDAQ,N
XHB,State Street SPDR S&P Homebuilders ETF,P,Y
XHE,State Street SPDR S&P Health Care Equipment ETF,P,Y
XHG,XChange TEC.INC - American Depositary Shares,NASDAQ,N
XHLD,"TEN Holdings, Inc. - Common Stock",NASDAQ,N
XHLF,BondBloxx Bloomberg Six Month Target Duration US Treasury ETF,P,Y
XHR,"Xenia Hotels & Resorts, Inc. Common Stock",N,N
XHS,State Street SPDR S&P Health Care Services ETF,P,Y
XHYC,BondBloxx USD High Yield Bond Consumer Cyclicals Sector ETF,P,Y
XHYD,BondBloxx USD High Yield Bond Consumer Non-Cyclicals Sector ETF,P,Y
XHYE,BondBloxx USD High Yield Bond Energy Sector ETF,P,Y
XHYF,BondBloxx USD High Yield Bond Financial & REIT Sector ETF,P,Y
XHYH,BondBloxx USD High Yield Bond Healthcare Sector ETF,P,Y
XHYI,BondBloxx USD High Yield Bond Industrial Sector ETF,P,Y
XHYT,"BondBloxx USD High Yield Bond Telecom, Media & Technology Sector ETF",P,Y
XIDE,FT Vest U.S. Equity Buffer & Premium Income  ETF - December,Z,Y
XIDV,Franklin International Dividend Booster Index ETF,P,Y
XIFR,"XPLR Infrastructure, LP Common Units representing limited partner interests",N,N
XIJN,FT Vest U.S. Equity Buffer & Premium Income ETF - June,Z,Y
XIMR,FT Vest U.S. Equity Buffer & Premium Income ETF - March,Z,Y
XISE,FT Vest U.S. Equity Buffer & Premium Income ETF - September,Z,Y
XITK,State Street SPDR FactSet Innovative Technology ETF,P,Y
XJAN,FT Vest U.S. Equity Enhance & Moderate Buffer ETF - January,Z,Y
XJH,iShares ESG Select Screened S&P Mid-Cap ETF,Z,Y
XJR,iShares ESG Select Screened S&P Small-Cap ETF,Z,Y
XJUL,FT Vest U.S. Equity Enhance & Moderate Buffer ETF - July,Z,Y
XJUN,FT Vest U.S. Equity Enhance & Moderate Buffer ETF - June,Z,Y
XLB,State Street Materials Select Sector SPDR ETF,P,Y
XLBI,State Street Materials Select Sector SPDR Premium Income ETF,P,Y
XLC,State Street Communication Services Select Sector SPDR ETF,P,Y
XLCI,State Street Communication Services Select Sector SPDR Premium Income ETF,P,Y
XLE,State Street Energy Select Sector SPDR ETF,P,Y
XLEI,State Street Energy Select Sector SPDR Premium Income ETF,P,Y
XLF,State Street Financial Select Sector SPDR ETF,P,Y
XLFI,State Street Financial Select Sector SPDR Premium Income ETF,P,Y
XLG,Invesco S&P 500 Top 50 ETF,P,Y
XLI,State Street Industrial Select Sector SPDR ETF,P,Y
XLII,State Street Industrial Select Sector SPDR Premium Income ETF,P,Y
XLK,State Street Technology Select Sector SPDR ETF,P,Y
XLKI,State Street Technology Select Sector SPDR Premium Income ETF,P,Y
XLO,"Xilio Therapeutics, Inc. - Common Stock",NASDAQ,N
XLP,State Street Consumer Staples Select Sector SPDR ETF,P,Y
XLRE,State Street Real Estate Select Sector SPDR ETF,P,Y
XLRI,State Street Real Estate Select Sector SPDR Premium Income ETF,P,Y
XLSI,State Street Consumer Staples Select Sector SPDR Premium Income ETF,P,Y
XLSR,State Street US Sector Rotation ETF,P,Y
XLU,State Street Utilities Select Sector SPDR ETF,P,Y
XLUI,State Street Utilities Select Sector SPDR Premium Income ETF,P,Y
XLV,State Street Health Care Select Sector SPDR ETF,P,Y
XLVI,State Street Health Care Select Sector SPDR Premium Income ETF,P,Y
XLY,State Street Consumer Discretionary Select Sector SPDR ETF,P,Y
XLYI,State Street Consumer Discretionary Select Sector SPDR Premium Income ETF,P,Y
XMAG,Defiance Large Cap ex-Mag 7 ETF,NASDAQ,Y
XMAR,FT Vest U.S. Equity Enhance & Moderate Buffer ETF - March,Z,Y
XMAY,FT Vest U.S. Equity Enhance & Moderate Buffer ETF - May,Z,Y
XME,State Street SPDR S&P Metals & Mining ETF,P,Y
XMHQ,Invesco S&P MidCap Quality ETF,P,Y
XMLV,Invesco S&P MidCap Low Volatility ETF,P,Y
XMMO,Invesco S&P MidCap Momentum ETF,P,Y
XMPT,VanEck CEF Muni Income ETF,Z,Y
XMTR,"Xometry, Inc. - Class A Common Stock",NASDAQ,N
XMVM,Invesco S&P MidCap Value with Momentum ETF,P,Y
XNAV,FundX Aggressive ETF,P,Y
XNCR,"Xencor, Inc. - Common Stock",NASDAQ,N
XNET,Xunlei Limited - American Depositary Shares,NASDAQ,N
XNOV,FT Vest U.S. Equity Enhance & Moderate Buffer ETF - November,Z,Y
XNTK,State Street SPDR NYSE Technology ETF,P,Y
XOCT,FT Vest U.S. Equity Enhance & Moderate Buffer ETF - October,Z,Y
XOEF,iShares S&P 500 ex S&P 100 ETF,P,Y
XOEX,Xtrackers S&P 100 Ex Top 20 ETF,Z,Y
XOM,Exxon Mobil Corporation Common Stock,N,N
XOMA,XOMA Royalty Corporation - Common Stock,NASDAQ,N
XOMAO,XOMA Royalty Corporation - Depositary Shares Rep Series B 8.375% Cumulative Preferred Stock,NASDAQ,N
XOMAP,XOMA Royalty Corporation - 8.625% Series A Cumulative Perpetual Preferred Stock,NASDAQ,N
XOMO,YieldMax XOM Option Income Strategy ETF,P,Y
XOMX,Direxion Daily XOM Bull 2X Shares,NASDAQ,Y
XOMZ,Direxion Daily XOM Bear 1X Shares,NASDAQ,Y
XONE,BondBloxx Bloomberg One Year Target Duration US Treasury ETF,P,Y
XOP,State Street SPDR S&P Oil & Gas Exploration & Production ETF,P,Y
XOS,"Xos, Inc. - Common Stock",NASDAQ,N
XOSWW,"Xos, Inc. - Warrants",NASDAQ,N
XOVR,ERShares Private-Public Crossover ETF,NASDAQ,Y
XP,XP Inc. - Class A Common Stock,NASDAQ,N
XPAY,Roundhill S&P 500 Target 20 Managed Distribution ETF,P,Y
XPEL,"XPEL, Inc. - Common Stock",NASDAQ,N
XPER,Xperi Inc. Common Stock,N,N
XPEV,"XPeng Inc. American depositary shares, each representing two Class A ordinary shares",N,N
XPH,State Street SPDR S&P Pharmaceuticals ETF,P,Y
XPL,Solitario Resources Corp. Common Stock,A,N
XPND,First Trust Expanded Technology ETF,P,Y
XPO,"XPO, Inc. Common Stock",N,N
XPOF,"Xponential Fitness, Inc. Class A Common Stock",N,N
XPON,Expion360 Inc. - Common Stock,NASDAQ,N
XPP,ProShares Ultra FTSE China 50,P,Y
XPRO,Expro Group Holdings N.V. Common Stock,N,N
XRAY,DENTSPLY SIRONA Inc. - Common Stock,NASDAQ,N
XRLV,Invesco S&P 500 ex-Rate Sensitive Low Volatility ETF,P,Y
XRLX,FundX Conservative ETF,P,Y
XRMI,Global X S&P 500 Risk Managed Income ETF,P,Y
XRP,Bitwise XRP ETF,P,Y
XRPC,Canary XRP ETF,NASDAQ,Y
XRPI,Volatility Shares Trust XRP ETF,NASDAQ,Y
XRPK,T-REX 2X Long XRP Daily Target ETF,Z,Y
XRPM,Amplify XRP 3% Monthly Premium Income ETF,Z,Y
XRPN,Armada Acquisition Corp. II - Class A Ordinary Shares,NASDAQ,N
XRPNU,Armada Acquisition Corp. II - Units,NASDAQ,N
XRPNW,Armada Acquisition Corp. II - Warrant,NASDAQ,N
XRPR,REX-Osprey XRP ETF,Z,Y
XRPT,Volatility Shares Trust XRP 2X ETF,NASDAQ,Y
XRPZ,Franklin XRP ETF,P,Y
XRT,State Street SPDR S&P Retail ETF,P,Y
XRTX,XORTX Therapeutics Inc. - Common Stock,NASDAQ,N
XRX,Xerox Holdings Corporation - Common Stock,NASDAQ,N
XSD,State Street SPDR S&P Semiconductor ETF,P,Y
XSEP,FT Vest U.S. Equity Enhance & Moderate Buffer ETF - September,Z,Y
XSHD,Invesco S&P SmallCap High Dividend Low Volatility ETF,Z,Y
XSHQ,Invesco S&P SmallCap Quality ETF,Z,Y
XSLV,Invesco S&P SmallCap Low Volatility ETF,P,Y
XSMO,Invesco S&P SmallCap Momentum ETF,P,Y
XSOE,WisdomTree Emerging Markets Ex-State Owned Enterprises Fund,P,Y
XSVM,Invesco S&P SmallCap Value with Momentum ETF,P,Y
XSVN,BondBloxx Bloomberg Seven Year Target Duration US Treasury ETF,P,Y
XSW,State Street SPDR S&P Software & Services ETF,P,Y
XT,iShares Future Exponential Technologies ETF,NASDAQ,Y
XTAP,Innovator U.S. Equity Accelerated Plus ETF - April,Z,Y
XTEN,BondBloxx Bloomberg Ten Year Target Duration US Treasury ETF,P,Y
XTIA,"XTI Aerospace, Inc. Common Stock  - Common Stock",NASDAQ,N
XTJA,Innovator U.S. Equity Accelerated Plus ETF - January,Z,Y
XTJL,Innovator U.S. Equity Accelerated Plus ETF - July,Z,Y
XTKG,"X3 Holdings Co., Ltd. - Ordinary Shares",NASDAQ,N
XTL,State Street SPDR S&P Telecom ETF,P,Y
XTLB,XTL Biopharmaceuticals Ltd. - American Depositary Shares,NASDAQ,N
XTN,State Street SPDR S&P Transportation ETF,P,Y
XTNT,"Xtant Medical Holdings, Inc. Common Stock",A,N
XTOC,Innovator U.S. Equity Accelerated Plus ETF - October,Z,Y
XTR,Global X S&P 500 Tail Risk ETF,P,Y
XTRE,BondBloxx Bloomberg Three Year Target Duration US Treasury ETF,P,Y
XTWO,BondBloxx Bloomberg Two Year Target Duration US Treasury ETF,P,Y
XTWY,BondBloxx Bloomberg Twenty Year Target Duration US Treasury ETF,P,Y
XUDV,Franklin U.S. Dividend Booster Index ETF,P,Y
XUSP,Innovator Uncapped Accelerated U.S. Equity ETF,Z,Y
XV,Simplify Target 15 Distribution ETF,P,Y
XVOL,Acruence Active Hedge U.S. Equity ETF,Z,Y
XVV,iShares ESG Select Screened S&P 500 ETF,Z,Y
XWEL,"XWELL, Inc. - Common Stock",NASDAQ,N
XWIN,"XMAX, Inc. - Common Stock",NASDAQ,N
XXI,"Twenty One Capital, Inc. Class A Common Stock",N,N
XXII,"22nd Century Group, Inc - Common Stock",NASDAQ,N
XXRP,Teucrium 2x Long Daily XRP ETF,P,Y
XXV,Simplify Ancorato Target 25 Distribution ETF,P,Y
XYF,"X Financial American Depositary Shares, each representing six Class A Ordinary Shares",N,N
XYL,Xylem Inc. Common Stock New,N,N
XYLD,Global X S&P 500 Covered Call ETF,P,Y
XYLG,Global X S&P 500 Covered Call & Growth ETF,P,Y
XYZ,"Block, Inc. Class A Common Stock,",N,N
XYZG,Leverage Shares 2X Long XYZ Daily ETF,NASDAQ,Y
XYZY,YieldMax XYZ Option Income Strategy ETF,P,Y
XZO,"Exzeo Group, Inc. Common Stock",N,N
YAAS,Youxin Technology Ltd - Class A Ordinary shares,NASDAQ,N
YALA,"Yalla Group Limited American Depositary Shares, each representing one Class A Ordinary Share",N,N
YALL,God Bless America ETF,P,Y
YANG,Direxion Daily FTSE China Bear 3X Shares,P,Y
YB,Yuanbao Inc. - American Depositary Shares,NASDAQ,N
YBIT,YieldMax Bitcoin Option Income Strategy ETF,P,Y
YBMN,Defiance BMNR Option Income ETF,NASDAQ,Y
YBST,GraniteShares YieldBoost Single Stock Universe ETF,NASDAQ,Y
YBTC,Roundhill Bitcoin Covered Call Strategy ETF,Z,Y
YBTY,GraniteShares YieldBoost TopYielders ETF,NASDAQ,Y
YCBD,"cbdMD, Inc. Common Stock",A,N
YCL,ProShares Ultra Yen,P,Y
YCS,ProShares UltraShort Yen New,P,Y
YCY,AA Mission Acquisition Corp. II Class A Ordinary Shares,N,N
YCY.U,"AA Mission Acquisition Corp. II Units, each consisting of one Class A ordinary share and one-half of one warrant",N,N
YCY.W,"AA Mission Acquisition Corp. II Warrants, each whole warrant entitles to purchase one Class A ordinary share at a price of $11.50 per share",N,N
YDDL,One and One Green Technologies. INC - Class A Ordinary Shares,NASDAQ,N
YDEC,FT Vest International Equity Moderate Buffer ETF - December,Z,Y
YDES,YD Bio Limited - Ordinary Shares,NASDAQ,N
YDESW,YD Bio Limited - Warrants,NASDAQ,N
YDKG,Yueda Digital Holding - Class A Ordinary Share,NASDAQ,N
YEAR,AB Ultra Short Income ETF,P,Y
YELP,Yelp Inc. Common Stock,N,N
YETH,Roundhill Ether Covered Call Strategy ETF,Z,Y
YETI,"YETI Holdings, Inc. Common Stock",N,N
YEXT,"Yext, Inc. Common Stock",N,N
YFFI,Indexperts Yield Focused Fixed Income ETF,P,Y
YFYA,Yields for You Income Strategy A ETF,P,Y
YGLD,Simplify Gold Strategy PLUS Income ETF,P,Y
YHC,LQR House Inc. - Common Stock,NASDAQ,N
YHGJ,Yunhong Green CTI Ltd. - Common Stock,NASDAQ,N
YHNA,YHN Acquisition I Limited - Ordinary Shares,NASDAQ,N
YHNAR,YHN Acquisition I Limited - Right,NASDAQ,N
YHNAU,YHN Acquisition I Limited - Unit,NASDAQ,N
YI,"111, Inc. - American Depositary Shares",NASDAQ,N
YIBO,Planet Image International Limited - Class A Ordinary Shares,NASDAQ,N
YINN,Direxion Daily FTSE China Bull 3X Shares,P,Y
YJ,Yunji Inc. - American Depository Shares,NASDAQ,N
YJUN,FT Vest International Equity Moderate Buffer ETF - June,Z,Y
YLD,Principal Active High Yield ETF,P,Y
YLDE,Franklin ClearBridge Enhanced Income ETF,NASDAQ,Y
YLDW,Westwood Enhanced Income Opportunity ETF,P,Y
YMAG,YieldMax Magnificent 7 Fund of Option Income ETFs,P,Y
YMAR,FT Vest International Equity Moderate Buffer ETF - March,Z,Y
YMAT,"J-Star Holding Co., Ltd. - Class A Ordinary Shares",NASDAQ,N
YMAX,YieldMax Universe Fund of Option Income ETFs,P,Y
YMM,Full Truck Alliance Co. Ltd. American Depositary Shares (each representing 20 Class A Ordinary Shares),N,N
YMT,Yimutian Inc. - American Depositary Shares; each representing 25 Class A ordinary shares,NASDAQ,N
YNOT,Horizon Digital Frontier ETF,NASDAQ,Y
YOKE,YOKE Core ETF,NASDAQ,Y
YOLO,AdvisorShares Pure Cannabis ETF,P,Y
YORW,The York Water Company - Common Stock,NASDAQ,N
YOU,"Clear Secure, Inc. Class A Common Stock",N,N
YOUL,Youlife Group Inc. - American Depositary Shares,NASDAQ,N
YPF,YPF Sociedad Anonima Common Stock,N,N
YQ,17 Education & Technology Group Inc. - American Depositary Shares,NASDAQ,N
YQQQ,YieldMax Short N100 Option Income Strategy ETF,NASDAQ,Y
YRD,"Yiren Digital Ltd. American Depositary Shares, each representing two ordinary shares",N,N
YSEP,FT Vest International Equity Buffer ETF - September,Z,Y
YSG,"Yatsen Holding Limited American Depositary Shares, each representing twenty (20) Class A Ordinary Shares",N,N
YSPY,GraniteShares YieldBOOST SPY ETF,NASDAQ,Y
YSXT,"YSX Tech. Co., Ltd  - Class A Ordinary Shares",NASDAQ,N
YTRA,"Yatra Online, Inc. - Ordinary Shares",NASDAQ,N
YUM,"Yum! Brands, Inc.",N,N
YUMC,"Yum China Holdings, Inc. Common Stock",N,N
YXI,ProShares Short FTSE China 50,P,Y
YXT,YXT.COM GROUP HOLDING LIMITED - American Depository Shares,NASDAQ,N
YYAI,AiRWA Inc. - Common Stock,NASDAQ,N
YYGH,YY Group Holding Limited - Class A Ordinary Shares,NASDAQ,N
YYY,Amplify CEF High Income ETF,P,Y
Z,"Zillow Group, Inc. - Class C Capital Stock",NASDAQ,N
ZALT,Innovator U.S. Equity 10 Buffer ETF - Quarterly,Z,Y
ZAP,Global X U.S. Electrification ETF,NASDAQ,Y
ZAPR,Innovator Equity Defined Protection ETF - 1 Yr April,Z,Y
ZAUG,Innovator Equity Defined Protection ETF - 1 Yr August,Z,Y
ZBAI,ATIF Holdings Limited - Ordinary Shares,NASDAQ,N
ZBAO,Zhibao Technology Inc. - Class A Ordinary Shares,NASDAQ,N
ZBH,"Zimmer Biomet Holdings, Inc. Common Stock",N,N
ZBIO,"Zenas BioPharma, Inc. - Common Stock",NASDAQ,N
ZBRA,Zebra Technologies Corporation - Class A Common Stock,NASDAQ,N
ZCBA,Global X Zero Coupon Bond 2030 ETF,P,Y
ZCBB,Global X Zero Coupon Bond 2031 ETF,P,Y
ZCBC,Global X Zero Coupon Bond 2032 ETF,P,Y
ZCBE,Global X Zero Coupon Bond 2033 ETF,P,Y
ZCBF,Global X Zero Coupon Bond 2034 ETF,P,Y
ZCBG,Global X Zero Coupon Bond 2035 ETF,P,Y
ZCMD,Zhongchao Inc. - Class A Ordinary Shares,NASDAQ,N
ZD,"Ziff Davis, Inc. - Common Stock",NASDAQ,N
ZDAI,"DirectBooking Technology Co., Ltd. - Ordinary Shares",NASDAQ,N
ZDEK,Innovator Equity Defined Protection ETF - 1 Yr December,Z,Y
ZDGE,"Zedge, Inc. Class B Common Stock",A,N
ZECP,Zacks Earnings Consistent Portfolio ETF,Z,Y
ZENA,"ZenaTech, Inc. - Common Stock",NASDAQ,N
ZENV,Zenvia Inc. - Class A Common Stock,NASDAQ,N
ZEO,Zeo Energy Corporation - Class A Common Stock,NASDAQ,N
ZEOWW,Zeo Energy Corporation - Warrants,NASDAQ,N
ZEPP,"Zepp Health Corporation American depositary shares, each representing sixteen Class A ordinary shares",N,N
ZETA,Zeta Global Holdings Corp. Class A Common Stock,N,N
ZEUS,"Olympic Steel, Inc. - Common Stock",NASDAQ,N
ZFEB,Innovator Equity Defined Protection ETF - 1 Yr February,Z,Y
ZG,"Zillow Group, Inc. - Class A Common Stock",NASDAQ,N
ZGM,Zenta Group Company Limited - Ordinary Shares,NASDAQ,N
ZGN,Ermenegildo Zegna N.V. Ordinary Shares,N,N
ZH,"Zhihu Inc. American Depositary Shares, each representing three (3) Class A Ordinary Shares",N,N
ZHDG,ZEGA Buy and Hedge ETF,P,Y
ZHOG,F/m Opportunistic Income ETF,NASDAQ,Y
ZIG,The Acquirers Fund,P,Y
ZIM,ZIM Integrated Shipping Services Ltd. Ordinary Shares,N,N
ZION,Zions Bancorporation N.A. - Common Stock,NASDAQ,N
ZIONP,Zions Bancorporation N.A. - Depositary Shares each representing a 1/40th ownership interest in a share of Series A Floating-Rate Non-Cumulative Perpetual Preferred Stock,NASDAQ,N
ZIP,"ZipRecruiter, Inc. Class A Common Stock",N,N
ZJAN,Innovator Equity Defined Protection ETF - 1 Yr January,Z,Y
ZJK,"ZJK Industrial Co., Ltd. - Ordinary Shares",NASDAQ,N
ZJUL,Innovator Equity Defined Protection ETF - 1 Yr July,Z,Y
ZJUN,Innovator Equity Defined Protection ETF - 1 Yr June,Z,Y
ZJYL,JIN MEDICAL INTERNATIONAL LTD. - Ordinary Shares,NASDAQ,N
ZKH,"ZKH Group Limited American Depositary Shares, each representing thirty-five (35) Class A Ordinary Shares",N,N
ZKIN,"ZK International Group Co., Ltd - Ordinary Share",NASDAQ,N
ZKPU,Lafayette Digital Acquisition Corp. I - Unit,NASDAQ,N
ZLAB,Zai Lab Limited - American Depositary Shares,NASDAQ,N
ZM,"Zoom Communications, Inc. - Class A Common Stock",NASDAQ,N
ZMAR,Innovator Equity Defined Protection ETF - 1 Yr March,Z,Y
ZMAY,Innovator Equity Defined Protection ETF - 1 Yr May,Z,Y
ZMUN,F/m Ultrashort Tax-Free Municipal ETF,NASDAQ,Y
ZNB,Zeta Network Group - Class A Ordinary Shares,NASDAQ,N
ZNOV,Innovator Equity Defined Protection ETF - 1 Yr November,Z,Y
ZNTL,"Zentalis Pharmaceuticals, Inc. - common stock",NASDAQ,N
ZOCT,Innovator Equity Defined Protection ETF - 1 Yr October,Z,Y
ZONE,CleanCore Solutions Inc. Class B Common Stock,A,N
ZOOZ,ZOOZ Strategy Ltd. - Ordinary Shares,NASDAQ,N
ZOOZW,ZOOZ Strategy Ltd. - Warrant,NASDAQ,N
ZROZ,PIMCO 25  Year Zero Coupon U.S. Treasury Index Exchange-Traded Fund,P,Y
ZS,"Zscaler, Inc. - Common Stock",NASDAQ,N
ZSB,USCF Sustainable Battery Metals Strategy Fund,P,Y
ZSC,USCF Sustainable Commodity Strategy Fund,P,Y
ZSEP,Innovator Equity Defined Protection ETF - 1 Yr September,Z,Y
ZSL,ProShares UltraShort Silver,P,Y
ZSPC,"zSpace, Inc. - Common stock",NASDAQ,N
ZTAX,X-Square Municipal Income ETF,P,Y
ZTEK,Zentek Ltd. - common stock,NASDAQ,N
ZTEN,F/m 10-Year Investment Grade Corporate Bond ETF,NASDAQ,Y
ZTO,"ZTO Express (Cayman) Inc. American Depositary Shares, each representing one Class A ordinary share.",N,N
ZTOP,F/m High Yield 100 ETF,NASDAQ,Y
ZTR,Virtus Total Return Fund Inc.,N,N
ZTRE,F/m 3-Year Investment Grade Corporate Bond ETF,NASDAQ,Y
ZTS,Zoetis Inc. Class A Common Stock,N,N
ZTWO,F/m 2-Year Investment Grade Corporate Bond ETF,NASDAQ,Y
ZUMZ,Zumiez Inc. - Common Stock,NASDAQ,N
ZURA,Zura Bio Limited - Class A Ordinary shares,NASDAQ,N
ZVIA,Zevia PBC Class A Common Stock,N,N
ZVOL,Volatility Premium Plus ETF,Z,Y
ZVRA,"Zevra Therapeutics, Inc.  - Common Stock",NASDAQ,N
ZWS,Zurn Elkay Water Solutions Corporation Common Stock,N,N
ZYBT,Zhengye Biotechnology Holding Limited - Ordinary Shares,NASDAQ,N
ZYME,Zymeworks Inc. - Common Stock,NASDAQ,N
nan,Nano Labs Ltd - Class A Ordinary Shares,NASDAQ,N
